图片路径,子图,子图类型,子图数量
/Users/lingzhou/Resource/DataResource/ALD-E-ImageMiner-main/icdar2026-competition-data/train/atomic-layer-deposition/experimental-usecase/59/images/fig_1.jpg,a,apparatus diagram,2
/Users/lingzhou/Resource/DataResource/ALD-E-ImageMiner-main/icdar2026-competition-data/train/atomic-layer-deposition/experimental-usecase/59/images/fig_1.jpg,b,timeline chart,2
/Users/lingzhou/Resource/DataResource/ALD-E-ImageMiner-main/icdar2026-competition-data/train/atomic-layer-deposition/experimental-usecase/59/images/fig_7.jpg,a,multiple line chart,1
/Users/lingzhou/Resource/DataResource/ALD-E-ImageMiner-main/icdar2026-competition-data/train/atomic-layer-deposition/experimental-usecase/59/images/fig_6.jpg,a,scatter plot,1
/Users/lingzhou/Resource/DataResource/ALD-E-ImageMiner-main/icdar2026-competition-data/train/atomic-layer-deposition/experimental-usecase/59/images/fig_9.jpg,a,line chart,1
/Users/lingzhou/Resource/DataResource/ALD-E-ImageMiner-main/icdar2026-competition-data/train/atomic-layer-deposition/experimental-usecase/59/images/fig_5.jpg,a,spectra chart,2
/Users/lingzhou/Resource/DataResource/ALD-E-ImageMiner-main/icdar2026-competition-data/train/atomic-layer-deposition/experimental-usecase/59/images/fig_5.jpg,b,spectra chart,2
/Users/lingzhou/Resource/DataResource/ALD-E-ImageMiner-main/icdar2026-competition-data/train/atomic-layer-deposition/experimental-usecase/59/images/fig_4.jpg,a,scatter plot,3
/Users/lingzhou/Resource/DataResource/ALD-E-ImageMiner-main/icdar2026-competition-data/train/atomic-layer-deposition/experimental-usecase/59/images/fig_4.jpg,b,scatter plot,3
/Users/lingzhou/Resource/DataResource/ALD-E-ImageMiner-main/icdar2026-competition-data/train/atomic-layer-deposition/experimental-usecase/59/images/fig_4.jpg,c,scatter plot,3
/Users/lingzhou/Resource/DataResource/ALD-E-ImageMiner-main/icdar2026-competition-data/train/atomic-layer-deposition/experimental-usecase/59/images/fig_8.jpg,a,stacked spectra chart,2
/Users/lingzhou/Resource/DataResource/ALD-E-ImageMiner-main/icdar2026-competition-data/train/atomic-layer-deposition/experimental-usecase/59/images/fig_8.jpg,b,multiple scatter plot,2
/Users/lingzhou/Resource/DataResource/ALD-E-ImageMiner-main/icdar2026-competition-data/train/atomic-layer-deposition/experimental-usecase/59/images/fig_3.jpg,a,multiple line chart,1
/Users/lingzhou/Resource/DataResource/ALD-E-ImageMiner-main/icdar2026-competition-data/train/atomic-layer-deposition/experimental-usecase/59/images/fig_2.jpg,a,multiple line chart,2
/Users/lingzhou/Resource/DataResource/ALD-E-ImageMiner-main/icdar2026-competition-data/train/atomic-layer-deposition/experimental-usecase/59/images/fig_2.jpg,b,multiple line chart,2
/Users/lingzhou/Resource/DataResource/ALD-E-ImageMiner-main/icdar2026-competition-data/train/atomic-layer-deposition/experimental-usecase/66/images/0f17ce2d6089bb35707b890f75e18e79f6625a556ecf2ad207b3d1cf06f22559.jpg,a,reaction scheme,3
/Users/lingzhou/Resource/DataResource/ALD-E-ImageMiner-main/icdar2026-competition-data/train/atomic-layer-deposition/experimental-usecase/66/images/0f17ce2d6089bb35707b890f75e18e79f6625a556ecf2ad207b3d1cf06f22559.jpg,b,bar chart,3
/Users/lingzhou/Resource/DataResource/ALD-E-ImageMiner-main/icdar2026-competition-data/train/atomic-layer-deposition/experimental-usecase/66/images/0f17ce2d6089bb35707b890f75e18e79f6625a556ecf2ad207b3d1cf06f22559.jpg,c,bar chart,3
/Users/lingzhou/Resource/DataResource/ALD-E-ImageMiner-main/icdar2026-competition-data/train/atomic-layer-deposition/experimental-usecase/66/images/figure_3.jpg,a,contour heatmap,2
/Users/lingzhou/Resource/DataResource/ALD-E-ImageMiner-main/icdar2026-competition-data/train/atomic-layer-deposition/experimental-usecase/66/images/figure_3.jpg,b,contour heatmap,2
/Users/lingzhou/Resource/DataResource/ALD-E-ImageMiner-main/icdar2026-competition-data/train/atomic-layer-deposition/experimental-usecase/66/images/figure_2.jpg,a,contour heatmap,2
/Users/lingzhou/Resource/DataResource/ALD-E-ImageMiner-main/icdar2026-competition-data/train/atomic-layer-deposition/experimental-usecase/66/images/figure_2.jpg,b,contour heatmap,2
/Users/lingzhou/Resource/DataResource/ALD-E-ImageMiner-main/icdar2026-competition-data/train/atomic-layer-deposition/experimental-usecase/66/images/figure_5.jpg,a,bar chart,5
/Users/lingzhou/Resource/DataResource/ALD-E-ImageMiner-main/icdar2026-competition-data/train/atomic-layer-deposition/experimental-usecase/66/images/figure_5.jpg,b,bar chart,5
/Users/lingzhou/Resource/DataResource/ALD-E-ImageMiner-main/icdar2026-competition-data/train/atomic-layer-deposition/experimental-usecase/66/images/figure_5.jpg,c,bar chart,5
/Users/lingzhou/Resource/DataResource/ALD-E-ImageMiner-main/icdar2026-competition-data/train/atomic-layer-deposition/experimental-usecase/66/images/figure_5.jpg,d,bar chart,5
/Users/lingzhou/Resource/DataResource/ALD-E-ImageMiner-main/icdar2026-competition-data/train/atomic-layer-deposition/experimental-usecase/66/images/figure_5.jpg,e,bar chart,5
/Users/lingzhou/Resource/DataResource/ALD-E-ImageMiner-main/icdar2026-competition-data/train/atomic-layer-deposition/experimental-usecase/66/images/figure_8.jpg,a,multiple scatter plot,3
/Users/lingzhou/Resource/DataResource/ALD-E-ImageMiner-main/icdar2026-competition-data/train/atomic-layer-deposition/experimental-usecase/66/images/figure_8.jpg,b,scatter plot,3
/Users/lingzhou/Resource/DataResource/ALD-E-ImageMiner-main/icdar2026-competition-data/train/atomic-layer-deposition/experimental-usecase/66/images/figure_8.jpg,c,scatter plot,3
/Users/lingzhou/Resource/DataResource/ALD-E-ImageMiner-main/icdar2026-competition-data/train/atomic-layer-deposition/experimental-usecase/66/images/figure_4.jpg,a,multiple line chart,5
/Users/lingzhou/Resource/DataResource/ALD-E-ImageMiner-main/icdar2026-competition-data/train/atomic-layer-deposition/experimental-usecase/66/images/figure_4.jpg,b,multiple line chart,5
/Users/lingzhou/Resource/DataResource/ALD-E-ImageMiner-main/icdar2026-competition-data/train/atomic-layer-deposition/experimental-usecase/66/images/figure_4.jpg,c,multiple line chart,5
/Users/lingzhou/Resource/DataResource/ALD-E-ImageMiner-main/icdar2026-competition-data/train/atomic-layer-deposition/experimental-usecase/66/images/figure_4.jpg,d,multiple line chart,5
/Users/lingzhou/Resource/DataResource/ALD-E-ImageMiner-main/icdar2026-competition-data/train/atomic-layer-deposition/experimental-usecase/66/images/figure_4.jpg,e,multiple line chart,5
/Users/lingzhou/Resource/DataResource/ALD-E-ImageMiner-main/icdar2026-competition-data/train/atomic-layer-deposition/experimental-usecase/66/images/figure_7.jpg,a,line chart,3
/Users/lingzhou/Resource/DataResource/ALD-E-ImageMiner-main/icdar2026-competition-data/train/atomic-layer-deposition/experimental-usecase/66/images/figure_7.jpg,b,line chart,3
/Users/lingzhou/Resource/DataResource/ALD-E-ImageMiner-main/icdar2026-competition-data/train/atomic-layer-deposition/experimental-usecase/66/images/figure_7.jpg,c,scatter plot,3
/Users/lingzhou/Resource/DataResource/ALD-E-ImageMiner-main/icdar2026-competition-data/train/atomic-layer-deposition/experimental-usecase/66/images/figure_6.jpg,a,bar chart,5
/Users/lingzhou/Resource/DataResource/ALD-E-ImageMiner-main/icdar2026-competition-data/train/atomic-layer-deposition/experimental-usecase/66/images/figure_6.jpg,b,bar chart,5
/Users/lingzhou/Resource/DataResource/ALD-E-ImageMiner-main/icdar2026-competition-data/train/atomic-layer-deposition/experimental-usecase/66/images/figure_6.jpg,c,bar chart,5
/Users/lingzhou/Resource/DataResource/ALD-E-ImageMiner-main/icdar2026-competition-data/train/atomic-layer-deposition/experimental-usecase/66/images/figure_6.jpg,d,bar chart,5
/Users/lingzhou/Resource/DataResource/ALD-E-ImageMiner-main/icdar2026-competition-data/train/atomic-layer-deposition/experimental-usecase/66/images/figure_6.jpg,e,bar chart,5
/Users/lingzhou/Resource/DataResource/ALD-E-ImageMiner-main/icdar2026-competition-data/train/atomic-layer-deposition/experimental-usecase/66/images/figure_1.jpg,a,stacked spectra chart,1
/Users/lingzhou/Resource/DataResource/ALD-E-ImageMiner-main/icdar2026-competition-data/train/atomic-layer-deposition/experimental-usecase/50/images/fig_1.jpg,a,reaction scheme,1
/Users/lingzhou/Resource/DataResource/ALD-E-ImageMiner-main/icdar2026-competition-data/train/atomic-layer-deposition/experimental-usecase/50/images/fig_7.jpg,a,scatter plot,2
/Users/lingzhou/Resource/DataResource/ALD-E-ImageMiner-main/icdar2026-competition-data/train/atomic-layer-deposition/experimental-usecase/50/images/fig_7.jpg,b,multi-axis chart,2
/Users/lingzhou/Resource/DataResource/ALD-E-ImageMiner-main/icdar2026-competition-data/train/atomic-layer-deposition/experimental-usecase/50/images/fig_10.jpg,a,multiple line chart,2
/Users/lingzhou/Resource/DataResource/ALD-E-ImageMiner-main/icdar2026-competition-data/train/atomic-layer-deposition/experimental-usecase/50/images/fig_10.jpg,b,table,2
/Users/lingzhou/Resource/DataResource/ALD-E-ImageMiner-main/icdar2026-competition-data/train/atomic-layer-deposition/experimental-usecase/50/images/fig_11.jpg,a,scatter plot,1
/Users/lingzhou/Resource/DataResource/ALD-E-ImageMiner-main/icdar2026-competition-data/train/atomic-layer-deposition/experimental-usecase/50/images/fig_6.jpg,a,stacked spectra chart,2
/Users/lingzhou/Resource/DataResource/ALD-E-ImageMiner-main/icdar2026-competition-data/train/atomic-layer-deposition/experimental-usecase/50/images/fig_6.jpg,b,spectra chart,2
/Users/lingzhou/Resource/DataResource/ALD-E-ImageMiner-main/icdar2026-competition-data/train/atomic-layer-deposition/experimental-usecase/50/images/fig_9.jpg,a,multiple line chart,1
/Users/lingzhou/Resource/DataResource/ALD-E-ImageMiner-main/icdar2026-competition-data/train/atomic-layer-deposition/experimental-usecase/50/images/fig4.jpg,a,multiple scatter plot,4
/Users/lingzhou/Resource/DataResource/ALD-E-ImageMiner-main/icdar2026-competition-data/train/atomic-layer-deposition/experimental-usecase/50/images/fig4.jpg,b,multiple scatter plot,4
/Users/lingzhou/Resource/DataResource/ALD-E-ImageMiner-main/icdar2026-competition-data/train/atomic-layer-deposition/experimental-usecase/50/images/fig4.jpg,c,multiple scatter plot,4
/Users/lingzhou/Resource/DataResource/ALD-E-ImageMiner-main/icdar2026-competition-data/train/atomic-layer-deposition/experimental-usecase/50/images/fig4.jpg,d,multiple scatter plot,4
/Users/lingzhou/Resource/DataResource/ALD-E-ImageMiner-main/icdar2026-competition-data/train/atomic-layer-deposition/experimental-usecase/50/images/fig_5.jpg,a,scatter plot,3
/Users/lingzhou/Resource/DataResource/ALD-E-ImageMiner-main/icdar2026-competition-data/train/atomic-layer-deposition/experimental-usecase/50/images/fig_5.jpg,b,multi-axis chart,3
/Users/lingzhou/Resource/DataResource/ALD-E-ImageMiner-main/icdar2026-competition-data/train/atomic-layer-deposition/experimental-usecase/50/images/fig_5.jpg,c,multi-axis chart,3
/Users/lingzhou/Resource/DataResource/ALD-E-ImageMiner-main/icdar2026-competition-data/train/atomic-layer-deposition/experimental-usecase/50/images/fig_8.jpg,a,image panel,2
/Users/lingzhou/Resource/DataResource/ALD-E-ImageMiner-main/icdar2026-competition-data/train/atomic-layer-deposition/experimental-usecase/50/images/fig_8.jpg,b,image panel,2
/Users/lingzhou/Resource/DataResource/ALD-E-ImageMiner-main/icdar2026-competition-data/train/atomic-layer-deposition/experimental-usecase/50/images/fig_3.jpg,a,scatter plot,1
/Users/lingzhou/Resource/DataResource/ALD-E-ImageMiner-main/icdar2026-competition-data/train/atomic-layer-deposition/experimental-usecase/50/images/fig_2.jpg,a,scatter plot,4
/Users/lingzhou/Resource/DataResource/ALD-E-ImageMiner-main/icdar2026-competition-data/train/atomic-layer-deposition/experimental-usecase/50/images/fig_2.jpg,b,scatter plot,4
/Users/lingzhou/Resource/DataResource/ALD-E-ImageMiner-main/icdar2026-competition-data/train/atomic-layer-deposition/experimental-usecase/50/images/fig_2.jpg,c,scatter plot,4
/Users/lingzhou/Resource/DataResource/ALD-E-ImageMiner-main/icdar2026-competition-data/train/atomic-layer-deposition/experimental-usecase/50/images/fig_2.jpg,d,scatter plot,4
/Users/lingzhou/Resource/DataResource/ALD-E-ImageMiner-main/icdar2026-competition-data/train/atomic-layer-deposition/experimental-usecase/57/images/figure_3.jpg,a,multiple line chart,2
/Users/lingzhou/Resource/DataResource/ALD-E-ImageMiner-main/icdar2026-competition-data/train/atomic-layer-deposition/experimental-usecase/57/images/figure_3.jpg,b,scatter plot,2
/Users/lingzhou/Resource/DataResource/ALD-E-ImageMiner-main/icdar2026-competition-data/train/atomic-layer-deposition/experimental-usecase/57/images/figure_2.jpg,a,image panel,5
/Users/lingzhou/Resource/DataResource/ALD-E-ImageMiner-main/icdar2026-competition-data/train/atomic-layer-deposition/experimental-usecase/57/images/figure_2.jpg,b,image panel,5
/Users/lingzhou/Resource/DataResource/ALD-E-ImageMiner-main/icdar2026-competition-data/train/atomic-layer-deposition/experimental-usecase/57/images/figure_2.jpg,c,stacked spectra chart,5
/Users/lingzhou/Resource/DataResource/ALD-E-ImageMiner-main/icdar2026-competition-data/train/atomic-layer-deposition/experimental-usecase/57/images/figure_2.jpg,d,line chart,5
/Users/lingzhou/Resource/DataResource/ALD-E-ImageMiner-main/icdar2026-competition-data/train/atomic-layer-deposition/experimental-usecase/57/images/figure_2.jpg,e,heatmap,5
/Users/lingzhou/Resource/DataResource/ALD-E-ImageMiner-main/icdar2026-competition-data/train/atomic-layer-deposition/experimental-usecase/57/images/figure_5.jpg,a,image panel,11
/Users/lingzhou/Resource/DataResource/ALD-E-ImageMiner-main/icdar2026-competition-data/train/atomic-layer-deposition/experimental-usecase/57/images/figure_5.jpg,b,image panel,11
/Users/lingzhou/Resource/DataResource/ALD-E-ImageMiner-main/icdar2026-competition-data/train/atomic-layer-deposition/experimental-usecase/57/images/figure_5.jpg,c,image panel,11
/Users/lingzhou/Resource/DataResource/ALD-E-ImageMiner-main/icdar2026-competition-data/train/atomic-layer-deposition/experimental-usecase/57/images/figure_5.jpg,d,image panel,11
/Users/lingzhou/Resource/DataResource/ALD-E-ImageMiner-main/icdar2026-competition-data/train/atomic-layer-deposition/experimental-usecase/57/images/figure_5.jpg,e,image panel,11
/Users/lingzhou/Resource/DataResource/ALD-E-ImageMiner-main/icdar2026-competition-data/train/atomic-layer-deposition/experimental-usecase/57/images/figure_5.jpg,f,image panel,11
/Users/lingzhou/Resource/DataResource/ALD-E-ImageMiner-main/icdar2026-competition-data/train/atomic-layer-deposition/experimental-usecase/57/images/figure_5.jpg,g,image panel,11
/Users/lingzhou/Resource/DataResource/ALD-E-ImageMiner-main/icdar2026-competition-data/train/atomic-layer-deposition/experimental-usecase/57/images/figure_5.jpg,h,image panel,11
/Users/lingzhou/Resource/DataResource/ALD-E-ImageMiner-main/icdar2026-competition-data/train/atomic-layer-deposition/experimental-usecase/57/images/figure_5.jpg,i,image panel,11
/Users/lingzhou/Resource/DataResource/ALD-E-ImageMiner-main/icdar2026-competition-data/train/atomic-layer-deposition/experimental-usecase/57/images/figure_5.jpg,j,image panel,11
/Users/lingzhou/Resource/DataResource/ALD-E-ImageMiner-main/icdar2026-competition-data/train/atomic-layer-deposition/experimental-usecase/57/images/figure_5.jpg,k,image panel,11
/Users/lingzhou/Resource/DataResource/ALD-E-ImageMiner-main/icdar2026-competition-data/train/atomic-layer-deposition/experimental-usecase/57/images/figure_4.jpg,a,multi spectra chart,6
/Users/lingzhou/Resource/DataResource/ALD-E-ImageMiner-main/icdar2026-competition-data/train/atomic-layer-deposition/experimental-usecase/57/images/figure_4.jpg,b,multiple line chart,6
/Users/lingzhou/Resource/DataResource/ALD-E-ImageMiner-main/icdar2026-competition-data/train/atomic-layer-deposition/experimental-usecase/57/images/figure_4.jpg,c,multi spectra chart,6
/Users/lingzhou/Resource/DataResource/ALD-E-ImageMiner-main/icdar2026-competition-data/train/atomic-layer-deposition/experimental-usecase/57/images/figure_4.jpg,d,multi spectra chart,6
/Users/lingzhou/Resource/DataResource/ALD-E-ImageMiner-main/icdar2026-competition-data/train/atomic-layer-deposition/experimental-usecase/57/images/figure_4.jpg,e,multi spectra chart,6
/Users/lingzhou/Resource/DataResource/ALD-E-ImageMiner-main/icdar2026-competition-data/train/atomic-layer-deposition/experimental-usecase/57/images/figure_4.jpg,f,multiple line chart,6
/Users/lingzhou/Resource/DataResource/ALD-E-ImageMiner-main/icdar2026-competition-data/train/atomic-layer-deposition/experimental-usecase/57/images/figure_6.jpg,a,multiple line chart,2
/Users/lingzhou/Resource/DataResource/ALD-E-ImageMiner-main/icdar2026-competition-data/train/atomic-layer-deposition/experimental-usecase/57/images/figure_6.jpg,b,apparatus diagram,2
/Users/lingzhou/Resource/DataResource/ALD-E-ImageMiner-main/icdar2026-competition-data/train/atomic-layer-deposition/experimental-usecase/57/images/figure_1.jpg,a,molecular structure diagram,6
/Users/lingzhou/Resource/DataResource/ALD-E-ImageMiner-main/icdar2026-competition-data/train/atomic-layer-deposition/experimental-usecase/57/images/figure_1.jpg,b,line chart,6
/Users/lingzhou/Resource/DataResource/ALD-E-ImageMiner-main/icdar2026-competition-data/train/atomic-layer-deposition/experimental-usecase/57/images/figure_1.jpg,c,line chart,6
/Users/lingzhou/Resource/DataResource/ALD-E-ImageMiner-main/icdar2026-competition-data/train/atomic-layer-deposition/experimental-usecase/57/images/figure_1.jpg,d,line chart,6
/Users/lingzhou/Resource/DataResource/ALD-E-ImageMiner-main/icdar2026-competition-data/train/atomic-layer-deposition/experimental-usecase/57/images/figure_1.jpg,e,line chart,6
/Users/lingzhou/Resource/DataResource/ALD-E-ImageMiner-main/icdar2026-competition-data/train/atomic-layer-deposition/experimental-usecase/57/images/figure_1.jpg,f,line chart,6
/Users/lingzhou/Resource/DataResource/ALD-E-ImageMiner-main/icdar2026-competition-data/train/atomic-layer-deposition/experimental-usecase/32/images/figure_3.jpg,a,multiple scatter plot,1
/Users/lingzhou/Resource/DataResource/ALD-E-ImageMiner-main/icdar2026-competition-data/train/atomic-layer-deposition/experimental-usecase/32/images/figure_2.jpg,a,multiple scatter plot,1
/Users/lingzhou/Resource/DataResource/ALD-E-ImageMiner-main/icdar2026-competition-data/train/atomic-layer-deposition/experimental-usecase/32/images/figure_5.jpg,a,multiple line chart,2
/Users/lingzhou/Resource/DataResource/ALD-E-ImageMiner-main/icdar2026-competition-data/train/atomic-layer-deposition/experimental-usecase/32/images/figure_5.jpg,b,multiple line chart,2
/Users/lingzhou/Resource/DataResource/ALD-E-ImageMiner-main/icdar2026-competition-data/train/atomic-layer-deposition/experimental-usecase/32/images/figure_4.jpg,a,scatter plot,1
/Users/lingzhou/Resource/DataResource/ALD-E-ImageMiner-main/icdar2026-competition-data/train/atomic-layer-deposition/experimental-usecase/32/images/figure_1.jpg,a,scatter plot,1
/Users/lingzhou/Resource/DataResource/ALD-E-ImageMiner-main/icdar2026-competition-data/train/atomic-layer-deposition/experimental-usecase/35/images/figure_3.jpg,a,stacked spectra chart,1
/Users/lingzhou/Resource/DataResource/ALD-E-ImageMiner-main/icdar2026-competition-data/train/atomic-layer-deposition/experimental-usecase/35/images/figure_2.jpg,a,scatter plot,2
/Users/lingzhou/Resource/DataResource/ALD-E-ImageMiner-main/icdar2026-competition-data/train/atomic-layer-deposition/experimental-usecase/35/images/figure_2.jpg,b,scatter plot,2
/Users/lingzhou/Resource/DataResource/ALD-E-ImageMiner-main/icdar2026-competition-data/train/atomic-layer-deposition/experimental-usecase/35/images/figure_5.jpg,a,multi spectra chart,2
/Users/lingzhou/Resource/DataResource/ALD-E-ImageMiner-main/icdar2026-competition-data/train/atomic-layer-deposition/experimental-usecase/35/images/figure_5.jpg,b,image panel,2
/Users/lingzhou/Resource/DataResource/ALD-E-ImageMiner-main/icdar2026-competition-data/train/atomic-layer-deposition/experimental-usecase/35/images/figure_4.jpg,a,multiple scatter plot,2
/Users/lingzhou/Resource/DataResource/ALD-E-ImageMiner-main/icdar2026-competition-data/train/atomic-layer-deposition/experimental-usecase/35/images/figure_4.jpg,b,multiple scatter plot,2
/Users/lingzhou/Resource/DataResource/ALD-E-ImageMiner-main/icdar2026-competition-data/train/atomic-layer-deposition/experimental-usecase/35/images/figure_1.jpg,a,molecular structure diagram,1
/Users/lingzhou/Resource/DataResource/ALD-E-ImageMiner-main/icdar2026-competition-data/train/atomic-layer-deposition/experimental-usecase/35/images/a27ced502d67bd684cbf2f68460176ad15a149ac50a9328ff21b033b7c484cd8.jpg,a,table,1
/Users/lingzhou/Resource/DataResource/ALD-E-ImageMiner-main/icdar2026-competition-data/train/atomic-layer-deposition/experimental-usecase/69/images/FIG6_a.jpg,a,scatter plot,1
/Users/lingzhou/Resource/DataResource/ALD-E-ImageMiner-main/icdar2026-competition-data/train/atomic-layer-deposition/experimental-usecase/69/images/FIG7.jpg,a,scatter plot,1
/Users/lingzhou/Resource/DataResource/ALD-E-ImageMiner-main/icdar2026-competition-data/train/atomic-layer-deposition/experimental-usecase/69/images/FIG2_a.jpg,a,multi-axis chart,1
/Users/lingzhou/Resource/DataResource/ALD-E-ImageMiner-main/icdar2026-competition-data/train/atomic-layer-deposition/experimental-usecase/69/images/FIG8.jpg,a,multi spectra chart,1
/Users/lingzhou/Resource/DataResource/ALD-E-ImageMiner-main/icdar2026-competition-data/train/atomic-layer-deposition/experimental-usecase/69/images/FIG10_a.jpg,a,multiple scatter plot,1
/Users/lingzhou/Resource/DataResource/ALD-E-ImageMiner-main/icdar2026-competition-data/train/atomic-layer-deposition/experimental-usecase/69/images/FIG5.jpg,a,scatter plot,1
/Users/lingzhou/Resource/DataResource/ALD-E-ImageMiner-main/icdar2026-competition-data/train/atomic-layer-deposition/experimental-usecase/69/images/FIG9_a.jpg,a,multi spectra chart,1
/Users/lingzhou/Resource/DataResource/ALD-E-ImageMiner-main/icdar2026-competition-data/train/atomic-layer-deposition/experimental-usecase/69/images/FIG1_a.jpg,a,scatter plot,1
/Users/lingzhou/Resource/DataResource/ALD-E-ImageMiner-main/icdar2026-competition-data/train/atomic-layer-deposition/experimental-usecase/69/images/FIG3_a.jpg,a,multi-axis chart,1
/Users/lingzhou/Resource/DataResource/ALD-E-ImageMiner-main/icdar2026-competition-data/train/atomic-layer-deposition/experimental-usecase/60/images/figure_3.jpg,a,multiple line chart,1
/Users/lingzhou/Resource/DataResource/ALD-E-ImageMiner-main/icdar2026-competition-data/train/atomic-layer-deposition/experimental-usecase/60/images/figure_2.jpg,a,scatter plot,4
/Users/lingzhou/Resource/DataResource/ALD-E-ImageMiner-main/icdar2026-competition-data/train/atomic-layer-deposition/experimental-usecase/60/images/figure_2.jpg,b,scatter plot,4
/Users/lingzhou/Resource/DataResource/ALD-E-ImageMiner-main/icdar2026-competition-data/train/atomic-layer-deposition/experimental-usecase/60/images/figure_2.jpg,c,scatter plot,4
/Users/lingzhou/Resource/DataResource/ALD-E-ImageMiner-main/icdar2026-competition-data/train/atomic-layer-deposition/experimental-usecase/60/images/figure_2.jpg,d,scatter plot,4
/Users/lingzhou/Resource/DataResource/ALD-E-ImageMiner-main/icdar2026-competition-data/train/atomic-layer-deposition/experimental-usecase/60/images/figure_5.jpg,a,stacked spectra chart,4
/Users/lingzhou/Resource/DataResource/ALD-E-ImageMiner-main/icdar2026-competition-data/train/atomic-layer-deposition/experimental-usecase/60/images/figure_5.jpg,b,stacked spectra chart,4
/Users/lingzhou/Resource/DataResource/ALD-E-ImageMiner-main/icdar2026-competition-data/train/atomic-layer-deposition/experimental-usecase/60/images/figure_5.jpg,c,stacked spectra chart,4
/Users/lingzhou/Resource/DataResource/ALD-E-ImageMiner-main/icdar2026-competition-data/train/atomic-layer-deposition/experimental-usecase/60/images/figure_5.jpg,d,multiple line chart,4
/Users/lingzhou/Resource/DataResource/ALD-E-ImageMiner-main/icdar2026-competition-data/train/atomic-layer-deposition/experimental-usecase/60/images/figure_9.jpg,a,scatter plot,2
/Users/lingzhou/Resource/DataResource/ALD-E-ImageMiner-main/icdar2026-competition-data/train/atomic-layer-deposition/experimental-usecase/60/images/figure_9.jpg,b,scatter plot,2
/Users/lingzhou/Resource/DataResource/ALD-E-ImageMiner-main/icdar2026-competition-data/train/atomic-layer-deposition/experimental-usecase/60/images/figure_8.jpg,a,scatter plot,4
/Users/lingzhou/Resource/DataResource/ALD-E-ImageMiner-main/icdar2026-competition-data/train/atomic-layer-deposition/experimental-usecase/60/images/figure_8.jpg,b,scatter plot,4
/Users/lingzhou/Resource/DataResource/ALD-E-ImageMiner-main/icdar2026-competition-data/train/atomic-layer-deposition/experimental-usecase/60/images/figure_8.jpg,c,scatter plot,4
/Users/lingzhou/Resource/DataResource/ALD-E-ImageMiner-main/icdar2026-competition-data/train/atomic-layer-deposition/experimental-usecase/60/images/figure_8.jpg,deposition,multiple line chart,4
/Users/lingzhou/Resource/DataResource/ALD-E-ImageMiner-main/icdar2026-competition-data/train/atomic-layer-deposition/experimental-usecase/60/images/figure_4.jpg,a,heatmap,4
/Users/lingzhou/Resource/DataResource/ALD-E-ImageMiner-main/icdar2026-competition-data/train/atomic-layer-deposition/experimental-usecase/60/images/figure_4.jpg,b,heatmap,4
/Users/lingzhou/Resource/DataResource/ALD-E-ImageMiner-main/icdar2026-competition-data/train/atomic-layer-deposition/experimental-usecase/60/images/figure_4.jpg,c,heatmap,4
/Users/lingzhou/Resource/DataResource/ALD-E-ImageMiner-main/icdar2026-competition-data/train/atomic-layer-deposition/experimental-usecase/60/images/figure_4.jpg,deposition,heatmap,4
/Users/lingzhou/Resource/DataResource/ALD-E-ImageMiner-main/icdar2026-competition-data/train/atomic-layer-deposition/experimental-usecase/60/images/85ead34ddeac10d73af92922cd512497aa52e7e6f3abc2a8b4c0729255402d13.jpg,a,multiple line chart,2
/Users/lingzhou/Resource/DataResource/ALD-E-ImageMiner-main/icdar2026-competition-data/train/atomic-layer-deposition/experimental-usecase/60/images/85ead34ddeac10d73af92922cd512497aa52e7e6f3abc2a8b4c0729255402d13.jpg,b,multiple line chart,2
/Users/lingzhou/Resource/DataResource/ALD-E-ImageMiner-main/icdar2026-competition-data/train/atomic-layer-deposition/experimental-usecase/60/images/figure_7.jpg,a,stacked spectra chart,3
/Users/lingzhou/Resource/DataResource/ALD-E-ImageMiner-main/icdar2026-competition-data/train/atomic-layer-deposition/experimental-usecase/60/images/figure_7.jpg,b,stacked spectra chart,3
/Users/lingzhou/Resource/DataResource/ALD-E-ImageMiner-main/icdar2026-competition-data/train/atomic-layer-deposition/experimental-usecase/60/images/figure_7.jpg,c,stacked spectra chart,3
/Users/lingzhou/Resource/DataResource/ALD-E-ImageMiner-main/icdar2026-competition-data/train/atomic-layer-deposition/experimental-usecase/60/images/figure_6.jpg,a,stacked spectra chart,1
/Users/lingzhou/Resource/DataResource/ALD-E-ImageMiner-main/icdar2026-competition-data/train/atomic-layer-deposition/experimental-usecase/60/images/figure_1.jpg,a,molecular structure diagram,1
/Users/lingzhou/Resource/DataResource/ALD-E-ImageMiner-main/icdar2026-competition-data/train/atomic-layer-deposition/experimental-usecase/34/images/figure_3.jpg,a,multiple line chart,3
/Users/lingzhou/Resource/DataResource/ALD-E-ImageMiner-main/icdar2026-competition-data/train/atomic-layer-deposition/experimental-usecase/34/images/figure_3.jpg,b,multiple line chart,3
/Users/lingzhou/Resource/DataResource/ALD-E-ImageMiner-main/icdar2026-competition-data/train/atomic-layer-deposition/experimental-usecase/34/images/figure_3.jpg,c,multiple line chart,3
/Users/lingzhou/Resource/DataResource/ALD-E-ImageMiner-main/icdar2026-competition-data/train/atomic-layer-deposition/experimental-usecase/34/images/figure_2.jpg,a,spectra chart,1
/Users/lingzhou/Resource/DataResource/ALD-E-ImageMiner-main/icdar2026-competition-data/train/atomic-layer-deposition/experimental-usecase/34/images/figure_5.jpg,a,multiple line chart,1
/Users/lingzhou/Resource/DataResource/ALD-E-ImageMiner-main/icdar2026-competition-data/train/atomic-layer-deposition/experimental-usecase/34/images/figure_4.jpg,a,reaction scheme,4
/Users/lingzhou/Resource/DataResource/ALD-E-ImageMiner-main/icdar2026-competition-data/train/atomic-layer-deposition/experimental-usecase/34/images/figure_4.jpg,b,reaction scheme,4
/Users/lingzhou/Resource/DataResource/ALD-E-ImageMiner-main/icdar2026-competition-data/train/atomic-layer-deposition/experimental-usecase/34/images/figure_4.jpg,c,reaction scheme,4
/Users/lingzhou/Resource/DataResource/ALD-E-ImageMiner-main/icdar2026-competition-data/train/atomic-layer-deposition/experimental-usecase/34/images/figure_4.jpg,d,reaction scheme,4
/Users/lingzhou/Resource/DataResource/ALD-E-ImageMiner-main/icdar2026-competition-data/train/atomic-layer-deposition/experimental-usecase/34/images/figure_7.jpg,a,multiple line chart,2
/Users/lingzhou/Resource/DataResource/ALD-E-ImageMiner-main/icdar2026-competition-data/train/atomic-layer-deposition/experimental-usecase/34/images/figure_7.jpg,b,line chart,2
/Users/lingzhou/Resource/DataResource/ALD-E-ImageMiner-main/icdar2026-competition-data/train/atomic-layer-deposition/experimental-usecase/34/images/figure_6.jpg,a,multiple line chart,1
/Users/lingzhou/Resource/DataResource/ALD-E-ImageMiner-main/icdar2026-competition-data/train/atomic-layer-deposition/experimental-usecase/34/images/figure_1.jpg,a,multiple line chart,1
/Users/lingzhou/Resource/DataResource/ALD-E-ImageMiner-main/icdar2026-competition-data/train/atomic-layer-deposition/experimental-usecase/34/images/8c119476fea7a631497f281ecf723864f30e6219a21cd174c4df5d827beff926.jpg,a,reaction scheme,1
/Users/lingzhou/Resource/DataResource/ALD-E-ImageMiner-main/icdar2026-competition-data/train/atomic-layer-deposition/experimental-usecase/33/images/figure_3.jpg,a,line chart,4
/Users/lingzhou/Resource/DataResource/ALD-E-ImageMiner-main/icdar2026-competition-data/train/atomic-layer-deposition/experimental-usecase/33/images/figure_3.jpg,b,line chart,4
/Users/lingzhou/Resource/DataResource/ALD-E-ImageMiner-main/icdar2026-competition-data/train/atomic-layer-deposition/experimental-usecase/33/images/figure_3.jpg,c,line chart,4
/Users/lingzhou/Resource/DataResource/ALD-E-ImageMiner-main/icdar2026-competition-data/train/atomic-layer-deposition/experimental-usecase/33/images/figure_3.jpg,d,line chart,4
/Users/lingzhou/Resource/DataResource/ALD-E-ImageMiner-main/icdar2026-competition-data/train/atomic-layer-deposition/experimental-usecase/33/images/figure_5.jpg,a,scatter plot,2
/Users/lingzhou/Resource/DataResource/ALD-E-ImageMiner-main/icdar2026-competition-data/train/atomic-layer-deposition/experimental-usecase/33/images/figure_5.jpg,b,scatter plot,2
/Users/lingzhou/Resource/DataResource/ALD-E-ImageMiner-main/icdar2026-competition-data/train/atomic-layer-deposition/experimental-usecase/33/images/figure_4.jpg,a,line chart,1
/Users/lingzhou/Resource/DataResource/ALD-E-ImageMiner-main/icdar2026-competition-data/train/atomic-layer-deposition/experimental-usecase/33/images/figure_7.jpg,a,image panel,1
/Users/lingzhou/Resource/DataResource/ALD-E-ImageMiner-main/icdar2026-competition-data/train/atomic-layer-deposition/experimental-usecase/33/images/figure_6.jpg,a,image panel,2
/Users/lingzhou/Resource/DataResource/ALD-E-ImageMiner-main/icdar2026-competition-data/train/atomic-layer-deposition/experimental-usecase/33/images/figure_6.jpg,b,image panel,2
/Users/lingzhou/Resource/DataResource/ALD-E-ImageMiner-main/icdar2026-competition-data/train/atomic-layer-deposition/experimental-usecase/33/images/figure_1.jpg,a,molecular structure diagram,2
/Users/lingzhou/Resource/DataResource/ALD-E-ImageMiner-main/icdar2026-competition-data/train/atomic-layer-deposition/experimental-usecase/33/images/figure_1.jpg,b,molecular structure diagram,2
/Users/lingzhou/Resource/DataResource/ALD-E-ImageMiner-main/icdar2026-competition-data/train/atomic-layer-deposition/experimental-usecase/18/images/fig_1.jpg,a,apparatus diagram,2
/Users/lingzhou/Resource/DataResource/ALD-E-ImageMiner-main/icdar2026-competition-data/train/atomic-layer-deposition/experimental-usecase/18/images/fig_1.jpg,b,process timing diagram,2
/Users/lingzhou/Resource/DataResource/ALD-E-ImageMiner-main/icdar2026-competition-data/train/atomic-layer-deposition/experimental-usecase/18/images/fig_7.jpg,a,line chart,2
/Users/lingzhou/Resource/DataResource/ALD-E-ImageMiner-main/icdar2026-competition-data/train/atomic-layer-deposition/experimental-usecase/18/images/fig_7.jpg,b,line chart,2
/Users/lingzhou/Resource/DataResource/ALD-E-ImageMiner-main/icdar2026-competition-data/train/atomic-layer-deposition/experimental-usecase/18/images/fig_6.jpg,a,spectra chart,1
/Users/lingzhou/Resource/DataResource/ALD-E-ImageMiner-main/icdar2026-competition-data/train/atomic-layer-deposition/experimental-usecase/18/images/fig4.jpg,a,line chart,4
/Users/lingzhou/Resource/DataResource/ALD-E-ImageMiner-main/icdar2026-competition-data/train/atomic-layer-deposition/experimental-usecase/18/images/fig4.jpg,b,line chart,4
/Users/lingzhou/Resource/DataResource/ALD-E-ImageMiner-main/icdar2026-competition-data/train/atomic-layer-deposition/experimental-usecase/18/images/fig4.jpg,c,line chart,4
/Users/lingzhou/Resource/DataResource/ALD-E-ImageMiner-main/icdar2026-competition-data/train/atomic-layer-deposition/experimental-usecase/18/images/fig4.jpg,d,line chart,4
/Users/lingzhou/Resource/DataResource/ALD-E-ImageMiner-main/icdar2026-competition-data/train/atomic-layer-deposition/experimental-usecase/18/images/fig_5.jpg,a,multi spectra chart,1
/Users/lingzhou/Resource/DataResource/ALD-E-ImageMiner-main/icdar2026-competition-data/train/atomic-layer-deposition/experimental-usecase/18/images/fig_3.jpg,a,line chart,2
/Users/lingzhou/Resource/DataResource/ALD-E-ImageMiner-main/icdar2026-competition-data/train/atomic-layer-deposition/experimental-usecase/18/images/fig_3.jpg,b,multiple line chart,2
/Users/lingzhou/Resource/DataResource/ALD-E-ImageMiner-main/icdar2026-competition-data/train/atomic-layer-deposition/experimental-usecase/18/images/fig_2.jpg,a,multi-axis chart,2
/Users/lingzhou/Resource/DataResource/ALD-E-ImageMiner-main/icdar2026-competition-data/train/atomic-layer-deposition/experimental-usecase/18/images/fig_2.jpg,b,line chart,2
/Users/lingzhou/Resource/DataResource/ALD-E-ImageMiner-main/icdar2026-competition-data/train/atomic-layer-deposition/experimental-usecase/27/images/fig_1.jpg,a,multi-axis chart,2
/Users/lingzhou/Resource/DataResource/ALD-E-ImageMiner-main/icdar2026-competition-data/train/atomic-layer-deposition/experimental-usecase/27/images/fig_1.jpg,b,line chart,2
/Users/lingzhou/Resource/DataResource/ALD-E-ImageMiner-main/icdar2026-competition-data/train/atomic-layer-deposition/experimental-usecase/27/images/fig_4.jpg,a,image panel,1
/Users/lingzhou/Resource/DataResource/ALD-E-ImageMiner-main/icdar2026-competition-data/train/atomic-layer-deposition/experimental-usecase/27/images/fig_3.jpg,a,spectra chart,1
/Users/lingzhou/Resource/DataResource/ALD-E-ImageMiner-main/icdar2026-competition-data/train/atomic-layer-deposition/experimental-usecase/27/images/fig_2.jpg,a,multiple scatter plot,2
/Users/lingzhou/Resource/DataResource/ALD-E-ImageMiner-main/icdar2026-competition-data/train/atomic-layer-deposition/experimental-usecase/27/images/fig_2.jpg,b,multiple line chart,2
/Users/lingzhou/Resource/DataResource/ALD-E-ImageMiner-main/icdar2026-competition-data/train/atomic-layer-deposition/experimental-usecase/9/images/figure_27.jpg,a,conceptual diagram,1
/Users/lingzhou/Resource/DataResource/ALD-E-ImageMiner-main/icdar2026-competition-data/train/atomic-layer-deposition/experimental-usecase/9/images/d0c00dec3627c492e7e1f2f448ee4f5d8fa71fbdb9057d123f4c3d482cdd5f4a.jpg,a,image panel,6
/Users/lingzhou/Resource/DataResource/ALD-E-ImageMiner-main/icdar2026-competition-data/train/atomic-layer-deposition/experimental-usecase/9/images/d0c00dec3627c492e7e1f2f448ee4f5d8fa71fbdb9057d123f4c3d482cdd5f4a.jpg,b,line chart,6
/Users/lingzhou/Resource/DataResource/ALD-E-ImageMiner-main/icdar2026-competition-data/train/atomic-layer-deposition/experimental-usecase/9/images/d0c00dec3627c492e7e1f2f448ee4f5d8fa71fbdb9057d123f4c3d482cdd5f4a.jpg,c,image panel,6
/Users/lingzhou/Resource/DataResource/ALD-E-ImageMiner-main/icdar2026-competition-data/train/atomic-layer-deposition/experimental-usecase/9/images/d0c00dec3627c492e7e1f2f448ee4f5d8fa71fbdb9057d123f4c3d482cdd5f4a.jpg,d,image panel,6
/Users/lingzhou/Resource/DataResource/ALD-E-ImageMiner-main/icdar2026-competition-data/train/atomic-layer-deposition/experimental-usecase/9/images/d0c00dec3627c492e7e1f2f448ee4f5d8fa71fbdb9057d123f4c3d482cdd5f4a.jpg,e,image panel,6
/Users/lingzhou/Resource/DataResource/ALD-E-ImageMiner-main/icdar2026-competition-data/train/atomic-layer-deposition/experimental-usecase/9/images/d0c00dec3627c492e7e1f2f448ee4f5d8fa71fbdb9057d123f4c3d482cdd5f4a.jpg,f,image panel,6
/Users/lingzhou/Resource/DataResource/ALD-E-ImageMiner-main/icdar2026-competition-data/train/atomic-layer-deposition/experimental-usecase/7/images/fig_1.jpg,a,multiple line chart,1
/Users/lingzhou/Resource/DataResource/ALD-E-ImageMiner-main/icdar2026-competition-data/train/atomic-layer-deposition/experimental-usecase/7/images/95837a0f09f651369047f60c135b85eaee479b486b3df8a1df6a96de654e6120.jpg,a,multiple scatter plot,2
/Users/lingzhou/Resource/DataResource/ALD-E-ImageMiner-main/icdar2026-competition-data/train/atomic-layer-deposition/experimental-usecase/7/images/95837a0f09f651369047f60c135b85eaee479b486b3df8a1df6a96de654e6120.jpg,b,multiple scatter plot,2
/Users/lingzhou/Resource/DataResource/ALD-E-ImageMiner-main/icdar2026-competition-data/train/atomic-layer-deposition/experimental-usecase/7/images/fig_7.jpg,a,stacked spectra chart,1
/Users/lingzhou/Resource/DataResource/ALD-E-ImageMiner-main/icdar2026-competition-data/train/atomic-layer-deposition/experimental-usecase/7/images/fig6.jpg,a,multiple scatter plot,1
/Users/lingzhou/Resource/DataResource/ALD-E-ImageMiner-main/icdar2026-competition-data/train/atomic-layer-deposition/experimental-usecase/7/images/fig8.jpg,a,multiple scatter plot,1
/Users/lingzhou/Resource/DataResource/ALD-E-ImageMiner-main/icdar2026-competition-data/train/atomic-layer-deposition/experimental-usecase/7/images/fig_4.jpg,a,multiple scatter plot,1
/Users/lingzhou/Resource/DataResource/ALD-E-ImageMiner-main/icdar2026-competition-data/train/atomic-layer-deposition/experimental-usecase/7/images/fig2.jpg,a,multiple scatter plot,1
/Users/lingzhou/Resource/DataResource/ALD-E-ImageMiner-main/icdar2026-competition-data/train/atomic-layer-deposition/experimental-usecase/7/images/fig_3.jpg,a,multiple scatter plot,2
/Users/lingzhou/Resource/DataResource/ALD-E-ImageMiner-main/icdar2026-competition-data/train/atomic-layer-deposition/experimental-usecase/7/images/fig_3.jpg,b,multiple scatter plot,2
/Users/lingzhou/Resource/DataResource/ALD-E-ImageMiner-main/icdar2026-competition-data/train/atomic-layer-deposition/experimental-usecase/29/images/figure_3.jpg,a,spectra chart,3
/Users/lingzhou/Resource/DataResource/ALD-E-ImageMiner-main/icdar2026-competition-data/train/atomic-layer-deposition/experimental-usecase/29/images/figure_3.jpg,b,spectra chart,3
/Users/lingzhou/Resource/DataResource/ALD-E-ImageMiner-main/icdar2026-competition-data/train/atomic-layer-deposition/experimental-usecase/29/images/figure_3.jpg,c,spectra chart,3
/Users/lingzhou/Resource/DataResource/ALD-E-ImageMiner-main/icdar2026-competition-data/train/atomic-layer-deposition/experimental-usecase/29/images/figure_2.jpg,a,apparatus diagram,1
/Users/lingzhou/Resource/DataResource/ALD-E-ImageMiner-main/icdar2026-competition-data/train/atomic-layer-deposition/experimental-usecase/29/images/figure_5.jpg,a,line chart,2
/Users/lingzhou/Resource/DataResource/ALD-E-ImageMiner-main/icdar2026-competition-data/train/atomic-layer-deposition/experimental-usecase/29/images/figure_5.jpg,b,line chart,2
/Users/lingzhou/Resource/DataResource/ALD-E-ImageMiner-main/icdar2026-competition-data/train/atomic-layer-deposition/experimental-usecase/29/images/figure_9.jpg,a,line chart,1
/Users/lingzhou/Resource/DataResource/ALD-E-ImageMiner-main/icdar2026-competition-data/train/atomic-layer-deposition/experimental-usecase/29/images/figure_10.jpg,a,3d scatter plot,1
/Users/lingzhou/Resource/DataResource/ALD-E-ImageMiner-main/icdar2026-competition-data/train/atomic-layer-deposition/experimental-usecase/29/images/figure_8.jpg,a,line chart,1
/Users/lingzhou/Resource/DataResource/ALD-E-ImageMiner-main/icdar2026-competition-data/train/atomic-layer-deposition/experimental-usecase/29/images/figure_4.jpg,a,spectra chart,3
/Users/lingzhou/Resource/DataResource/ALD-E-ImageMiner-main/icdar2026-competition-data/train/atomic-layer-deposition/experimental-usecase/29/images/figure_4.jpg,b,spectra chart,3
/Users/lingzhou/Resource/DataResource/ALD-E-ImageMiner-main/icdar2026-competition-data/train/atomic-layer-deposition/experimental-usecase/29/images/figure_4.jpg,c,spectra chart,3
/Users/lingzhou/Resource/DataResource/ALD-E-ImageMiner-main/icdar2026-competition-data/train/atomic-layer-deposition/experimental-usecase/29/images/figure_7.jpg,a,scatter plot,1
/Users/lingzhou/Resource/DataResource/ALD-E-ImageMiner-main/icdar2026-competition-data/train/atomic-layer-deposition/experimental-usecase/29/images/figure_6.jpg,a,scatter plot,1
/Users/lingzhou/Resource/DataResource/ALD-E-ImageMiner-main/icdar2026-competition-data/train/atomic-layer-deposition/experimental-usecase/29/images/figure_1.jpg,a,apparatus diagram,1
/Users/lingzhou/Resource/DataResource/ALD-E-ImageMiner-main/icdar2026-competition-data/train/atomic-layer-deposition/experimental-usecase/16/images/fig_1.jpg,a,molecular structure diagram,3
/Users/lingzhou/Resource/DataResource/ALD-E-ImageMiner-main/icdar2026-competition-data/train/atomic-layer-deposition/experimental-usecase/16/images/fig_1.jpg,b,molecular structure diagram,3
/Users/lingzhou/Resource/DataResource/ALD-E-ImageMiner-main/icdar2026-competition-data/train/atomic-layer-deposition/experimental-usecase/16/images/fig_1.jpg,c,molecular structure diagram,3
/Users/lingzhou/Resource/DataResource/ALD-E-ImageMiner-main/icdar2026-competition-data/train/atomic-layer-deposition/experimental-usecase/16/images/fig_7.jpg,a,stacked spectra chart,2
/Users/lingzhou/Resource/DataResource/ALD-E-ImageMiner-main/icdar2026-competition-data/train/atomic-layer-deposition/experimental-usecase/16/images/fig_7.jpg,b,stacked spectra chart,2
/Users/lingzhou/Resource/DataResource/ALD-E-ImageMiner-main/icdar2026-competition-data/train/atomic-layer-deposition/experimental-usecase/16/images/fig_6.jpg,a,stacked spectra chart,2
/Users/lingzhou/Resource/DataResource/ALD-E-ImageMiner-main/icdar2026-competition-data/train/atomic-layer-deposition/experimental-usecase/16/images/fig_6.jpg,b,stacked spectra chart,2
/Users/lingzhou/Resource/DataResource/ALD-E-ImageMiner-main/icdar2026-competition-data/train/atomic-layer-deposition/experimental-usecase/16/images/fig_9.jpg,a,multiple line chart,1
/Users/lingzhou/Resource/DataResource/ALD-E-ImageMiner-main/icdar2026-competition-data/train/atomic-layer-deposition/experimental-usecase/16/images/fig_5.jpg,a,scatter plot,1
/Users/lingzhou/Resource/DataResource/ALD-E-ImageMiner-main/icdar2026-competition-data/train/atomic-layer-deposition/experimental-usecase/16/images/fig_4.jpg,a,multiple line chart,2
/Users/lingzhou/Resource/DataResource/ALD-E-ImageMiner-main/icdar2026-competition-data/train/atomic-layer-deposition/experimental-usecase/16/images/fig_4.jpg,b,multiple line chart,2
/Users/lingzhou/Resource/DataResource/ALD-E-ImageMiner-main/icdar2026-competition-data/train/atomic-layer-deposition/experimental-usecase/16/images/fig_8.jpg,a,image panel,2
/Users/lingzhou/Resource/DataResource/ALD-E-ImageMiner-main/icdar2026-competition-data/train/atomic-layer-deposition/experimental-usecase/16/images/fig_8.jpg,b,image panel,2
/Users/lingzhou/Resource/DataResource/ALD-E-ImageMiner-main/icdar2026-competition-data/train/atomic-layer-deposition/experimental-usecase/16/images/fig_3.jpg,a,multiple line chart,2
/Users/lingzhou/Resource/DataResource/ALD-E-ImageMiner-main/icdar2026-competition-data/train/atomic-layer-deposition/experimental-usecase/16/images/fig_3.jpg,b,multiple line chart,2
/Users/lingzhou/Resource/DataResource/ALD-E-ImageMiner-main/icdar2026-competition-data/train/atomic-layer-deposition/experimental-usecase/16/images/fig_2.jpg,a,multiple line chart,2
/Users/lingzhou/Resource/DataResource/ALD-E-ImageMiner-main/icdar2026-competition-data/train/atomic-layer-deposition/experimental-usecase/16/images/fig_2.jpg,b,scatter plot,2
/Users/lingzhou/Resource/DataResource/ALD-E-ImageMiner-main/icdar2026-competition-data/train/atomic-layer-deposition/experimental-usecase/42/images/figure_3.jpg,a,scatter plot,1
/Users/lingzhou/Resource/DataResource/ALD-E-ImageMiner-main/icdar2026-competition-data/train/atomic-layer-deposition/experimental-usecase/42/images/figure_2.jpg,a,molecular structure diagram,2
/Users/lingzhou/Resource/DataResource/ALD-E-ImageMiner-main/icdar2026-competition-data/train/atomic-layer-deposition/experimental-usecase/42/images/figure_2.jpg,b,molecular structure diagram,2
/Users/lingzhou/Resource/DataResource/ALD-E-ImageMiner-main/icdar2026-competition-data/train/atomic-layer-deposition/experimental-usecase/42/images/38547ce11117d4bfe67b96dae7afd2d6cff0ec861b80b873016629dd9663eadd.jpg,a,unknown,1
/Users/lingzhou/Resource/DataResource/ALD-E-ImageMiner-main/icdar2026-competition-data/train/atomic-layer-deposition/experimental-usecase/42/images/figure_5.jpg,a,molecular structure diagram,4
/Users/lingzhou/Resource/DataResource/ALD-E-ImageMiner-main/icdar2026-competition-data/train/atomic-layer-deposition/experimental-usecase/42/images/figure_5.jpg,b,molecular structure diagram,4
/Users/lingzhou/Resource/DataResource/ALD-E-ImageMiner-main/icdar2026-competition-data/train/atomic-layer-deposition/experimental-usecase/42/images/figure_5.jpg,c,molecular structure diagram,4
/Users/lingzhou/Resource/DataResource/ALD-E-ImageMiner-main/icdar2026-competition-data/train/atomic-layer-deposition/experimental-usecase/42/images/figure_5.jpg,d,molecular structure diagram,4
/Users/lingzhou/Resource/DataResource/ALD-E-ImageMiner-main/icdar2026-competition-data/train/atomic-layer-deposition/experimental-usecase/42/images/figure_4.jpg,a,image panel,4
/Users/lingzhou/Resource/DataResource/ALD-E-ImageMiner-main/icdar2026-competition-data/train/atomic-layer-deposition/experimental-usecase/42/images/figure_4.jpg,b,image panel,4
/Users/lingzhou/Resource/DataResource/ALD-E-ImageMiner-main/icdar2026-competition-data/train/atomic-layer-deposition/experimental-usecase/42/images/figure_4.jpg,c,image panel,4
/Users/lingzhou/Resource/DataResource/ALD-E-ImageMiner-main/icdar2026-competition-data/train/atomic-layer-deposition/experimental-usecase/42/images/figure_4.jpg,d,image panel,4
/Users/lingzhou/Resource/DataResource/ALD-E-ImageMiner-main/icdar2026-competition-data/train/atomic-layer-deposition/experimental-usecase/42/images/figure_1.jpg,a,multiple line chart,2
/Users/lingzhou/Resource/DataResource/ALD-E-ImageMiner-main/icdar2026-competition-data/train/atomic-layer-deposition/experimental-usecase/42/images/figure_1.jpg,b,multiple line chart,2
/Users/lingzhou/Resource/DataResource/ALD-E-ImageMiner-main/icdar2026-competition-data/train/atomic-layer-deposition/experimental-usecase/42/images/4bc1bd2251b735897bcb27c1db474c8ff962a78f4aa77f892b25b98853c272c7.jpg,a,molecular structure diagram,1
/Users/lingzhou/Resource/DataResource/ALD-E-ImageMiner-main/icdar2026-competition-data/train/atomic-layer-deposition/experimental-usecase/45/images/figure_3.jpg,a,stacked spectra chart,1
/Users/lingzhou/Resource/DataResource/ALD-E-ImageMiner-main/icdar2026-competition-data/train/atomic-layer-deposition/experimental-usecase/45/images/figure_2.jpg,a,multi spectra chart,1
/Users/lingzhou/Resource/DataResource/ALD-E-ImageMiner-main/icdar2026-competition-data/train/atomic-layer-deposition/experimental-usecase/45/images/figure_4.jpg,a,scatter plot,1
/Users/lingzhou/Resource/DataResource/ALD-E-ImageMiner-main/icdar2026-competition-data/train/atomic-layer-deposition/experimental-usecase/45/images/figure_1.jpg,a,multiple line chart,1
/Users/lingzhou/Resource/DataResource/ALD-E-ImageMiner-main/icdar2026-competition-data/train/atomic-layer-deposition/experimental-usecase/28/images/figure_3.jpg,a,grouped bar chart,3
/Users/lingzhou/Resource/DataResource/ALD-E-ImageMiner-main/icdar2026-competition-data/train/atomic-layer-deposition/experimental-usecase/28/images/figure_3.jpg,b,multiple scatter plot,3
/Users/lingzhou/Resource/DataResource/ALD-E-ImageMiner-main/icdar2026-competition-data/train/atomic-layer-deposition/experimental-usecase/28/images/figure_3.jpg,c,reaction scheme,3
/Users/lingzhou/Resource/DataResource/ALD-E-ImageMiner-main/icdar2026-competition-data/train/atomic-layer-deposition/experimental-usecase/28/images/figure_2.jpg,a,reaction scheme,5
/Users/lingzhou/Resource/DataResource/ALD-E-ImageMiner-main/icdar2026-competition-data/train/atomic-layer-deposition/experimental-usecase/28/images/figure_2.jpg,b,multi-axis chart,5
/Users/lingzhou/Resource/DataResource/ALD-E-ImageMiner-main/icdar2026-competition-data/train/atomic-layer-deposition/experimental-usecase/28/images/figure_2.jpg,c,multi-axis chart,5
/Users/lingzhou/Resource/DataResource/ALD-E-ImageMiner-main/icdar2026-competition-data/train/atomic-layer-deposition/experimental-usecase/28/images/figure_2.jpg,d,multi-axis chart,5
/Users/lingzhou/Resource/DataResource/ALD-E-ImageMiner-main/icdar2026-competition-data/train/atomic-layer-deposition/experimental-usecase/28/images/figure_2.jpg,e,multi-axis chart,5
/Users/lingzhou/Resource/DataResource/ALD-E-ImageMiner-main/icdar2026-competition-data/train/atomic-layer-deposition/experimental-usecase/28/images/figure_5.jpg,a,image panel,4
/Users/lingzhou/Resource/DataResource/ALD-E-ImageMiner-main/icdar2026-competition-data/train/atomic-layer-deposition/experimental-usecase/28/images/figure_5.jpg,b,image panel,4
/Users/lingzhou/Resource/DataResource/ALD-E-ImageMiner-main/icdar2026-competition-data/train/atomic-layer-deposition/experimental-usecase/28/images/figure_5.jpg,c,image panel,4
/Users/lingzhou/Resource/DataResource/ALD-E-ImageMiner-main/icdar2026-competition-data/train/atomic-layer-deposition/experimental-usecase/28/images/figure_5.jpg,d,image panel,4
/Users/lingzhou/Resource/DataResource/ALD-E-ImageMiner-main/icdar2026-competition-data/train/atomic-layer-deposition/experimental-usecase/28/images/figure_9.jpg,a,scatter plot,4
/Users/lingzhou/Resource/DataResource/ALD-E-ImageMiner-main/icdar2026-competition-data/train/atomic-layer-deposition/experimental-usecase/28/images/figure_9.jpg,b,scatter plot,4
/Users/lingzhou/Resource/DataResource/ALD-E-ImageMiner-main/icdar2026-competition-data/train/atomic-layer-deposition/experimental-usecase/28/images/figure_9.jpg,c,stacked spectra chart,4
/Users/lingzhou/Resource/DataResource/ALD-E-ImageMiner-main/icdar2026-competition-data/train/atomic-layer-deposition/experimental-usecase/28/images/figure_9.jpg,d,stacked spectra chart,4
/Users/lingzhou/Resource/DataResource/ALD-E-ImageMiner-main/icdar2026-competition-data/train/atomic-layer-deposition/experimental-usecase/28/images/figure_10.jpg,a,apparatus diagram,2
/Users/lingzhou/Resource/DataResource/ALD-E-ImageMiner-main/icdar2026-competition-data/train/atomic-layer-deposition/experimental-usecase/28/images/figure_10.jpg,b,conceptual diagram,2
/Users/lingzhou/Resource/DataResource/ALD-E-ImageMiner-main/icdar2026-competition-data/train/atomic-layer-deposition/experimental-usecase/28/images/figure_11.jpg,a,multi-axis chart,4
/Users/lingzhou/Resource/DataResource/ALD-E-ImageMiner-main/icdar2026-competition-data/train/atomic-layer-deposition/experimental-usecase/28/images/figure_11.jpg,b,multi-axis chart,4
/Users/lingzhou/Resource/DataResource/ALD-E-ImageMiner-main/icdar2026-competition-data/train/atomic-layer-deposition/experimental-usecase/28/images/figure_11.jpg,c,multi-axis chart,4
/Users/lingzhou/Resource/DataResource/ALD-E-ImageMiner-main/icdar2026-competition-data/train/atomic-layer-deposition/experimental-usecase/28/images/figure_11.jpg,d,multi-axis chart,4
/Users/lingzhou/Resource/DataResource/ALD-E-ImageMiner-main/icdar2026-competition-data/train/atomic-layer-deposition/experimental-usecase/28/images/figure_8.jpg,a,image panel,2
/Users/lingzhou/Resource/DataResource/ALD-E-ImageMiner-main/icdar2026-competition-data/train/atomic-layer-deposition/experimental-usecase/28/images/figure_8.jpg,b,image panel,2
/Users/lingzhou/Resource/DataResource/ALD-E-ImageMiner-main/icdar2026-competition-data/train/atomic-layer-deposition/experimental-usecase/28/images/figure_4.jpg,a,multi-axis chart,2
/Users/lingzhou/Resource/DataResource/ALD-E-ImageMiner-main/icdar2026-competition-data/train/atomic-layer-deposition/experimental-usecase/28/images/figure_4.jpg,b,multi-axis chart,2
/Users/lingzhou/Resource/DataResource/ALD-E-ImageMiner-main/icdar2026-competition-data/train/atomic-layer-deposition/experimental-usecase/28/images/figure_7.jpg,a,multi spectra chart,4
/Users/lingzhou/Resource/DataResource/ALD-E-ImageMiner-main/icdar2026-competition-data/train/atomic-layer-deposition/experimental-usecase/28/images/figure_7.jpg,b,multi spectra chart,4
/Users/lingzhou/Resource/DataResource/ALD-E-ImageMiner-main/icdar2026-competition-data/train/atomic-layer-deposition/experimental-usecase/28/images/figure_7.jpg,c,multi spectra chart,4
/Users/lingzhou/Resource/DataResource/ALD-E-ImageMiner-main/icdar2026-competition-data/train/atomic-layer-deposition/experimental-usecase/28/images/figure_7.jpg,d,multi spectra chart,4
/Users/lingzhou/Resource/DataResource/ALD-E-ImageMiner-main/icdar2026-competition-data/train/atomic-layer-deposition/experimental-usecase/28/images/figure_12.jpg,a,scatter plot,2
/Users/lingzhou/Resource/DataResource/ALD-E-ImageMiner-main/icdar2026-competition-data/train/atomic-layer-deposition/experimental-usecase/28/images/figure_12.jpg,b,scatter plot,2
/Users/lingzhou/Resource/DataResource/ALD-E-ImageMiner-main/icdar2026-competition-data/train/atomic-layer-deposition/experimental-usecase/28/images/figure_6.jpg,a,stacked spectra chart,4
/Users/lingzhou/Resource/DataResource/ALD-E-ImageMiner-main/icdar2026-competition-data/train/atomic-layer-deposition/experimental-usecase/28/images/figure_6.jpg,b,stacked spectra chart,4
/Users/lingzhou/Resource/DataResource/ALD-E-ImageMiner-main/icdar2026-competition-data/train/atomic-layer-deposition/experimental-usecase/28/images/figure_6.jpg,c,multi spectra chart,4
/Users/lingzhou/Resource/DataResource/ALD-E-ImageMiner-main/icdar2026-competition-data/train/atomic-layer-deposition/experimental-usecase/28/images/figure_6.jpg,d,multi spectra chart,4
/Users/lingzhou/Resource/DataResource/ALD-E-ImageMiner-main/icdar2026-competition-data/train/atomic-layer-deposition/experimental-usecase/28/images/figure_1.jpg,a,process timing diagram,2
/Users/lingzhou/Resource/DataResource/ALD-E-ImageMiner-main/icdar2026-competition-data/train/atomic-layer-deposition/experimental-usecase/28/images/figure_1.jpg,b,process timing diagram,2
/Users/lingzhou/Resource/DataResource/ALD-E-ImageMiner-main/icdar2026-competition-data/train/atomic-layer-deposition/experimental-usecase/26/images/figure_3.jpg,a,multiple line chart,1
/Users/lingzhou/Resource/DataResource/ALD-E-ImageMiner-main/icdar2026-competition-data/train/atomic-layer-deposition/experimental-usecase/26/images/figure_2.jpg,a,multiple scatter plot,1
/Users/lingzhou/Resource/DataResource/ALD-E-ImageMiner-main/icdar2026-competition-data/train/atomic-layer-deposition/experimental-usecase/26/images/figure_5.jpg,a,bar chart,2
/Users/lingzhou/Resource/DataResource/ALD-E-ImageMiner-main/icdar2026-competition-data/train/atomic-layer-deposition/experimental-usecase/26/images/figure_5.jpg,b,bar chart,2
/Users/lingzhou/Resource/DataResource/ALD-E-ImageMiner-main/icdar2026-competition-data/train/atomic-layer-deposition/experimental-usecase/26/images/figure_9.jpg,a,scatter plot,1
/Users/lingzhou/Resource/DataResource/ALD-E-ImageMiner-main/icdar2026-competition-data/train/atomic-layer-deposition/experimental-usecase/26/images/figure_10.jpg,a,spectra chart,1
/Users/lingzhou/Resource/DataResource/ALD-E-ImageMiner-main/icdar2026-competition-data/train/atomic-layer-deposition/experimental-usecase/26/images/figure_11.jpg,a,image panel,1
/Users/lingzhou/Resource/DataResource/ALD-E-ImageMiner-main/icdar2026-competition-data/train/atomic-layer-deposition/experimental-usecase/26/images/figure_8.jpg,a,scatter plot,2
/Users/lingzhou/Resource/DataResource/ALD-E-ImageMiner-main/icdar2026-competition-data/train/atomic-layer-deposition/experimental-usecase/26/images/figure_8.jpg,b,scatter plot,2
/Users/lingzhou/Resource/DataResource/ALD-E-ImageMiner-main/icdar2026-competition-data/train/atomic-layer-deposition/experimental-usecase/26/images/figure_4.jpg,a,multiple scatter plot,1
/Users/lingzhou/Resource/DataResource/ALD-E-ImageMiner-main/icdar2026-competition-data/train/atomic-layer-deposition/experimental-usecase/26/images/figure_7.jpg,a,line chart,2
/Users/lingzhou/Resource/DataResource/ALD-E-ImageMiner-main/icdar2026-competition-data/train/atomic-layer-deposition/experimental-usecase/26/images/figure_7.jpg,b,multi-axis chart,2
/Users/lingzhou/Resource/DataResource/ALD-E-ImageMiner-main/icdar2026-competition-data/train/atomic-layer-deposition/experimental-usecase/26/images/figure_12.jpg,a,image panel,2
/Users/lingzhou/Resource/DataResource/ALD-E-ImageMiner-main/icdar2026-competition-data/train/atomic-layer-deposition/experimental-usecase/26/images/figure_12.jpg,b,image panel,2
/Users/lingzhou/Resource/DataResource/ALD-E-ImageMiner-main/icdar2026-competition-data/train/atomic-layer-deposition/experimental-usecase/26/images/figure_13.jpg,a,image panel,2
/Users/lingzhou/Resource/DataResource/ALD-E-ImageMiner-main/icdar2026-competition-data/train/atomic-layer-deposition/experimental-usecase/26/images/figure_13.jpg,b,image panel,2
/Users/lingzhou/Resource/DataResource/ALD-E-ImageMiner-main/icdar2026-competition-data/train/atomic-layer-deposition/experimental-usecase/26/images/figure_6.jpg,a,scatter plot,1
/Users/lingzhou/Resource/DataResource/ALD-E-ImageMiner-main/icdar2026-competition-data/train/atomic-layer-deposition/experimental-usecase/26/images/figure_1.jpg,a,multiple line chart,1
/Users/lingzhou/Resource/DataResource/ALD-E-ImageMiner-main/icdar2026-competition-data/train/atomic-layer-deposition/experimental-usecase/8/images/figure_3.jpg,a,scatter plot,3
/Users/lingzhou/Resource/DataResource/ALD-E-ImageMiner-main/icdar2026-competition-data/train/atomic-layer-deposition/experimental-usecase/8/images/figure_3.jpg,b,multiple scatter plot,3
/Users/lingzhou/Resource/DataResource/ALD-E-ImageMiner-main/icdar2026-competition-data/train/atomic-layer-deposition/experimental-usecase/8/images/figure_3.jpg,c,line chart,3
/Users/lingzhou/Resource/DataResource/ALD-E-ImageMiner-main/icdar2026-competition-data/train/atomic-layer-deposition/experimental-usecase/8/images/figure_2.jpg,a,conceptual diagram,2
/Users/lingzhou/Resource/DataResource/ALD-E-ImageMiner-main/icdar2026-competition-data/train/atomic-layer-deposition/experimental-usecase/8/images/figure_2.jpg,b,conceptual diagram,2
/Users/lingzhou/Resource/DataResource/ALD-E-ImageMiner-main/icdar2026-competition-data/train/atomic-layer-deposition/experimental-usecase/8/images/figure_5.jpg,a,box plot,1
/Users/lingzhou/Resource/DataResource/ALD-E-ImageMiner-main/icdar2026-competition-data/train/atomic-layer-deposition/experimental-usecase/8/images/figure_9.jpg,a,multi spectra chart,4
/Users/lingzhou/Resource/DataResource/ALD-E-ImageMiner-main/icdar2026-competition-data/train/atomic-layer-deposition/experimental-usecase/8/images/figure_9.jpg,b,spectra chart,4
/Users/lingzhou/Resource/DataResource/ALD-E-ImageMiner-main/icdar2026-competition-data/train/atomic-layer-deposition/experimental-usecase/8/images/figure_9.jpg,c,spectra chart,4
/Users/lingzhou/Resource/DataResource/ALD-E-ImageMiner-main/icdar2026-competition-data/train/atomic-layer-deposition/experimental-usecase/8/images/figure_9.jpg,d,stacked spectra chart,4
/Users/lingzhou/Resource/DataResource/ALD-E-ImageMiner-main/icdar2026-competition-data/train/atomic-layer-deposition/experimental-usecase/8/images/figure_10.jpg,a,molecular structure diagram,16
/Users/lingzhou/Resource/DataResource/ALD-E-ImageMiner-main/icdar2026-competition-data/train/atomic-layer-deposition/experimental-usecase/8/images/figure_10.jpg,b,molecular structure diagram,16
/Users/lingzhou/Resource/DataResource/ALD-E-ImageMiner-main/icdar2026-competition-data/train/atomic-layer-deposition/experimental-usecase/8/images/figure_10.jpg,c,molecular structure diagram,16
/Users/lingzhou/Resource/DataResource/ALD-E-ImageMiner-main/icdar2026-competition-data/train/atomic-layer-deposition/experimental-usecase/8/images/figure_10.jpg,d,molecular structure diagram,16
/Users/lingzhou/Resource/DataResource/ALD-E-ImageMiner-main/icdar2026-competition-data/train/atomic-layer-deposition/experimental-usecase/8/images/figure_10.jpg,e,molecular structure diagram,16
/Users/lingzhou/Resource/DataResource/ALD-E-ImageMiner-main/icdar2026-competition-data/train/atomic-layer-deposition/experimental-usecase/8/images/figure_10.jpg,f,molecular structure diagram,16
/Users/lingzhou/Resource/DataResource/ALD-E-ImageMiner-main/icdar2026-competition-data/train/atomic-layer-deposition/experimental-usecase/8/images/figure_10.jpg,g,molecular structure diagram,16
/Users/lingzhou/Resource/DataResource/ALD-E-ImageMiner-main/icdar2026-competition-data/train/atomic-layer-deposition/experimental-usecase/8/images/figure_10.jpg,h,molecular structure diagram,16
/Users/lingzhou/Resource/DataResource/ALD-E-ImageMiner-main/icdar2026-competition-data/train/atomic-layer-deposition/experimental-usecase/8/images/figure_10.jpg,i,molecular structure diagram,16
/Users/lingzhou/Resource/DataResource/ALD-E-ImageMiner-main/icdar2026-competition-data/train/atomic-layer-deposition/experimental-usecase/8/images/figure_10.jpg,j,molecular structure diagram,16
/Users/lingzhou/Resource/DataResource/ALD-E-ImageMiner-main/icdar2026-competition-data/train/atomic-layer-deposition/experimental-usecase/8/images/figure_10.jpg,k,molecular structure diagram,16
/Users/lingzhou/Resource/DataResource/ALD-E-ImageMiner-main/icdar2026-competition-data/train/atomic-layer-deposition/experimental-usecase/8/images/figure_10.jpg,l,molecular structure diagram,16
/Users/lingzhou/Resource/DataResource/ALD-E-ImageMiner-main/icdar2026-competition-data/train/atomic-layer-deposition/experimental-usecase/8/images/figure_10.jpg,m,molecular structure diagram,16
/Users/lingzhou/Resource/DataResource/ALD-E-ImageMiner-main/icdar2026-competition-data/train/atomic-layer-deposition/experimental-usecase/8/images/figure_10.jpg,n,molecular structure diagram,16
/Users/lingzhou/Resource/DataResource/ALD-E-ImageMiner-main/icdar2026-competition-data/train/atomic-layer-deposition/experimental-usecase/8/images/figure_10.jpg,o,molecular structure diagram,16
/Users/lingzhou/Resource/DataResource/ALD-E-ImageMiner-main/icdar2026-competition-data/train/atomic-layer-deposition/experimental-usecase/8/images/figure_10.jpg,p,molecular structure diagram,16
/Users/lingzhou/Resource/DataResource/ALD-E-ImageMiner-main/icdar2026-competition-data/train/atomic-layer-deposition/experimental-usecase/8/images/figure_11.jpg,a,stacked spectra chart,1
/Users/lingzhou/Resource/DataResource/ALD-E-ImageMiner-main/icdar2026-competition-data/train/atomic-layer-deposition/experimental-usecase/8/images/figure_8.jpg,a,conceptual diagram,2
/Users/lingzhou/Resource/DataResource/ALD-E-ImageMiner-main/icdar2026-competition-data/train/atomic-layer-deposition/experimental-usecase/8/images/figure_8.jpg,b,conceptual diagram,2
/Users/lingzhou/Resource/DataResource/ALD-E-ImageMiner-main/icdar2026-competition-data/train/atomic-layer-deposition/experimental-usecase/8/images/figure_4.jpg,a,molecular structure diagram,2
/Users/lingzhou/Resource/DataResource/ALD-E-ImageMiner-main/icdar2026-competition-data/train/atomic-layer-deposition/experimental-usecase/8/images/figure_4.jpg,b,periodic table map,2
/Users/lingzhou/Resource/DataResource/ALD-E-ImageMiner-main/icdar2026-competition-data/train/atomic-layer-deposition/experimental-usecase/8/images/figure_7.jpg,a,conceptual diagram,2
/Users/lingzhou/Resource/DataResource/ALD-E-ImageMiner-main/icdar2026-competition-data/train/atomic-layer-deposition/experimental-usecase/8/images/figure_7.jpg,b,conceptual diagram,2
/Users/lingzhou/Resource/DataResource/ALD-E-ImageMiner-main/icdar2026-competition-data/train/atomic-layer-deposition/experimental-usecase/8/images/figure_12.jpg,a,multi spectra chart,2
/Users/lingzhou/Resource/DataResource/ALD-E-ImageMiner-main/icdar2026-competition-data/train/atomic-layer-deposition/experimental-usecase/8/images/figure_12.jpg,b,unknown,2
/Users/lingzhou/Resource/DataResource/ALD-E-ImageMiner-main/icdar2026-competition-data/train/atomic-layer-deposition/experimental-usecase/8/images/figure_13.jpg,a,chromaticity diagram,1
/Users/lingzhou/Resource/DataResource/ALD-E-ImageMiner-main/icdar2026-competition-data/train/atomic-layer-deposition/experimental-usecase/8/images/figure_6.jpg,a,scatter plot,2
/Users/lingzhou/Resource/DataResource/ALD-E-ImageMiner-main/icdar2026-competition-data/train/atomic-layer-deposition/experimental-usecase/8/images/figure_6.jpg,b,scatter plot,2
/Users/lingzhou/Resource/DataResource/ALD-E-ImageMiner-main/icdar2026-competition-data/train/atomic-layer-deposition/experimental-usecase/8/images/figure_14.jpg,a,stacked spectra chart,3
/Users/lingzhou/Resource/DataResource/ALD-E-ImageMiner-main/icdar2026-competition-data/train/atomic-layer-deposition/experimental-usecase/8/images/figure_14.jpg,b,apparatus diagram,3
/Users/lingzhou/Resource/DataResource/ALD-E-ImageMiner-main/icdar2026-competition-data/train/atomic-layer-deposition/experimental-usecase/8/images/figure_14.jpg,c,multiple line chart,3
/Users/lingzhou/Resource/DataResource/ALD-E-ImageMiner-main/icdar2026-competition-data/train/atomic-layer-deposition/experimental-usecase/8/images/figure_1.jpg,a,stacked bar chart,1
/Users/lingzhou/Resource/DataResource/ALD-E-ImageMiner-main/icdar2026-competition-data/train/atomic-layer-deposition/experimental-usecase/8/images/figure_15.jpg,a,conceptual diagram,4
/Users/lingzhou/Resource/DataResource/ALD-E-ImageMiner-main/icdar2026-competition-data/train/atomic-layer-deposition/experimental-usecase/8/images/figure_15.jpg,b,spectra chart,4
/Users/lingzhou/Resource/DataResource/ALD-E-ImageMiner-main/icdar2026-competition-data/train/atomic-layer-deposition/experimental-usecase/8/images/figure_15.jpg,c,spectra chart,4
/Users/lingzhou/Resource/DataResource/ALD-E-ImageMiner-main/icdar2026-competition-data/train/atomic-layer-deposition/experimental-usecase/8/images/figure_15.jpg,d,band diagram,4
/Users/lingzhou/Resource/DataResource/ALD-E-ImageMiner-main/icdar2026-competition-data/train/atomic-layer-deposition/experimental-usecase/44/images/figure_3.jpg,a,image panel,2
/Users/lingzhou/Resource/DataResource/ALD-E-ImageMiner-main/icdar2026-competition-data/train/atomic-layer-deposition/experimental-usecase/44/images/figure_3.jpg,b,image panel,2
/Users/lingzhou/Resource/DataResource/ALD-E-ImageMiner-main/icdar2026-competition-data/train/atomic-layer-deposition/experimental-usecase/44/images/figure_2.jpg,a,image panel,2
/Users/lingzhou/Resource/DataResource/ALD-E-ImageMiner-main/icdar2026-competition-data/train/atomic-layer-deposition/experimental-usecase/44/images/figure_2.jpg,b,image panel,2
/Users/lingzhou/Resource/DataResource/ALD-E-ImageMiner-main/icdar2026-competition-data/train/atomic-layer-deposition/experimental-usecase/44/images/figure_5.jpg,a,image panel,2
/Users/lingzhou/Resource/DataResource/ALD-E-ImageMiner-main/icdar2026-competition-data/train/atomic-layer-deposition/experimental-usecase/44/images/figure_5.jpg,b,image panel,2
/Users/lingzhou/Resource/DataResource/ALD-E-ImageMiner-main/icdar2026-competition-data/train/atomic-layer-deposition/experimental-usecase/44/images/figure_4.jpg,a,stacked spectra chart,1
/Users/lingzhou/Resource/DataResource/ALD-E-ImageMiner-main/icdar2026-competition-data/train/atomic-layer-deposition/experimental-usecase/44/images/figure_7.jpg,a,image panel,1
/Users/lingzhou/Resource/DataResource/ALD-E-ImageMiner-main/icdar2026-competition-data/train/atomic-layer-deposition/experimental-usecase/44/images/figure_6.jpg,a,image panel,2
/Users/lingzhou/Resource/DataResource/ALD-E-ImageMiner-main/icdar2026-competition-data/train/atomic-layer-deposition/experimental-usecase/44/images/figure_6.jpg,b,image panel,2
/Users/lingzhou/Resource/DataResource/ALD-E-ImageMiner-main/icdar2026-competition-data/train/atomic-layer-deposition/experimental-usecase/44/images/figure_1.jpg,a,image panel,4
/Users/lingzhou/Resource/DataResource/ALD-E-ImageMiner-main/icdar2026-competition-data/train/atomic-layer-deposition/experimental-usecase/44/images/figure_1.jpg,b,image panel,4
/Users/lingzhou/Resource/DataResource/ALD-E-ImageMiner-main/icdar2026-competition-data/train/atomic-layer-deposition/experimental-usecase/44/images/figure_1.jpg,c,image panel,4
/Users/lingzhou/Resource/DataResource/ALD-E-ImageMiner-main/icdar2026-competition-data/train/atomic-layer-deposition/experimental-usecase/44/images/figure_1.jpg,d,image panel,4
/Users/lingzhou/Resource/DataResource/ALD-E-ImageMiner-main/icdar2026-competition-data/train/atomic-layer-deposition/experimental-usecase/38/images/figure_3.jpg,a,stacked spectra chart,2
/Users/lingzhou/Resource/DataResource/ALD-E-ImageMiner-main/icdar2026-competition-data/train/atomic-layer-deposition/experimental-usecase/38/images/figure_3.jpg,b,stacked spectra chart,2
/Users/lingzhou/Resource/DataResource/ALD-E-ImageMiner-main/icdar2026-competition-data/train/atomic-layer-deposition/experimental-usecase/38/images/figure_2.jpg,a,multiple line chart,6
/Users/lingzhou/Resource/DataResource/ALD-E-ImageMiner-main/icdar2026-competition-data/train/atomic-layer-deposition/experimental-usecase/38/images/figure_2.jpg,b,multiple line chart,6
/Users/lingzhou/Resource/DataResource/ALD-E-ImageMiner-main/icdar2026-competition-data/train/atomic-layer-deposition/experimental-usecase/38/images/figure_2.jpg,c,multiple line chart,6
/Users/lingzhou/Resource/DataResource/ALD-E-ImageMiner-main/icdar2026-competition-data/train/atomic-layer-deposition/experimental-usecase/38/images/figure_2.jpg,d,multiple line chart,6
/Users/lingzhou/Resource/DataResource/ALD-E-ImageMiner-main/icdar2026-competition-data/train/atomic-layer-deposition/experimental-usecase/38/images/figure_2.jpg,e,multiple line chart,6
/Users/lingzhou/Resource/DataResource/ALD-E-ImageMiner-main/icdar2026-competition-data/train/atomic-layer-deposition/experimental-usecase/38/images/figure_2.jpg,f,multiple line chart,6
/Users/lingzhou/Resource/DataResource/ALD-E-ImageMiner-main/icdar2026-competition-data/train/atomic-layer-deposition/experimental-usecase/38/images/figure_5.jpg,a,stacked spectra chart,2
/Users/lingzhou/Resource/DataResource/ALD-E-ImageMiner-main/icdar2026-competition-data/train/atomic-layer-deposition/experimental-usecase/38/images/figure_5.jpg,b,stacked spectra chart,2
/Users/lingzhou/Resource/DataResource/ALD-E-ImageMiner-main/icdar2026-competition-data/train/atomic-layer-deposition/experimental-usecase/38/images/figure_9.jpg,a,stacked spectra chart,4
/Users/lingzhou/Resource/DataResource/ALD-E-ImageMiner-main/icdar2026-competition-data/train/atomic-layer-deposition/experimental-usecase/38/images/figure_9.jpg,b,stacked spectra chart,4
/Users/lingzhou/Resource/DataResource/ALD-E-ImageMiner-main/icdar2026-competition-data/train/atomic-layer-deposition/experimental-usecase/38/images/figure_9.jpg,c,stacked spectra chart,4
/Users/lingzhou/Resource/DataResource/ALD-E-ImageMiner-main/icdar2026-competition-data/train/atomic-layer-deposition/experimental-usecase/38/images/figure_9.jpg,d,stacked spectra chart,4
/Users/lingzhou/Resource/DataResource/ALD-E-ImageMiner-main/icdar2026-competition-data/train/atomic-layer-deposition/experimental-usecase/38/images/figure_10.jpg,a,multi spectra chart,6
/Users/lingzhou/Resource/DataResource/ALD-E-ImageMiner-main/icdar2026-competition-data/train/atomic-layer-deposition/experimental-usecase/38/images/figure_10.jpg,b,multi spectra chart,6
/Users/lingzhou/Resource/DataResource/ALD-E-ImageMiner-main/icdar2026-competition-data/train/atomic-layer-deposition/experimental-usecase/38/images/figure_10.jpg,c,multi spectra chart,6
/Users/lingzhou/Resource/DataResource/ALD-E-ImageMiner-main/icdar2026-competition-data/train/atomic-layer-deposition/experimental-usecase/38/images/figure_10.jpg,d,multi spectra chart,6
/Users/lingzhou/Resource/DataResource/ALD-E-ImageMiner-main/icdar2026-competition-data/train/atomic-layer-deposition/experimental-usecase/38/images/figure_10.jpg,e,stacked spectra chart,6
/Users/lingzhou/Resource/DataResource/ALD-E-ImageMiner-main/icdar2026-competition-data/train/atomic-layer-deposition/experimental-usecase/38/images/figure_10.jpg,f,stacked spectra chart,6
/Users/lingzhou/Resource/DataResource/ALD-E-ImageMiner-main/icdar2026-competition-data/train/atomic-layer-deposition/experimental-usecase/38/images/figure_11.jpg,a,line chart,1
/Users/lingzhou/Resource/DataResource/ALD-E-ImageMiner-main/icdar2026-competition-data/train/atomic-layer-deposition/experimental-usecase/38/images/figure_8.jpg,a,stacked spectra chart,1
/Users/lingzhou/Resource/DataResource/ALD-E-ImageMiner-main/icdar2026-competition-data/train/atomic-layer-deposition/experimental-usecase/38/images/figure_4.jpg,a,multi spectra chart,3
/Users/lingzhou/Resource/DataResource/ALD-E-ImageMiner-main/icdar2026-competition-data/train/atomic-layer-deposition/experimental-usecase/38/images/figure_4.jpg,b,multi spectra chart,3
/Users/lingzhou/Resource/DataResource/ALD-E-ImageMiner-main/icdar2026-competition-data/train/atomic-layer-deposition/experimental-usecase/38/images/figure_4.jpg,c,stacked spectra chart,3
/Users/lingzhou/Resource/DataResource/ALD-E-ImageMiner-main/icdar2026-competition-data/train/atomic-layer-deposition/experimental-usecase/38/images/figure_7.jpg,a,stacked spectra chart,6
/Users/lingzhou/Resource/DataResource/ALD-E-ImageMiner-main/icdar2026-competition-data/train/atomic-layer-deposition/experimental-usecase/38/images/figure_7.jpg,b,stacked spectra chart,6
/Users/lingzhou/Resource/DataResource/ALD-E-ImageMiner-main/icdar2026-competition-data/train/atomic-layer-deposition/experimental-usecase/38/images/figure_7.jpg,c,stacked spectra chart,6
/Users/lingzhou/Resource/DataResource/ALD-E-ImageMiner-main/icdar2026-competition-data/train/atomic-layer-deposition/experimental-usecase/38/images/figure_7.jpg,d,stacked spectra chart,6
/Users/lingzhou/Resource/DataResource/ALD-E-ImageMiner-main/icdar2026-competition-data/train/atomic-layer-deposition/experimental-usecase/38/images/figure_7.jpg,e,stacked spectra chart,6
/Users/lingzhou/Resource/DataResource/ALD-E-ImageMiner-main/icdar2026-competition-data/train/atomic-layer-deposition/experimental-usecase/38/images/figure_7.jpg,f,stacked spectra chart,6
/Users/lingzhou/Resource/DataResource/ALD-E-ImageMiner-main/icdar2026-competition-data/train/atomic-layer-deposition/experimental-usecase/38/images/380883842d329e1d2658af904adc1caac071a4885e5bacdc9cf4eb516fb8605b.jpg,a,molecular structure diagram,2
/Users/lingzhou/Resource/DataResource/ALD-E-ImageMiner-main/icdar2026-competition-data/train/atomic-layer-deposition/experimental-usecase/38/images/380883842d329e1d2658af904adc1caac071a4885e5bacdc9cf4eb516fb8605b.jpg,b,stacked spectra chart,2
/Users/lingzhou/Resource/DataResource/ALD-E-ImageMiner-main/icdar2026-competition-data/train/atomic-layer-deposition/experimental-usecase/38/images/figure_6.jpg,a,multi spectra chart,3
/Users/lingzhou/Resource/DataResource/ALD-E-ImageMiner-main/icdar2026-competition-data/train/atomic-layer-deposition/experimental-usecase/38/images/figure_6.jpg,b,multi spectra chart,3
/Users/lingzhou/Resource/DataResource/ALD-E-ImageMiner-main/icdar2026-competition-data/train/atomic-layer-deposition/experimental-usecase/38/images/figure_6.jpg,c,molecular structure diagram,3
/Users/lingzhou/Resource/DataResource/ALD-E-ImageMiner-main/icdar2026-competition-data/train/atomic-layer-deposition/experimental-usecase/38/images/figure_1.jpg,a,molecular structure diagram,2
/Users/lingzhou/Resource/DataResource/ALD-E-ImageMiner-main/icdar2026-competition-data/train/atomic-layer-deposition/experimental-usecase/38/images/figure_1.jpg,b,molecular structure diagram,2
/Users/lingzhou/Resource/DataResource/ALD-E-ImageMiner-main/icdar2026-competition-data/train/atomic-layer-deposition/experimental-usecase/36/images/fig_1.jpg,a,conceptual diagram,1
/Users/lingzhou/Resource/DataResource/ALD-E-ImageMiner-main/icdar2026-competition-data/train/atomic-layer-deposition/experimental-usecase/36/images/fig_7.jpg,a,image panel,2
/Users/lingzhou/Resource/DataResource/ALD-E-ImageMiner-main/icdar2026-competition-data/train/atomic-layer-deposition/experimental-usecase/36/images/fig_7.jpg,b,image panel,2
/Users/lingzhou/Resource/DataResource/ALD-E-ImageMiner-main/icdar2026-competition-data/train/atomic-layer-deposition/experimental-usecase/36/images/fig_10.jpg,a,multi-axis chart,2
/Users/lingzhou/Resource/DataResource/ALD-E-ImageMiner-main/icdar2026-competition-data/train/atomic-layer-deposition/experimental-usecase/36/images/fig_10.jpg,b,multiple scatter plot,2
/Users/lingzhou/Resource/DataResource/ALD-E-ImageMiner-main/icdar2026-competition-data/train/atomic-layer-deposition/experimental-usecase/36/images/fig_11.jpg,a,multiple scatter plot,2
/Users/lingzhou/Resource/DataResource/ALD-E-ImageMiner-main/icdar2026-competition-data/train/atomic-layer-deposition/experimental-usecase/36/images/fig_11.jpg,b,multiple scatter plot,2
/Users/lingzhou/Resource/DataResource/ALD-E-ImageMiner-main/icdar2026-competition-data/train/atomic-layer-deposition/experimental-usecase/36/images/fig_6.jpg,a,spectra chart,1
/Users/lingzhou/Resource/DataResource/ALD-E-ImageMiner-main/icdar2026-competition-data/train/atomic-layer-deposition/experimental-usecase/36/images/fig_12.jpg,a,multiple line chart,5
/Users/lingzhou/Resource/DataResource/ALD-E-ImageMiner-main/icdar2026-competition-data/train/atomic-layer-deposition/experimental-usecase/36/images/fig_12.jpg,b,multiple line chart,5
/Users/lingzhou/Resource/DataResource/ALD-E-ImageMiner-main/icdar2026-competition-data/train/atomic-layer-deposition/experimental-usecase/36/images/fig_12.jpg,c,multiple line chart,5
/Users/lingzhou/Resource/DataResource/ALD-E-ImageMiner-main/icdar2026-competition-data/train/atomic-layer-deposition/experimental-usecase/36/images/fig_12.jpg,d,multiple line chart,5
/Users/lingzhou/Resource/DataResource/ALD-E-ImageMiner-main/icdar2026-competition-data/train/atomic-layer-deposition/experimental-usecase/36/images/fig_12.jpg,e,multiple scatter plot,5
/Users/lingzhou/Resource/DataResource/ALD-E-ImageMiner-main/icdar2026-competition-data/train/atomic-layer-deposition/experimental-usecase/36/images/fig_5.jpg,a,multi-axis chart,1
/Users/lingzhou/Resource/DataResource/ALD-E-ImageMiner-main/icdar2026-competition-data/train/atomic-layer-deposition/experimental-usecase/36/images/fig_4.jpg,a,spectra chart,2
/Users/lingzhou/Resource/DataResource/ALD-E-ImageMiner-main/icdar2026-competition-data/train/atomic-layer-deposition/experimental-usecase/36/images/fig_4.jpg,b,spectra chart,2
/Users/lingzhou/Resource/DataResource/ALD-E-ImageMiner-main/icdar2026-competition-data/train/atomic-layer-deposition/experimental-usecase/36/images/fig_13.jpg,a,multi-axis chart,1
/Users/lingzhou/Resource/DataResource/ALD-E-ImageMiner-main/icdar2026-competition-data/train/atomic-layer-deposition/experimental-usecase/36/images/fig_8.jpg,a,multiple scatter plot,1
/Users/lingzhou/Resource/DataResource/ALD-E-ImageMiner-main/icdar2026-competition-data/train/atomic-layer-deposition/experimental-usecase/36/images/fig9.jpg,a,multiple scatter plot,1
/Users/lingzhou/Resource/DataResource/ALD-E-ImageMiner-main/icdar2026-competition-data/train/atomic-layer-deposition/experimental-usecase/36/images/fig_3.jpg,a,multiple line chart,2
/Users/lingzhou/Resource/DataResource/ALD-E-ImageMiner-main/icdar2026-competition-data/train/atomic-layer-deposition/experimental-usecase/36/images/fig_3.jpg,b,scatter plot,2
/Users/lingzhou/Resource/DataResource/ALD-E-ImageMiner-main/icdar2026-competition-data/train/atomic-layer-deposition/experimental-usecase/36/images/fig_2.jpg,a,process timing diagram,2
/Users/lingzhou/Resource/DataResource/ALD-E-ImageMiner-main/icdar2026-competition-data/train/atomic-layer-deposition/experimental-usecase/36/images/fig_2.jpg,b,image panel,2
/Users/lingzhou/Resource/DataResource/ALD-E-ImageMiner-main/icdar2026-competition-data/train/atomic-layer-deposition/experimental-usecase/31/images/figure_3.jpg,a,multi-axis chart,2
/Users/lingzhou/Resource/DataResource/ALD-E-ImageMiner-main/icdar2026-competition-data/train/atomic-layer-deposition/experimental-usecase/31/images/figure_3.jpg,b,multi-axis chart,2
/Users/lingzhou/Resource/DataResource/ALD-E-ImageMiner-main/icdar2026-competition-data/train/atomic-layer-deposition/experimental-usecase/31/images/figure_2.jpg,a,spectra chart,4
/Users/lingzhou/Resource/DataResource/ALD-E-ImageMiner-main/icdar2026-competition-data/train/atomic-layer-deposition/experimental-usecase/31/images/figure_2.jpg,b,spectra chart,4
/Users/lingzhou/Resource/DataResource/ALD-E-ImageMiner-main/icdar2026-competition-data/train/atomic-layer-deposition/experimental-usecase/31/images/figure_2.jpg,c,spectra chart,4
/Users/lingzhou/Resource/DataResource/ALD-E-ImageMiner-main/icdar2026-competition-data/train/atomic-layer-deposition/experimental-usecase/31/images/figure_2.jpg,d,spectra chart,4
/Users/lingzhou/Resource/DataResource/ALD-E-ImageMiner-main/icdar2026-competition-data/train/atomic-layer-deposition/experimental-usecase/31/images/figure_4.jpg,a,multi spectra chart,1
/Users/lingzhou/Resource/DataResource/ALD-E-ImageMiner-main/icdar2026-competition-data/train/atomic-layer-deposition/experimental-usecase/31/images/figure_1.jpg,a,multiple line chart,1
/Users/lingzhou/Resource/DataResource/ALD-E-ImageMiner-main/icdar2026-competition-data/train/atomic-layer-deposition/experimental-usecase/54/images/figure_3.jpg,a,multiple line chart,2
/Users/lingzhou/Resource/DataResource/ALD-E-ImageMiner-main/icdar2026-competition-data/train/atomic-layer-deposition/experimental-usecase/54/images/figure_3.jpg,b,multiple line chart,2
/Users/lingzhou/Resource/DataResource/ALD-E-ImageMiner-main/icdar2026-competition-data/train/atomic-layer-deposition/experimental-usecase/54/images/figure_2.jpg,a,multiple line chart,1
/Users/lingzhou/Resource/DataResource/ALD-E-ImageMiner-main/icdar2026-competition-data/train/atomic-layer-deposition/experimental-usecase/54/images/figure_5.jpg,a,multiple line chart,1
/Users/lingzhou/Resource/DataResource/ALD-E-ImageMiner-main/icdar2026-competition-data/train/atomic-layer-deposition/experimental-usecase/54/images/figure_9.jpg,a,image panel,3
/Users/lingzhou/Resource/DataResource/ALD-E-ImageMiner-main/icdar2026-competition-data/train/atomic-layer-deposition/experimental-usecase/54/images/figure_9.jpg,b,image panel,3
/Users/lingzhou/Resource/DataResource/ALD-E-ImageMiner-main/icdar2026-competition-data/train/atomic-layer-deposition/experimental-usecase/54/images/figure_9.jpg,c,image panel,3
/Users/lingzhou/Resource/DataResource/ALD-E-ImageMiner-main/icdar2026-competition-data/train/atomic-layer-deposition/experimental-usecase/54/images/figure_10.jpg,a,multiple line chart,1
/Users/lingzhou/Resource/DataResource/ALD-E-ImageMiner-main/icdar2026-competition-data/train/atomic-layer-deposition/experimental-usecase/54/images/figure_11.jpg,a,scatter plot,1
/Users/lingzhou/Resource/DataResource/ALD-E-ImageMiner-main/icdar2026-competition-data/train/atomic-layer-deposition/experimental-usecase/54/images/figure_8.jpg,a,multi-axis chart,2
/Users/lingzhou/Resource/DataResource/ALD-E-ImageMiner-main/icdar2026-competition-data/train/atomic-layer-deposition/experimental-usecase/54/images/figure_8.jpg,b,multi-axis chart,2
/Users/lingzhou/Resource/DataResource/ALD-E-ImageMiner-main/icdar2026-competition-data/train/atomic-layer-deposition/experimental-usecase/54/images/figure_4.jpg,a,spectra chart,2
/Users/lingzhou/Resource/DataResource/ALD-E-ImageMiner-main/icdar2026-competition-data/train/atomic-layer-deposition/experimental-usecase/54/images/figure_4.jpg,b,spectra chart,2
/Users/lingzhou/Resource/DataResource/ALD-E-ImageMiner-main/icdar2026-competition-data/train/atomic-layer-deposition/experimental-usecase/54/images/figure_7.jpg,a,stacked spectra chart,1
/Users/lingzhou/Resource/DataResource/ALD-E-ImageMiner-main/icdar2026-competition-data/train/atomic-layer-deposition/experimental-usecase/54/images/figure_6.jpg,a,stacked spectra chart,1
/Users/lingzhou/Resource/DataResource/ALD-E-ImageMiner-main/icdar2026-competition-data/train/atomic-layer-deposition/experimental-usecase/54/images/figure_1.jpg,a,apparatus diagram,2
/Users/lingzhou/Resource/DataResource/ALD-E-ImageMiner-main/icdar2026-competition-data/train/atomic-layer-deposition/experimental-usecase/54/images/figure_1.jpg,b,unknown,2
/Users/lingzhou/Resource/DataResource/ALD-E-ImageMiner-main/icdar2026-competition-data/train/atomic-layer-deposition/experimental-usecase/30/images/figure_3.jpg,a,stacked spectra chart,3
/Users/lingzhou/Resource/DataResource/ALD-E-ImageMiner-main/icdar2026-competition-data/train/atomic-layer-deposition/experimental-usecase/30/images/figure_3.jpg,b,stacked spectra chart,3
/Users/lingzhou/Resource/DataResource/ALD-E-ImageMiner-main/icdar2026-competition-data/train/atomic-layer-deposition/experimental-usecase/30/images/figure_3.jpg,c,stacked spectra chart,3
/Users/lingzhou/Resource/DataResource/ALD-E-ImageMiner-main/icdar2026-competition-data/train/atomic-layer-deposition/experimental-usecase/30/images/figure_2.jpg,a,stacked spectra chart,3
/Users/lingzhou/Resource/DataResource/ALD-E-ImageMiner-main/icdar2026-competition-data/train/atomic-layer-deposition/experimental-usecase/30/images/figure_2.jpg,b,stacked spectra chart,3
/Users/lingzhou/Resource/DataResource/ALD-E-ImageMiner-main/icdar2026-competition-data/train/atomic-layer-deposition/experimental-usecase/30/images/figure_2.jpg,c,stacked spectra chart,3
/Users/lingzhou/Resource/DataResource/ALD-E-ImageMiner-main/icdar2026-competition-data/train/atomic-layer-deposition/experimental-usecase/30/images/1b78016cb355e70dc8f9df6a158ffa618b7d7b3846cf68bd31bde9dd7bfc1aaf.jpg,a,image panel,2
/Users/lingzhou/Resource/DataResource/ALD-E-ImageMiner-main/icdar2026-competition-data/train/atomic-layer-deposition/experimental-usecase/30/images/1b78016cb355e70dc8f9df6a158ffa618b7d7b3846cf68bd31bde9dd7bfc1aaf.jpg,b,image panel,2
/Users/lingzhou/Resource/DataResource/ALD-E-ImageMiner-main/icdar2026-competition-data/train/atomic-layer-deposition/experimental-usecase/30/images/figure_5.jpg,a,stacked spectra chart,1
/Users/lingzhou/Resource/DataResource/ALD-E-ImageMiner-main/icdar2026-competition-data/train/atomic-layer-deposition/experimental-usecase/30/images/figure_9.jpg,a,multiple line chart,3
/Users/lingzhou/Resource/DataResource/ALD-E-ImageMiner-main/icdar2026-competition-data/train/atomic-layer-deposition/experimental-usecase/30/images/figure_9.jpg,b,multiple line chart,3
/Users/lingzhou/Resource/DataResource/ALD-E-ImageMiner-main/icdar2026-competition-data/train/atomic-layer-deposition/experimental-usecase/30/images/figure_9.jpg,c,multiple line chart,3
/Users/lingzhou/Resource/DataResource/ALD-E-ImageMiner-main/icdar2026-competition-data/train/atomic-layer-deposition/experimental-usecase/30/images/figure_8.jpg,a,multiple line chart,4
/Users/lingzhou/Resource/DataResource/ALD-E-ImageMiner-main/icdar2026-competition-data/train/atomic-layer-deposition/experimental-usecase/30/images/figure_8.jpg,b,multiple line chart,4
/Users/lingzhou/Resource/DataResource/ALD-E-ImageMiner-main/icdar2026-competition-data/train/atomic-layer-deposition/experimental-usecase/30/images/figure_8.jpg,c,multiple line chart,4
/Users/lingzhou/Resource/DataResource/ALD-E-ImageMiner-main/icdar2026-competition-data/train/atomic-layer-deposition/experimental-usecase/30/images/figure_8.jpg,d,multiple line chart,4
/Users/lingzhou/Resource/DataResource/ALD-E-ImageMiner-main/icdar2026-competition-data/train/atomic-layer-deposition/experimental-usecase/30/images/figure_4.jpg,a,stacked spectra chart,2
/Users/lingzhou/Resource/DataResource/ALD-E-ImageMiner-main/icdar2026-competition-data/train/atomic-layer-deposition/experimental-usecase/30/images/figure_4.jpg,b,stacked spectra chart,2
/Users/lingzhou/Resource/DataResource/ALD-E-ImageMiner-main/icdar2026-competition-data/train/atomic-layer-deposition/experimental-usecase/30/images/figure_7.jpg,a,image panel,4
/Users/lingzhou/Resource/DataResource/ALD-E-ImageMiner-main/icdar2026-competition-data/train/atomic-layer-deposition/experimental-usecase/30/images/figure_7.jpg,b,image panel,4
/Users/lingzhou/Resource/DataResource/ALD-E-ImageMiner-main/icdar2026-competition-data/train/atomic-layer-deposition/experimental-usecase/30/images/figure_7.jpg,c,image panel,4
/Users/lingzhou/Resource/DataResource/ALD-E-ImageMiner-main/icdar2026-competition-data/train/atomic-layer-deposition/experimental-usecase/30/images/figure_7.jpg,d,image panel,4
/Users/lingzhou/Resource/DataResource/ALD-E-ImageMiner-main/icdar2026-competition-data/train/atomic-layer-deposition/experimental-usecase/30/images/figure_6.jpg,a,image panel,4
/Users/lingzhou/Resource/DataResource/ALD-E-ImageMiner-main/icdar2026-competition-data/train/atomic-layer-deposition/experimental-usecase/30/images/figure_6.jpg,b,image panel,4
/Users/lingzhou/Resource/DataResource/ALD-E-ImageMiner-main/icdar2026-competition-data/train/atomic-layer-deposition/experimental-usecase/30/images/figure_6.jpg,c,image panel,4
/Users/lingzhou/Resource/DataResource/ALD-E-ImageMiner-main/icdar2026-competition-data/train/atomic-layer-deposition/experimental-usecase/30/images/figure_6.jpg,d,image panel,4
/Users/lingzhou/Resource/DataResource/ALD-E-ImageMiner-main/icdar2026-competition-data/train/atomic-layer-deposition/experimental-usecase/30/images/figure_1.jpg,a,stacked spectra chart,3
/Users/lingzhou/Resource/DataResource/ALD-E-ImageMiner-main/icdar2026-competition-data/train/atomic-layer-deposition/experimental-usecase/30/images/figure_1.jpg,b,stacked spectra chart,3
/Users/lingzhou/Resource/DataResource/ALD-E-ImageMiner-main/icdar2026-competition-data/train/atomic-layer-deposition/experimental-usecase/30/images/figure_1.jpg,c,stacked spectra chart,3
/Users/lingzhou/Resource/DataResource/ALD-E-ImageMiner-main/icdar2026-competition-data/train/atomic-layer-deposition/experimental-usecase/37/images/figure_3.jpg,a,molecular structure diagram,5
/Users/lingzhou/Resource/DataResource/ALD-E-ImageMiner-main/icdar2026-competition-data/train/atomic-layer-deposition/experimental-usecase/37/images/figure_3.jpg,b,polar chart (rose chart),5
/Users/lingzhou/Resource/DataResource/ALD-E-ImageMiner-main/icdar2026-competition-data/train/atomic-layer-deposition/experimental-usecase/37/images/figure_3.jpg,c,spectra chart,5
/Users/lingzhou/Resource/DataResource/ALD-E-ImageMiner-main/icdar2026-competition-data/train/atomic-layer-deposition/experimental-usecase/37/images/figure_3.jpg,d,spectra chart,5
/Users/lingzhou/Resource/DataResource/ALD-E-ImageMiner-main/icdar2026-competition-data/train/atomic-layer-deposition/experimental-usecase/37/images/figure_3.jpg,e,stacked spectra chart,5
/Users/lingzhou/Resource/DataResource/ALD-E-ImageMiner-main/icdar2026-competition-data/train/atomic-layer-deposition/experimental-usecase/37/images/figure_2.jpg,a,stacked spectra chart,1
/Users/lingzhou/Resource/DataResource/ALD-E-ImageMiner-main/icdar2026-competition-data/train/atomic-layer-deposition/experimental-usecase/37/images/figure_1.jpg,a,multi spectra chart,5
/Users/lingzhou/Resource/DataResource/ALD-E-ImageMiner-main/icdar2026-competition-data/train/atomic-layer-deposition/experimental-usecase/37/images/figure_1.jpg,b,stacked spectra chart,5
/Users/lingzhou/Resource/DataResource/ALD-E-ImageMiner-main/icdar2026-competition-data/train/atomic-layer-deposition/experimental-usecase/37/images/figure_1.jpg,c,image panel,5
/Users/lingzhou/Resource/DataResource/ALD-E-ImageMiner-main/icdar2026-competition-data/train/atomic-layer-deposition/experimental-usecase/37/images/figure_1.jpg,d,molecular structure diagram,5
/Users/lingzhou/Resource/DataResource/ALD-E-ImageMiner-main/icdar2026-competition-data/train/atomic-layer-deposition/experimental-usecase/37/images/figure_1.jpg,e,molecular structure diagram,5
/Users/lingzhou/Resource/DataResource/ALD-E-ImageMiner-main/icdar2026-competition-data/train/atomic-layer-deposition/experimental-usecase/52/images/figure_3.jpg,a,line chart,2
/Users/lingzhou/Resource/DataResource/ALD-E-ImageMiner-main/icdar2026-competition-data/train/atomic-layer-deposition/experimental-usecase/52/images/figure_3.jpg,b,line chart,2
/Users/lingzhou/Resource/DataResource/ALD-E-ImageMiner-main/icdar2026-competition-data/train/atomic-layer-deposition/experimental-usecase/52/images/figure_2.jpg,a,process flow diagram,2
/Users/lingzhou/Resource/DataResource/ALD-E-ImageMiner-main/icdar2026-competition-data/train/atomic-layer-deposition/experimental-usecase/52/images/figure_2.jpg,b,conceptual diagram,2
/Users/lingzhou/Resource/DataResource/ALD-E-ImageMiner-main/icdar2026-competition-data/train/atomic-layer-deposition/experimental-usecase/52/images/figure_5.jpg,a,multiple line chart,1
/Users/lingzhou/Resource/DataResource/ALD-E-ImageMiner-main/icdar2026-competition-data/train/atomic-layer-deposition/experimental-usecase/52/images/figure_9.jpg,a,multiple line chart,3
/Users/lingzhou/Resource/DataResource/ALD-E-ImageMiner-main/icdar2026-competition-data/train/atomic-layer-deposition/experimental-usecase/52/images/figure_9.jpg,b,multiple line chart,3
/Users/lingzhou/Resource/DataResource/ALD-E-ImageMiner-main/icdar2026-competition-data/train/atomic-layer-deposition/experimental-usecase/52/images/figure_9.jpg,c,multi-axis chart,3
/Users/lingzhou/Resource/DataResource/ALD-E-ImageMiner-main/icdar2026-competition-data/train/atomic-layer-deposition/experimental-usecase/52/images/figure_8.jpg,a,multi spectra chart,1
/Users/lingzhou/Resource/DataResource/ALD-E-ImageMiner-main/icdar2026-competition-data/train/atomic-layer-deposition/experimental-usecase/52/images/figure_4.jpg,a,line chart,1
/Users/lingzhou/Resource/DataResource/ALD-E-ImageMiner-main/icdar2026-competition-data/train/atomic-layer-deposition/experimental-usecase/52/images/figure_7.jpg,a,stacked spectra chart,1
/Users/lingzhou/Resource/DataResource/ALD-E-ImageMiner-main/icdar2026-competition-data/train/atomic-layer-deposition/experimental-usecase/52/images/figure_6.jpg,a,multi-axis chart,1
/Users/lingzhou/Resource/DataResource/ALD-E-ImageMiner-main/icdar2026-competition-data/train/atomic-layer-deposition/experimental-usecase/52/images/figure_1.jpg,a,apparatus diagram,2
/Users/lingzhou/Resource/DataResource/ALD-E-ImageMiner-main/icdar2026-competition-data/train/atomic-layer-deposition/experimental-usecase/52/images/figure_1.jpg,b,conceptual diagram,2
/Users/lingzhou/Resource/DataResource/ALD-E-ImageMiner-main/icdar2026-competition-data/train/atomic-layer-deposition/experimental-usecase/63/images/fig_1.jpg,a,scatter plot,3
/Users/lingzhou/Resource/DataResource/ALD-E-ImageMiner-main/icdar2026-competition-data/train/atomic-layer-deposition/experimental-usecase/63/images/fig_1.jpg,b,scatter plot,3
/Users/lingzhou/Resource/DataResource/ALD-E-ImageMiner-main/icdar2026-competition-data/train/atomic-layer-deposition/experimental-usecase/63/images/fig_1.jpg,c,scatter plot,3
/Users/lingzhou/Resource/DataResource/ALD-E-ImageMiner-main/icdar2026-competition-data/train/atomic-layer-deposition/experimental-usecase/63/images/fig_5.jpg,a,multi-axis chart,1
/Users/lingzhou/Resource/DataResource/ALD-E-ImageMiner-main/icdar2026-competition-data/train/atomic-layer-deposition/experimental-usecase/63/images/fig_4.jpg,a,3d scatter plot,2
/Users/lingzhou/Resource/DataResource/ALD-E-ImageMiner-main/icdar2026-competition-data/train/atomic-layer-deposition/experimental-usecase/63/images/fig_4.jpg,b,3d scatter plot,2
/Users/lingzhou/Resource/DataResource/ALD-E-ImageMiner-main/icdar2026-competition-data/train/atomic-layer-deposition/experimental-usecase/63/images/fig_3.jpg,a,spectra chart,2
/Users/lingzhou/Resource/DataResource/ALD-E-ImageMiner-main/icdar2026-competition-data/train/atomic-layer-deposition/experimental-usecase/63/images/fig_3.jpg,b,spectra chart,2
/Users/lingzhou/Resource/DataResource/ALD-E-ImageMiner-main/icdar2026-competition-data/train/atomic-layer-deposition/experimental-usecase/63/images/fig_2.jpg,a,spectra chart,2
/Users/lingzhou/Resource/DataResource/ALD-E-ImageMiner-main/icdar2026-competition-data/train/atomic-layer-deposition/experimental-usecase/63/images/fig_2.jpg,b,spectra chart,2
/Users/lingzhou/Resource/DataResource/ALD-E-ImageMiner-main/icdar2026-competition-data/train/atomic-layer-deposition/experimental-usecase/64/images/fig_1.jpg,a,molecular structure diagram,1
/Users/lingzhou/Resource/DataResource/ALD-E-ImageMiner-main/icdar2026-competition-data/train/atomic-layer-deposition/experimental-usecase/64/images/fig_6.jpg,a,multi spectra chart,1
/Users/lingzhou/Resource/DataResource/ALD-E-ImageMiner-main/icdar2026-competition-data/train/atomic-layer-deposition/experimental-usecase/64/images/fig_5.jpg,a,multiple scatter plot,1
/Users/lingzhou/Resource/DataResource/ALD-E-ImageMiner-main/icdar2026-competition-data/train/atomic-layer-deposition/experimental-usecase/64/images/fig_4.jpg,a,spectra chart,1
/Users/lingzhou/Resource/DataResource/ALD-E-ImageMiner-main/icdar2026-competition-data/train/atomic-layer-deposition/experimental-usecase/64/images/fig_3.jpg,a,image panel,2
/Users/lingzhou/Resource/DataResource/ALD-E-ImageMiner-main/icdar2026-competition-data/train/atomic-layer-deposition/experimental-usecase/64/images/fig_3.jpg,b,image panel,2
/Users/lingzhou/Resource/DataResource/ALD-E-ImageMiner-main/icdar2026-competition-data/train/atomic-layer-deposition/experimental-usecase/64/images/fig_2.jpg,a,scatter plot,1
/Users/lingzhou/Resource/DataResource/ALD-E-ImageMiner-main/icdar2026-competition-data/train/atomic-layer-deposition/experimental-usecase/41/images/fig_1.jpg,a,multiple scatter plot,1
/Users/lingzhou/Resource/DataResource/ALD-E-ImageMiner-main/icdar2026-competition-data/train/atomic-layer-deposition/experimental-usecase/41/images/fig_3.jpg,a,image panel,1
/Users/lingzhou/Resource/DataResource/ALD-E-ImageMiner-main/icdar2026-competition-data/train/atomic-layer-deposition/experimental-usecase/41/images/fig_2.jpg,a,multiple scatter plot,1
/Users/lingzhou/Resource/DataResource/ALD-E-ImageMiner-main/icdar2026-competition-data/train/atomic-layer-deposition/experimental-usecase/4/images/fig_1.jpg,a,multi-axis chart,1
/Users/lingzhou/Resource/DataResource/ALD-E-ImageMiner-main/icdar2026-competition-data/train/atomic-layer-deposition/experimental-usecase/4/images/fig_7.jpg,a,multiple line chart,1
/Users/lingzhou/Resource/DataResource/ALD-E-ImageMiner-main/icdar2026-competition-data/train/atomic-layer-deposition/experimental-usecase/4/images/fig_6.jpg,a,image panel,2
/Users/lingzhou/Resource/DataResource/ALD-E-ImageMiner-main/icdar2026-competition-data/train/atomic-layer-deposition/experimental-usecase/4/images/fig_6.jpg,b,image panel,2
/Users/lingzhou/Resource/DataResource/ALD-E-ImageMiner-main/icdar2026-competition-data/train/atomic-layer-deposition/experimental-usecase/4/images/fig4.jpg,a,stacked spectra chart,1
/Users/lingzhou/Resource/DataResource/ALD-E-ImageMiner-main/icdar2026-competition-data/train/atomic-layer-deposition/experimental-usecase/4/images/fig5.jpg,a,stacked spectra chart,1
/Users/lingzhou/Resource/DataResource/ALD-E-ImageMiner-main/icdar2026-competition-data/train/atomic-layer-deposition/experimental-usecase/4/images/fig_8.jpg,a,multi-axis chart,1
/Users/lingzhou/Resource/DataResource/ALD-E-ImageMiner-main/icdar2026-competition-data/train/atomic-layer-deposition/experimental-usecase/4/images/fig_3.jpg,a,multi-axis chart,1
/Users/lingzhou/Resource/DataResource/ALD-E-ImageMiner-main/icdar2026-competition-data/train/atomic-layer-deposition/experimental-usecase/4/images/fig_2.jpg,a,multiple line chart,1
/Users/lingzhou/Resource/DataResource/ALD-E-ImageMiner-main/icdar2026-competition-data/train/atomic-layer-deposition/experimental-usecase/12/images/fig1.jpg,a,apparatus diagram,2
/Users/lingzhou/Resource/DataResource/ALD-E-ImageMiner-main/icdar2026-competition-data/train/atomic-layer-deposition/experimental-usecase/12/images/fig1.jpg,b,apparatus diagram,2
/Users/lingzhou/Resource/DataResource/ALD-E-ImageMiner-main/icdar2026-competition-data/train/atomic-layer-deposition/experimental-usecase/12/images/fig_7.jpg,a,multiple scatter plot,1
/Users/lingzhou/Resource/DataResource/ALD-E-ImageMiner-main/icdar2026-competition-data/train/atomic-layer-deposition/experimental-usecase/12/images/fig_10.jpg,a,line chart,1
/Users/lingzhou/Resource/DataResource/ALD-E-ImageMiner-main/icdar2026-competition-data/train/atomic-layer-deposition/experimental-usecase/12/images/fig_11.jpg,a,line chart,1
/Users/lingzhou/Resource/DataResource/ALD-E-ImageMiner-main/icdar2026-competition-data/train/atomic-layer-deposition/experimental-usecase/12/images/fig_6.jpg,a,stacked spectra chart,2
/Users/lingzhou/Resource/DataResource/ALD-E-ImageMiner-main/icdar2026-competition-data/train/atomic-layer-deposition/experimental-usecase/12/images/fig_6.jpg,b,stacked spectra chart,2
/Users/lingzhou/Resource/DataResource/ALD-E-ImageMiner-main/icdar2026-competition-data/train/atomic-layer-deposition/experimental-usecase/12/images/fig_9.jpg,a,scatter plot,1
/Users/lingzhou/Resource/DataResource/ALD-E-ImageMiner-main/icdar2026-competition-data/train/atomic-layer-deposition/experimental-usecase/12/images/fig_12.jpg,a,image panel,1
/Users/lingzhou/Resource/DataResource/ALD-E-ImageMiner-main/icdar2026-competition-data/train/atomic-layer-deposition/experimental-usecase/12/images/fig_5.jpg,a,multiple scatter plot,1
/Users/lingzhou/Resource/DataResource/ALD-E-ImageMiner-main/icdar2026-competition-data/train/atomic-layer-deposition/experimental-usecase/12/images/fig_4.jpg,a,stacked spectra chart,2
/Users/lingzhou/Resource/DataResource/ALD-E-ImageMiner-main/icdar2026-competition-data/train/atomic-layer-deposition/experimental-usecase/12/images/fig_4.jpg,b,stacked spectra chart,2
/Users/lingzhou/Resource/DataResource/ALD-E-ImageMiner-main/icdar2026-competition-data/train/atomic-layer-deposition/experimental-usecase/12/images/fig_8.jpg,a,scatter plot,1
/Users/lingzhou/Resource/DataResource/ALD-E-ImageMiner-main/icdar2026-competition-data/train/atomic-layer-deposition/experimental-usecase/12/images/fig_3.jpg,a,apparatus diagram,2
/Users/lingzhou/Resource/DataResource/ALD-E-ImageMiner-main/icdar2026-competition-data/train/atomic-layer-deposition/experimental-usecase/12/images/fig_3.jpg,b,apparatus diagram,2
/Users/lingzhou/Resource/DataResource/ALD-E-ImageMiner-main/icdar2026-competition-data/train/atomic-layer-deposition/experimental-usecase/12/images/fig_2.jpg,a,spectra chart,1
/Users/lingzhou/Resource/DataResource/ALD-E-ImageMiner-main/icdar2026-competition-data/train/atomic-layer-deposition/experimental-usecase/49/images/figure_3.jpg,a,multi spectra chart,6
/Users/lingzhou/Resource/DataResource/ALD-E-ImageMiner-main/icdar2026-competition-data/train/atomic-layer-deposition/experimental-usecase/49/images/figure_3.jpg,b,multi spectra chart,6
/Users/lingzhou/Resource/DataResource/ALD-E-ImageMiner-main/icdar2026-competition-data/train/atomic-layer-deposition/experimental-usecase/49/images/figure_3.jpg,c,multi spectra chart,6
/Users/lingzhou/Resource/DataResource/ALD-E-ImageMiner-main/icdar2026-competition-data/train/atomic-layer-deposition/experimental-usecase/49/images/figure_3.jpg,d,multi spectra chart,6
/Users/lingzhou/Resource/DataResource/ALD-E-ImageMiner-main/icdar2026-competition-data/train/atomic-layer-deposition/experimental-usecase/49/images/figure_3.jpg,e,image panel,6
/Users/lingzhou/Resource/DataResource/ALD-E-ImageMiner-main/icdar2026-competition-data/train/atomic-layer-deposition/experimental-usecase/49/images/figure_3.jpg,f,image panel,6
/Users/lingzhou/Resource/DataResource/ALD-E-ImageMiner-main/icdar2026-competition-data/train/atomic-layer-deposition/experimental-usecase/49/images/figure_2.jpg,a,stacked spectra chart,2
/Users/lingzhou/Resource/DataResource/ALD-E-ImageMiner-main/icdar2026-competition-data/train/atomic-layer-deposition/experimental-usecase/49/images/figure_2.jpg,b,stacked spectra chart,2
/Users/lingzhou/Resource/DataResource/ALD-E-ImageMiner-main/icdar2026-competition-data/train/atomic-layer-deposition/experimental-usecase/49/images/figure_5.jpg,a,line chart,3
/Users/lingzhou/Resource/DataResource/ALD-E-ImageMiner-main/icdar2026-competition-data/train/atomic-layer-deposition/experimental-usecase/49/images/figure_5.jpg,b,spectra chart,3
/Users/lingzhou/Resource/DataResource/ALD-E-ImageMiner-main/icdar2026-competition-data/train/atomic-layer-deposition/experimental-usecase/49/images/figure_5.jpg,c,scatter plot,3
/Users/lingzhou/Resource/DataResource/ALD-E-ImageMiner-main/icdar2026-competition-data/train/atomic-layer-deposition/experimental-usecase/49/images/figure_4.jpg,a,process flow diagram,8
/Users/lingzhou/Resource/DataResource/ALD-E-ImageMiner-main/icdar2026-competition-data/train/atomic-layer-deposition/experimental-usecase/49/images/figure_4.jpg,b,image panel,8
/Users/lingzhou/Resource/DataResource/ALD-E-ImageMiner-main/icdar2026-competition-data/train/atomic-layer-deposition/experimental-usecase/49/images/figure_4.jpg,c,image panel,8
/Users/lingzhou/Resource/DataResource/ALD-E-ImageMiner-main/icdar2026-competition-data/train/atomic-layer-deposition/experimental-usecase/49/images/figure_4.jpg,d,spectra chart,8
/Users/lingzhou/Resource/DataResource/ALD-E-ImageMiner-main/icdar2026-competition-data/train/atomic-layer-deposition/experimental-usecase/49/images/figure_4.jpg,e,image panel,8
/Users/lingzhou/Resource/DataResource/ALD-E-ImageMiner-main/icdar2026-competition-data/train/atomic-layer-deposition/experimental-usecase/49/images/figure_4.jpg,f,image panel,8
/Users/lingzhou/Resource/DataResource/ALD-E-ImageMiner-main/icdar2026-competition-data/train/atomic-layer-deposition/experimental-usecase/49/images/figure_4.jpg,g,image panel,8
/Users/lingzhou/Resource/DataResource/ALD-E-ImageMiner-main/icdar2026-competition-data/train/atomic-layer-deposition/experimental-usecase/49/images/figure_4.jpg,h,image panel,8
/Users/lingzhou/Resource/DataResource/ALD-E-ImageMiner-main/icdar2026-competition-data/train/atomic-layer-deposition/experimental-usecase/49/images/figure_6.jpg,a,stacked spectra chart,5
/Users/lingzhou/Resource/DataResource/ALD-E-ImageMiner-main/icdar2026-competition-data/train/atomic-layer-deposition/experimental-usecase/49/images/figure_6.jpg,b,stacked spectra chart,5
/Users/lingzhou/Resource/DataResource/ALD-E-ImageMiner-main/icdar2026-competition-data/train/atomic-layer-deposition/experimental-usecase/49/images/figure_6.jpg,c,spectra chart,5
/Users/lingzhou/Resource/DataResource/ALD-E-ImageMiner-main/icdar2026-competition-data/train/atomic-layer-deposition/experimental-usecase/49/images/figure_6.jpg,d,spectra chart,5
/Users/lingzhou/Resource/DataResource/ALD-E-ImageMiner-main/icdar2026-competition-data/train/atomic-layer-deposition/experimental-usecase/49/images/figure_6.jpg,e,conceptual diagram,5
/Users/lingzhou/Resource/DataResource/ALD-E-ImageMiner-main/icdar2026-competition-data/train/atomic-layer-deposition/experimental-usecase/49/images/figure_1.jpg,a,scatter plot,6
/Users/lingzhou/Resource/DataResource/ALD-E-ImageMiner-main/icdar2026-competition-data/train/atomic-layer-deposition/experimental-usecase/49/images/figure_1.jpg,c,scatter plot,6
/Users/lingzhou/Resource/DataResource/ALD-E-ImageMiner-main/icdar2026-competition-data/train/atomic-layer-deposition/experimental-usecase/49/images/figure_1.jpg,e,multiple line chart,6
/Users/lingzhou/Resource/DataResource/ALD-E-ImageMiner-main/icdar2026-competition-data/train/atomic-layer-deposition/experimental-usecase/49/images/figure_1.jpg,b,scatter plot,6
/Users/lingzhou/Resource/DataResource/ALD-E-ImageMiner-main/icdar2026-competition-data/train/atomic-layer-deposition/experimental-usecase/49/images/figure_1.jpg,d,scatter plot,6
/Users/lingzhou/Resource/DataResource/ALD-E-ImageMiner-main/icdar2026-competition-data/train/atomic-layer-deposition/experimental-usecase/49/images/figure_1.jpg,f,line chart,6
/Users/lingzhou/Resource/DataResource/ALD-E-ImageMiner-main/icdar2026-competition-data/train/atomic-layer-deposition/experimental-usecase/40/images/fig_1.jpg,a,apparatus diagram,1
/Users/lingzhou/Resource/DataResource/ALD-E-ImageMiner-main/icdar2026-competition-data/train/atomic-layer-deposition/experimental-usecase/40/images/fig_7.jpg,a,multiple scatter plot,1
/Users/lingzhou/Resource/DataResource/ALD-E-ImageMiner-main/icdar2026-competition-data/train/atomic-layer-deposition/experimental-usecase/40/images/fig_6.jpg,a,stacked spectra chart,2
/Users/lingzhou/Resource/DataResource/ALD-E-ImageMiner-main/icdar2026-competition-data/train/atomic-layer-deposition/experimental-usecase/40/images/fig_6.jpg,b,spectra chart,2
/Users/lingzhou/Resource/DataResource/ALD-E-ImageMiner-main/icdar2026-competition-data/train/atomic-layer-deposition/experimental-usecase/40/images/fig_5.jpg,a,image panel,2
/Users/lingzhou/Resource/DataResource/ALD-E-ImageMiner-main/icdar2026-competition-data/train/atomic-layer-deposition/experimental-usecase/40/images/fig_5.jpg,b,image panel,2
/Users/lingzhou/Resource/DataResource/ALD-E-ImageMiner-main/icdar2026-competition-data/train/atomic-layer-deposition/experimental-usecase/40/images/fig_4.jpg,a,stacked spectra chart,1
/Users/lingzhou/Resource/DataResource/ALD-E-ImageMiner-main/icdar2026-competition-data/train/atomic-layer-deposition/experimental-usecase/40/images/fig_8.jpg,a,stacked spectra chart,2
/Users/lingzhou/Resource/DataResource/ALD-E-ImageMiner-main/icdar2026-competition-data/train/atomic-layer-deposition/experimental-usecase/40/images/fig_8.jpg,b,stacked spectra chart,2
/Users/lingzhou/Resource/DataResource/ALD-E-ImageMiner-main/icdar2026-competition-data/train/atomic-layer-deposition/experimental-usecase/40/images/fig_3.jpg,a,multi-axis chart,1
/Users/lingzhou/Resource/DataResource/ALD-E-ImageMiner-main/icdar2026-competition-data/train/atomic-layer-deposition/experimental-usecase/40/images/fig_2.jpg,a,multi-axis chart,1
/Users/lingzhou/Resource/DataResource/ALD-E-ImageMiner-main/icdar2026-competition-data/train/atomic-layer-deposition/experimental-usecase/2/images/figure_3.jpg,a,scatter plot,1
/Users/lingzhou/Resource/DataResource/ALD-E-ImageMiner-main/icdar2026-competition-data/train/atomic-layer-deposition/experimental-usecase/2/images/figure_2.jpg,a,line chart,1
/Users/lingzhou/Resource/DataResource/ALD-E-ImageMiner-main/icdar2026-competition-data/train/atomic-layer-deposition/experimental-usecase/2/images/figure_5.jpg,a,image panel,2
/Users/lingzhou/Resource/DataResource/ALD-E-ImageMiner-main/icdar2026-competition-data/train/atomic-layer-deposition/experimental-usecase/2/images/figure_5.jpg,b,image panel,2
/Users/lingzhou/Resource/DataResource/ALD-E-ImageMiner-main/icdar2026-competition-data/train/atomic-layer-deposition/experimental-usecase/2/images/figure_4.jpg,a,spectra chart,2
/Users/lingzhou/Resource/DataResource/ALD-E-ImageMiner-main/icdar2026-competition-data/train/atomic-layer-deposition/experimental-usecase/2/images/figure_4.jpg,b,spectra chart,2
/Users/lingzhou/Resource/DataResource/ALD-E-ImageMiner-main/icdar2026-competition-data/train/atomic-layer-deposition/experimental-usecase/2/images/figure_6.jpg,a,image panel,2
/Users/lingzhou/Resource/DataResource/ALD-E-ImageMiner-main/icdar2026-competition-data/train/atomic-layer-deposition/experimental-usecase/2/images/figure_6.jpg,b,image panel,2
/Users/lingzhou/Resource/DataResource/ALD-E-ImageMiner-main/icdar2026-competition-data/train/atomic-layer-deposition/experimental-usecase/2/images/figure_1.jpg,a,scatter plot,1
/Users/lingzhou/Resource/DataResource/ALD-E-ImageMiner-main/icdar2026-competition-data/train/atomic-layer-deposition/experimental-usecase/13/images/fig_1.jpg,a,multi-axis chart,1
/Users/lingzhou/Resource/DataResource/ALD-E-ImageMiner-main/icdar2026-competition-data/train/atomic-layer-deposition/experimental-usecase/13/images/fig_4.jpg,a,image panel,1
/Users/lingzhou/Resource/DataResource/ALD-E-ImageMiner-main/icdar2026-competition-data/train/atomic-layer-deposition/experimental-usecase/13/images/fig_3.jpg,a,multiple scatter plot,1
/Users/lingzhou/Resource/DataResource/ALD-E-ImageMiner-main/icdar2026-competition-data/train/atomic-layer-deposition/experimental-usecase/13/images/fig_2.jpg,a,multi-axis chart,1
/Users/lingzhou/Resource/DataResource/ALD-E-ImageMiner-main/icdar2026-competition-data/train/atomic-layer-deposition/experimental-usecase/5/images/fig_1.jpg,a,multi spectra chart,1
/Users/lingzhou/Resource/DataResource/ALD-E-ImageMiner-main/icdar2026-competition-data/train/atomic-layer-deposition/experimental-usecase/5/images/fig_7.jpg,a,multi-axis chart,1
/Users/lingzhou/Resource/DataResource/ALD-E-ImageMiner-main/icdar2026-competition-data/train/atomic-layer-deposition/experimental-usecase/5/images/fig_10.jpg,a,multi-axis chart,1
/Users/lingzhou/Resource/DataResource/ALD-E-ImageMiner-main/icdar2026-competition-data/train/atomic-layer-deposition/experimental-usecase/5/images/fig_11.jpg,a,multiple line chart,2
/Users/lingzhou/Resource/DataResource/ALD-E-ImageMiner-main/icdar2026-competition-data/train/atomic-layer-deposition/experimental-usecase/5/images/fig_11.jpg,b,multiple line chart,2
/Users/lingzhou/Resource/DataResource/ALD-E-ImageMiner-main/icdar2026-competition-data/train/atomic-layer-deposition/experimental-usecase/5/images/fig_6.jpg,a,multi-axis chart,1
/Users/lingzhou/Resource/DataResource/ALD-E-ImageMiner-main/icdar2026-competition-data/train/atomic-layer-deposition/experimental-usecase/5/images/fig_9.jpg,a,multiple line chart,1
/Users/lingzhou/Resource/DataResource/ALD-E-ImageMiner-main/icdar2026-competition-data/train/atomic-layer-deposition/experimental-usecase/5/images/fig_12.jpg,a,multiple line chart,1
/Users/lingzhou/Resource/DataResource/ALD-E-ImageMiner-main/icdar2026-competition-data/train/atomic-layer-deposition/experimental-usecase/5/images/fig_5.jpg,a,multi-axis chart,2
/Users/lingzhou/Resource/DataResource/ALD-E-ImageMiner-main/icdar2026-competition-data/train/atomic-layer-deposition/experimental-usecase/5/images/fig_5.jpg,b,multi-axis chart,2
/Users/lingzhou/Resource/DataResource/ALD-E-ImageMiner-main/icdar2026-competition-data/train/atomic-layer-deposition/experimental-usecase/5/images/fig_4.jpg,a,multi-axis chart,1
/Users/lingzhou/Resource/DataResource/ALD-E-ImageMiner-main/icdar2026-competition-data/train/atomic-layer-deposition/experimental-usecase/5/images/fig_8.jpg,a,multiple line chart,1
/Users/lingzhou/Resource/DataResource/ALD-E-ImageMiner-main/icdar2026-competition-data/train/atomic-layer-deposition/experimental-usecase/5/images/fig_3.jpg,a,multiple line chart,2
/Users/lingzhou/Resource/DataResource/ALD-E-ImageMiner-main/icdar2026-competition-data/train/atomic-layer-deposition/experimental-usecase/5/images/fig_3.jpg,b,multiple line chart,2
/Users/lingzhou/Resource/DataResource/ALD-E-ImageMiner-main/icdar2026-competition-data/train/atomic-layer-deposition/experimental-usecase/5/images/fig_2.jpg,a,multi spectra chart,1
/Users/lingzhou/Resource/DataResource/ALD-E-ImageMiner-main/icdar2026-competition-data/train/atomic-layer-deposition/experimental-usecase/14/images/figure_3.jpg,a,multi spectra chart,4
/Users/lingzhou/Resource/DataResource/ALD-E-ImageMiner-main/icdar2026-competition-data/train/atomic-layer-deposition/experimental-usecase/14/images/figure_3.jpg,b,stacked spectra chart,4
/Users/lingzhou/Resource/DataResource/ALD-E-ImageMiner-main/icdar2026-competition-data/train/atomic-layer-deposition/experimental-usecase/14/images/figure_3.jpg,c,multiple scatter plot,4
/Users/lingzhou/Resource/DataResource/ALD-E-ImageMiner-main/icdar2026-competition-data/train/atomic-layer-deposition/experimental-usecase/14/images/figure_3.jpg,d,multiple scatter plot,4
/Users/lingzhou/Resource/DataResource/ALD-E-ImageMiner-main/icdar2026-competition-data/train/atomic-layer-deposition/experimental-usecase/14/images/figure_2.jpg,a,multi spectra chart,3
/Users/lingzhou/Resource/DataResource/ALD-E-ImageMiner-main/icdar2026-competition-data/train/atomic-layer-deposition/experimental-usecase/14/images/figure_2.jpg,b,stacked spectra chart,3
/Users/lingzhou/Resource/DataResource/ALD-E-ImageMiner-main/icdar2026-competition-data/train/atomic-layer-deposition/experimental-usecase/14/images/figure_2.jpg,c,image panel,3
/Users/lingzhou/Resource/DataResource/ALD-E-ImageMiner-main/icdar2026-competition-data/train/atomic-layer-deposition/experimental-usecase/14/images/figure_4.jpg,a,conceptual diagram,11
/Users/lingzhou/Resource/DataResource/ALD-E-ImageMiner-main/icdar2026-competition-data/train/atomic-layer-deposition/experimental-usecase/14/images/figure_4.jpg,b,multiple line chart,11
/Users/lingzhou/Resource/DataResource/ALD-E-ImageMiner-main/icdar2026-competition-data/train/atomic-layer-deposition/experimental-usecase/14/images/figure_4.jpg,c,multiple line chart,11
/Users/lingzhou/Resource/DataResource/ALD-E-ImageMiner-main/icdar2026-competition-data/train/atomic-layer-deposition/experimental-usecase/14/images/figure_4.jpg,d,bar chart,11
/Users/lingzhou/Resource/DataResource/ALD-E-ImageMiner-main/icdar2026-competition-data/train/atomic-layer-deposition/experimental-usecase/14/images/figure_4.jpg,e,multiple line chart,11
/Users/lingzhou/Resource/DataResource/ALD-E-ImageMiner-main/icdar2026-competition-data/train/atomic-layer-deposition/experimental-usecase/14/images/figure_4.jpg,f,multiple line chart,11
/Users/lingzhou/Resource/DataResource/ALD-E-ImageMiner-main/icdar2026-competition-data/train/atomic-layer-deposition/experimental-usecase/14/images/figure_4.jpg,g,box plot,11
/Users/lingzhou/Resource/DataResource/ALD-E-ImageMiner-main/icdar2026-competition-data/train/atomic-layer-deposition/experimental-usecase/14/images/figure_4.jpg,h,multi spectra chart,11
/Users/lingzhou/Resource/DataResource/ALD-E-ImageMiner-main/icdar2026-competition-data/train/atomic-layer-deposition/experimental-usecase/14/images/figure_4.jpg,i,multiple scatter plot,11
/Users/lingzhou/Resource/DataResource/ALD-E-ImageMiner-main/icdar2026-competition-data/train/atomic-layer-deposition/experimental-usecase/14/images/figure_4.jpg,j,multiple line chart,11
/Users/lingzhou/Resource/DataResource/ALD-E-ImageMiner-main/icdar2026-competition-data/train/atomic-layer-deposition/experimental-usecase/14/images/figure_4.jpg,k,line chart,11
/Users/lingzhou/Resource/DataResource/ALD-E-ImageMiner-main/icdar2026-competition-data/train/atomic-layer-deposition/experimental-usecase/14/images/figure_1.jpg,a,conceptual diagram,3
/Users/lingzhou/Resource/DataResource/ALD-E-ImageMiner-main/icdar2026-competition-data/train/atomic-layer-deposition/experimental-usecase/14/images/figure_1.jpg,b,image panel,3
/Users/lingzhou/Resource/DataResource/ALD-E-ImageMiner-main/icdar2026-competition-data/train/atomic-layer-deposition/experimental-usecase/14/images/figure_1.jpg,c,stacked spectra chart,3
/Users/lingzhou/Resource/DataResource/ALD-E-ImageMiner-main/icdar2026-competition-data/train/atomic-layer-deposition/experimental-usecase/22/images/fig_1.jpg,a,line chart,1
/Users/lingzhou/Resource/DataResource/ALD-E-ImageMiner-main/icdar2026-competition-data/train/atomic-layer-deposition/experimental-usecase/22/images/fig_6.jpg,a,image panel,5
/Users/lingzhou/Resource/DataResource/ALD-E-ImageMiner-main/icdar2026-competition-data/train/atomic-layer-deposition/experimental-usecase/22/images/fig_6.jpg,b,image panel,5
/Users/lingzhou/Resource/DataResource/ALD-E-ImageMiner-main/icdar2026-competition-data/train/atomic-layer-deposition/experimental-usecase/22/images/fig_6.jpg,c,image panel,5
/Users/lingzhou/Resource/DataResource/ALD-E-ImageMiner-main/icdar2026-competition-data/train/atomic-layer-deposition/experimental-usecase/22/images/fig_6.jpg,d,image panel,5
/Users/lingzhou/Resource/DataResource/ALD-E-ImageMiner-main/icdar2026-competition-data/train/atomic-layer-deposition/experimental-usecase/22/images/fig_6.jpg,e,image panel,5
/Users/lingzhou/Resource/DataResource/ALD-E-ImageMiner-main/icdar2026-competition-data/train/atomic-layer-deposition/experimental-usecase/22/images/fig_5.jpg,a,image panel,5
/Users/lingzhou/Resource/DataResource/ALD-E-ImageMiner-main/icdar2026-competition-data/train/atomic-layer-deposition/experimental-usecase/22/images/fig_5.jpg,b,image panel,5
/Users/lingzhou/Resource/DataResource/ALD-E-ImageMiner-main/icdar2026-competition-data/train/atomic-layer-deposition/experimental-usecase/22/images/fig_5.jpg,c,image panel,5
/Users/lingzhou/Resource/DataResource/ALD-E-ImageMiner-main/icdar2026-competition-data/train/atomic-layer-deposition/experimental-usecase/22/images/fig_5.jpg,d,image panel,5
/Users/lingzhou/Resource/DataResource/ALD-E-ImageMiner-main/icdar2026-competition-data/train/atomic-layer-deposition/experimental-usecase/22/images/fig_5.jpg,e,image panel,5
/Users/lingzhou/Resource/DataResource/ALD-E-ImageMiner-main/icdar2026-competition-data/train/atomic-layer-deposition/experimental-usecase/22/images/fig_4.jpg,a,stacked spectra chart,1
/Users/lingzhou/Resource/DataResource/ALD-E-ImageMiner-main/icdar2026-competition-data/train/atomic-layer-deposition/experimental-usecase/22/images/fig_3.jpg,a,line chart,1
/Users/lingzhou/Resource/DataResource/ALD-E-ImageMiner-main/icdar2026-competition-data/train/atomic-layer-deposition/experimental-usecase/22/images/fig_2.jpg,a,line chart,1
/Users/lingzhou/Resource/DataResource/ALD-E-ImageMiner-main/icdar2026-competition-data/train/atomic-layer-deposition/experimental-usecase/25/images/figure_3.jpg,a,multiple scatter plot,1
/Users/lingzhou/Resource/DataResource/ALD-E-ImageMiner-main/icdar2026-competition-data/train/atomic-layer-deposition/experimental-usecase/25/images/figure_2.jpg,a,multiple line chart,2
/Users/lingzhou/Resource/DataResource/ALD-E-ImageMiner-main/icdar2026-competition-data/train/atomic-layer-deposition/experimental-usecase/25/images/figure_2.jpg,b,multiple line chart,2
/Users/lingzhou/Resource/DataResource/ALD-E-ImageMiner-main/icdar2026-competition-data/train/atomic-layer-deposition/experimental-usecase/25/images/f0c41f11e9c5ab863fee1ff70b7d7442935b0ee8edf971cfbc7285ccc6107b34.jpg,a,reaction scheme,3
/Users/lingzhou/Resource/DataResource/ALD-E-ImageMiner-main/icdar2026-competition-data/train/atomic-layer-deposition/experimental-usecase/25/images/f0c41f11e9c5ab863fee1ff70b7d7442935b0ee8edf971cfbc7285ccc6107b34.jpg,b,multiple line chart,3
/Users/lingzhou/Resource/DataResource/ALD-E-ImageMiner-main/icdar2026-competition-data/train/atomic-layer-deposition/experimental-usecase/25/images/f0c41f11e9c5ab863fee1ff70b7d7442935b0ee8edf971cfbc7285ccc6107b34.jpg,c,multiple line chart,3
/Users/lingzhou/Resource/DataResource/ALD-E-ImageMiner-main/icdar2026-competition-data/train/atomic-layer-deposition/experimental-usecase/25/images/figure_5.jpg,a,multi spectra chart,2
/Users/lingzhou/Resource/DataResource/ALD-E-ImageMiner-main/icdar2026-competition-data/train/atomic-layer-deposition/experimental-usecase/25/images/figure_5.jpg,b,multi spectra chart,2
/Users/lingzhou/Resource/DataResource/ALD-E-ImageMiner-main/icdar2026-competition-data/train/atomic-layer-deposition/experimental-usecase/25/images/figure_9.jpg,a,multiple line chart,2
/Users/lingzhou/Resource/DataResource/ALD-E-ImageMiner-main/icdar2026-competition-data/train/atomic-layer-deposition/experimental-usecase/25/images/figure_9.jpg,b,multiple line chart,2
/Users/lingzhou/Resource/DataResource/ALD-E-ImageMiner-main/icdar2026-competition-data/train/atomic-layer-deposition/experimental-usecase/25/images/figure_10.jpg,a,multiple line chart,1
/Users/lingzhou/Resource/DataResource/ALD-E-ImageMiner-main/icdar2026-competition-data/train/atomic-layer-deposition/experimental-usecase/25/images/figure_8.jpg,a,multiple line chart,2
/Users/lingzhou/Resource/DataResource/ALD-E-ImageMiner-main/icdar2026-competition-data/train/atomic-layer-deposition/experimental-usecase/25/images/figure_8.jpg,b,multiple line chart,2
/Users/lingzhou/Resource/DataResource/ALD-E-ImageMiner-main/icdar2026-competition-data/train/atomic-layer-deposition/experimental-usecase/25/images/figure_4.jpg,a,stacked spectra chart,2
/Users/lingzhou/Resource/DataResource/ALD-E-ImageMiner-main/icdar2026-competition-data/train/atomic-layer-deposition/experimental-usecase/25/images/figure_4.jpg,b,stacked spectra chart,2
/Users/lingzhou/Resource/DataResource/ALD-E-ImageMiner-main/icdar2026-competition-data/train/atomic-layer-deposition/experimental-usecase/25/images/figure_7.jpg,a,image panel,6
/Users/lingzhou/Resource/DataResource/ALD-E-ImageMiner-main/icdar2026-competition-data/train/atomic-layer-deposition/experimental-usecase/25/images/figure_7.jpg,b,image panel,6
/Users/lingzhou/Resource/DataResource/ALD-E-ImageMiner-main/icdar2026-competition-data/train/atomic-layer-deposition/experimental-usecase/25/images/figure_7.jpg,c,image panel,6
/Users/lingzhou/Resource/DataResource/ALD-E-ImageMiner-main/icdar2026-competition-data/train/atomic-layer-deposition/experimental-usecase/25/images/figure_7.jpg,d,image panel,6
/Users/lingzhou/Resource/DataResource/ALD-E-ImageMiner-main/icdar2026-competition-data/train/atomic-layer-deposition/experimental-usecase/25/images/figure_7.jpg,e,image panel,6
/Users/lingzhou/Resource/DataResource/ALD-E-ImageMiner-main/icdar2026-competition-data/train/atomic-layer-deposition/experimental-usecase/25/images/figure_7.jpg,f,device structure diagram,6
/Users/lingzhou/Resource/DataResource/ALD-E-ImageMiner-main/icdar2026-competition-data/train/atomic-layer-deposition/experimental-usecase/25/images/figure_6.jpg,a,multiple scatter plot,2
/Users/lingzhou/Resource/DataResource/ALD-E-ImageMiner-main/icdar2026-competition-data/train/atomic-layer-deposition/experimental-usecase/25/images/figure_6.jpg,b,multiple scatter plot,2
/Users/lingzhou/Resource/DataResource/ALD-E-ImageMiner-main/icdar2026-competition-data/train/atomic-layer-deposition/experimental-usecase/25/images/figure_1.jpg,a,band diagram,1
/Users/lingzhou/Resource/DataResource/ALD-E-ImageMiner-main/icdar2026-competition-data/train/atomic-layer-deposition/simulation-usecase/57/images/figure_3.jpg,a,reaction energy profile diagram,1
/Users/lingzhou/Resource/DataResource/ALD-E-ImageMiner-main/icdar2026-competition-data/train/atomic-layer-deposition/simulation-usecase/57/images/804392671053c3d965a6c80fa3f03a740d8c6c1d639eb6cf747e8301533be1bb.jpg,a,conceptual diagram,1
/Users/lingzhou/Resource/DataResource/ALD-E-ImageMiner-main/icdar2026-competition-data/train/atomic-layer-deposition/simulation-usecase/57/images/figure_2.jpg,a,grouped bar chart,1
/Users/lingzhou/Resource/DataResource/ALD-E-ImageMiner-main/icdar2026-competition-data/train/atomic-layer-deposition/simulation-usecase/57/images/figure_5.jpg,a,reaction energy profile diagram,1
/Users/lingzhou/Resource/DataResource/ALD-E-ImageMiner-main/icdar2026-competition-data/train/atomic-layer-deposition/simulation-usecase/57/images/figure_8.jpg,a,reaction energy profile diagram,1
/Users/lingzhou/Resource/DataResource/ALD-E-ImageMiner-main/icdar2026-competition-data/train/atomic-layer-deposition/simulation-usecase/57/images/figure_7.jpg,a,molecular structure diagram,1
/Users/lingzhou/Resource/DataResource/ALD-E-ImageMiner-main/icdar2026-competition-data/train/atomic-layer-deposition/simulation-usecase/57/images/figure_6.jpg,a,reaction energy profile diagram,1
/Users/lingzhou/Resource/DataResource/ALD-E-ImageMiner-main/icdar2026-competition-data/train/atomic-layer-deposition/simulation-usecase/57/images/figure_1.jpg,a,molecular structure diagram,1
/Users/lingzhou/Resource/DataResource/ALD-E-ImageMiner-main/icdar2026-competition-data/train/atomic-layer-deposition/simulation-usecase/32/images/fig_1.jpg,a,apparatus diagram,2
/Users/lingzhou/Resource/DataResource/ALD-E-ImageMiner-main/icdar2026-competition-data/train/atomic-layer-deposition/simulation-usecase/32/images/fig_1.jpg,b,apparatus diagram,2
/Users/lingzhou/Resource/DataResource/ALD-E-ImageMiner-main/icdar2026-competition-data/train/atomic-layer-deposition/simulation-usecase/32/images/fig_16.jpg,a,multiple scatter plot,1
/Users/lingzhou/Resource/DataResource/ALD-E-ImageMiner-main/icdar2026-competition-data/train/atomic-layer-deposition/simulation-usecase/32/images/fig_7.jpg,a,apparatus diagram,2
/Users/lingzhou/Resource/DataResource/ALD-E-ImageMiner-main/icdar2026-competition-data/train/atomic-layer-deposition/simulation-usecase/32/images/fig_7.jpg,b,apparatus diagram,2
/Users/lingzhou/Resource/DataResource/ALD-E-ImageMiner-main/icdar2026-competition-data/train/atomic-layer-deposition/simulation-usecase/32/images/fig_10.jpg,a,image panel,4
/Users/lingzhou/Resource/DataResource/ALD-E-ImageMiner-main/icdar2026-competition-data/train/atomic-layer-deposition/simulation-usecase/32/images/fig_10.jpg,b,image panel,4
/Users/lingzhou/Resource/DataResource/ALD-E-ImageMiner-main/icdar2026-competition-data/train/atomic-layer-deposition/simulation-usecase/32/images/fig_10.jpg,c,image panel,4
/Users/lingzhou/Resource/DataResource/ALD-E-ImageMiner-main/icdar2026-competition-data/train/atomic-layer-deposition/simulation-usecase/32/images/fig_10.jpg,d,image panel,4
/Users/lingzhou/Resource/DataResource/ALD-E-ImageMiner-main/icdar2026-competition-data/train/atomic-layer-deposition/simulation-usecase/32/images/37a3a22fa00063f75c2dfec274e4e445732ee1bc19ab810e090c416eadd5d937.jpg,a,scatter plot,1
/Users/lingzhou/Resource/DataResource/ALD-E-ImageMiner-main/icdar2026-competition-data/train/atomic-layer-deposition/simulation-usecase/32/images/fig_11.jpg,a,heatmap,6
/Users/lingzhou/Resource/DataResource/ALD-E-ImageMiner-main/icdar2026-competition-data/train/atomic-layer-deposition/simulation-usecase/32/images/fig_11.jpg,b,heatmap,6
/Users/lingzhou/Resource/DataResource/ALD-E-ImageMiner-main/icdar2026-competition-data/train/atomic-layer-deposition/simulation-usecase/32/images/fig_11.jpg,c,heatmap,6
/Users/lingzhou/Resource/DataResource/ALD-E-ImageMiner-main/icdar2026-competition-data/train/atomic-layer-deposition/simulation-usecase/32/images/fig_11.jpg,d,heatmap,6
/Users/lingzhou/Resource/DataResource/ALD-E-ImageMiner-main/icdar2026-competition-data/train/atomic-layer-deposition/simulation-usecase/32/images/fig_11.jpg,e,heatmap,6
/Users/lingzhou/Resource/DataResource/ALD-E-ImageMiner-main/icdar2026-competition-data/train/atomic-layer-deposition/simulation-usecase/32/images/fig_11.jpg,f,heatmap,6
/Users/lingzhou/Resource/DataResource/ALD-E-ImageMiner-main/icdar2026-competition-data/train/atomic-layer-deposition/simulation-usecase/32/images/fig_6.jpg,a,heatmap,2
/Users/lingzhou/Resource/DataResource/ALD-E-ImageMiner-main/icdar2026-competition-data/train/atomic-layer-deposition/simulation-usecase/32/images/fig_6.jpg,b,heatmap,2
/Users/lingzhou/Resource/DataResource/ALD-E-ImageMiner-main/icdar2026-competition-data/train/atomic-layer-deposition/simulation-usecase/32/images/fig_9.jpg,a,multiple scatter plot,1
/Users/lingzhou/Resource/DataResource/ALD-E-ImageMiner-main/icdar2026-competition-data/train/atomic-layer-deposition/simulation-usecase/32/images/fig_12.jpg,a,heatmap,1
/Users/lingzhou/Resource/DataResource/ALD-E-ImageMiner-main/icdar2026-competition-data/train/atomic-layer-deposition/simulation-usecase/32/images/fig_5.jpg,a,image panel,2
/Users/lingzhou/Resource/DataResource/ALD-E-ImageMiner-main/icdar2026-competition-data/train/atomic-layer-deposition/simulation-usecase/32/images/fig_5.jpg,b,image panel,2
/Users/lingzhou/Resource/DataResource/ALD-E-ImageMiner-main/icdar2026-competition-data/train/atomic-layer-deposition/simulation-usecase/32/images/fig_4.jpg,a,scatter plot,1
/Users/lingzhou/Resource/DataResource/ALD-E-ImageMiner-main/icdar2026-competition-data/train/atomic-layer-deposition/simulation-usecase/32/images/fig_13.jpg,a,image panel,4
/Users/lingzhou/Resource/DataResource/ALD-E-ImageMiner-main/icdar2026-competition-data/train/atomic-layer-deposition/simulation-usecase/32/images/fig_13.jpg,b,image panel,4
/Users/lingzhou/Resource/DataResource/ALD-E-ImageMiner-main/icdar2026-competition-data/train/atomic-layer-deposition/simulation-usecase/32/images/fig_13.jpg,c,image panel,4
/Users/lingzhou/Resource/DataResource/ALD-E-ImageMiner-main/icdar2026-competition-data/train/atomic-layer-deposition/simulation-usecase/32/images/fig_13.jpg,d,image panel,4
/Users/lingzhou/Resource/DataResource/ALD-E-ImageMiner-main/icdar2026-competition-data/train/atomic-layer-deposition/simulation-usecase/32/images/41507260afda38f50f2d4921e128ba2a885bf7c74e3e0c35c21b3df5b9ecfbf7.jpg,a,line chart,1
/Users/lingzhou/Resource/DataResource/ALD-E-ImageMiner-main/icdar2026-competition-data/train/atomic-layer-deposition/simulation-usecase/32/images/fig_8.jpg,a,multiple scatter plot,2
/Users/lingzhou/Resource/DataResource/ALD-E-ImageMiner-main/icdar2026-competition-data/train/atomic-layer-deposition/simulation-usecase/32/images/fig_8.jpg,b,multiple scatter plot,2
/Users/lingzhou/Resource/DataResource/ALD-E-ImageMiner-main/icdar2026-competition-data/train/atomic-layer-deposition/simulation-usecase/32/images/fig_14.jpg,a,heatmap,6
/Users/lingzhou/Resource/DataResource/ALD-E-ImageMiner-main/icdar2026-competition-data/train/atomic-layer-deposition/simulation-usecase/32/images/fig_14.jpg,b,heatmap,6
/Users/lingzhou/Resource/DataResource/ALD-E-ImageMiner-main/icdar2026-competition-data/train/atomic-layer-deposition/simulation-usecase/32/images/fig_14.jpg,c,heatmap,6
/Users/lingzhou/Resource/DataResource/ALD-E-ImageMiner-main/icdar2026-competition-data/train/atomic-layer-deposition/simulation-usecase/32/images/fig_14.jpg,d,heatmap,6
/Users/lingzhou/Resource/DataResource/ALD-E-ImageMiner-main/icdar2026-competition-data/train/atomic-layer-deposition/simulation-usecase/32/images/fig_14.jpg,e,heatmap,6
/Users/lingzhou/Resource/DataResource/ALD-E-ImageMiner-main/icdar2026-competition-data/train/atomic-layer-deposition/simulation-usecase/32/images/fig_14.jpg,f,heatmap,6
/Users/lingzhou/Resource/DataResource/ALD-E-ImageMiner-main/icdar2026-competition-data/train/atomic-layer-deposition/simulation-usecase/32/images/fig_3.jpg,a,workflow diagram,1
/Users/lingzhou/Resource/DataResource/ALD-E-ImageMiner-main/icdar2026-competition-data/train/atomic-layer-deposition/simulation-usecase/32/images/fig_2.jpg,a,apparatus diagram,2
/Users/lingzhou/Resource/DataResource/ALD-E-ImageMiner-main/icdar2026-competition-data/train/atomic-layer-deposition/simulation-usecase/32/images/fig_2.jpg,b,apparatus diagram,2
/Users/lingzhou/Resource/DataResource/ALD-E-ImageMiner-main/icdar2026-competition-data/train/atomic-layer-deposition/simulation-usecase/32/images/fig_15.jpg,a,heatmap,1
/Users/lingzhou/Resource/DataResource/ALD-E-ImageMiner-main/icdar2026-competition-data/train/atomic-layer-deposition/simulation-usecase/35/images/fig_1.jpg,a,scatter plot,1
/Users/lingzhou/Resource/DataResource/ALD-E-ImageMiner-main/icdar2026-competition-data/train/atomic-layer-deposition/simulation-usecase/35/images/fig_4.jpg,a,reaction scheme,5
/Users/lingzhou/Resource/DataResource/ALD-E-ImageMiner-main/icdar2026-competition-data/train/atomic-layer-deposition/simulation-usecase/35/images/fig_4.jpg,b,reaction scheme,5
/Users/lingzhou/Resource/DataResource/ALD-E-ImageMiner-main/icdar2026-competition-data/train/atomic-layer-deposition/simulation-usecase/35/images/fig_4.jpg,c,reaction scheme,5
/Users/lingzhou/Resource/DataResource/ALD-E-ImageMiner-main/icdar2026-competition-data/train/atomic-layer-deposition/simulation-usecase/35/images/fig_4.jpg,d,reaction scheme,5
/Users/lingzhou/Resource/DataResource/ALD-E-ImageMiner-main/icdar2026-competition-data/train/atomic-layer-deposition/simulation-usecase/35/images/fig_4.jpg,e,reaction scheme,5
/Users/lingzhou/Resource/DataResource/ALD-E-ImageMiner-main/icdar2026-competition-data/train/atomic-layer-deposition/simulation-usecase/35/images/fig_3.jpg,a,multiple scatter plot,3
/Users/lingzhou/Resource/DataResource/ALD-E-ImageMiner-main/icdar2026-competition-data/train/atomic-layer-deposition/simulation-usecase/35/images/fig_3.jpg,b,multiple scatter plot,3
/Users/lingzhou/Resource/DataResource/ALD-E-ImageMiner-main/icdar2026-competition-data/train/atomic-layer-deposition/simulation-usecase/35/images/fig_3.jpg,c,multiple scatter plot,3
/Users/lingzhou/Resource/DataResource/ALD-E-ImageMiner-main/icdar2026-competition-data/train/atomic-layer-deposition/simulation-usecase/35/images/fig_2.jpg,a,multiple scatter plot,2
/Users/lingzhou/Resource/DataResource/ALD-E-ImageMiner-main/icdar2026-competition-data/train/atomic-layer-deposition/simulation-usecase/35/images/fig_2.jpg,b,multiple scatter plot,2
/Users/lingzhou/Resource/DataResource/ALD-E-ImageMiner-main/icdar2026-competition-data/train/atomic-layer-deposition/simulation-usecase/56/images/figure_2.jpg,a,molecular structure diagram,2
/Users/lingzhou/Resource/DataResource/ALD-E-ImageMiner-main/icdar2026-competition-data/train/atomic-layer-deposition/simulation-usecase/56/images/figure_2.jpg,b,heatmap,2
/Users/lingzhou/Resource/DataResource/ALD-E-ImageMiner-main/icdar2026-competition-data/train/atomic-layer-deposition/simulation-usecase/56/images/figure_5.jpg,a,molecular structure diagram,2
/Users/lingzhou/Resource/DataResource/ALD-E-ImageMiner-main/icdar2026-competition-data/train/atomic-layer-deposition/simulation-usecase/56/images/figure_5.jpg,b,molecular structure diagram,2
/Users/lingzhou/Resource/DataResource/ALD-E-ImageMiner-main/icdar2026-competition-data/train/atomic-layer-deposition/simulation-usecase/56/images/figure_8.jpg,a,molecular structure diagram,2
/Users/lingzhou/Resource/DataResource/ALD-E-ImageMiner-main/icdar2026-competition-data/train/atomic-layer-deposition/simulation-usecase/56/images/figure_8.jpg,b,molecular structure diagram,2
/Users/lingzhou/Resource/DataResource/ALD-E-ImageMiner-main/icdar2026-competition-data/train/atomic-layer-deposition/simulation-usecase/56/images/ad18a71f7bf8dfd010afc39c6588160d3abeabbd3d0579c72e4d575a2b72ad6d.jpg,a,molecular structure diagram,1
/Users/lingzhou/Resource/DataResource/ALD-E-ImageMiner-main/icdar2026-competition-data/train/atomic-layer-deposition/simulation-usecase/56/images/figure_4.jpg,a,reaction scheme,1
/Users/lingzhou/Resource/DataResource/ALD-E-ImageMiner-main/icdar2026-competition-data/train/atomic-layer-deposition/simulation-usecase/56/images/figure_7.jpg,a,reaction energy profile diagram,1
/Users/lingzhou/Resource/DataResource/ALD-E-ImageMiner-main/icdar2026-competition-data/train/atomic-layer-deposition/simulation-usecase/56/images/5810357f97cb2a1911c467abe457850c4a19eaa5ce7780fa945b452adab219d7.jpg,a,reaction energy profile diagram,1
/Users/lingzhou/Resource/DataResource/ALD-E-ImageMiner-main/icdar2026-competition-data/train/atomic-layer-deposition/simulation-usecase/56/images/figure_6.jpg,a,reaction scheme,2
/Users/lingzhou/Resource/DataResource/ALD-E-ImageMiner-main/icdar2026-competition-data/train/atomic-layer-deposition/simulation-usecase/56/images/figure_6.jpg,b,reaction scheme,2
/Users/lingzhou/Resource/DataResource/ALD-E-ImageMiner-main/icdar2026-competition-data/train/atomic-layer-deposition/simulation-usecase/56/images/figure_1.jpg,a,molecular structure diagram,2
/Users/lingzhou/Resource/DataResource/ALD-E-ImageMiner-main/icdar2026-competition-data/train/atomic-layer-deposition/simulation-usecase/56/images/figure_1.jpg,b,molecular structure diagram,2
/Users/lingzhou/Resource/DataResource/ALD-E-ImageMiner-main/icdar2026-competition-data/train/atomic-layer-deposition/simulation-usecase/27/images/figure_3.jpg,a,molecular structure diagram,3
/Users/lingzhou/Resource/DataResource/ALD-E-ImageMiner-main/icdar2026-competition-data/train/atomic-layer-deposition/simulation-usecase/27/images/figure_3.jpg,b,molecular structure diagram,3
/Users/lingzhou/Resource/DataResource/ALD-E-ImageMiner-main/icdar2026-competition-data/train/atomic-layer-deposition/simulation-usecase/27/images/figure_3.jpg,c,molecular structure diagram,3
/Users/lingzhou/Resource/DataResource/ALD-E-ImageMiner-main/icdar2026-competition-data/train/atomic-layer-deposition/simulation-usecase/27/images/figure_2.jpg,a,process flow diagram,1
/Users/lingzhou/Resource/DataResource/ALD-E-ImageMiner-main/icdar2026-competition-data/train/atomic-layer-deposition/simulation-usecase/27/images/figure_5.jpg,a,molecular structure diagram,1
/Users/lingzhou/Resource/DataResource/ALD-E-ImageMiner-main/icdar2026-competition-data/train/atomic-layer-deposition/simulation-usecase/27/images/figure_4.jpg,a,reaction scheme,1
/Users/lingzhou/Resource/DataResource/ALD-E-ImageMiner-main/icdar2026-competition-data/train/atomic-layer-deposition/simulation-usecase/27/images/figure_6.jpg,a,line chart,2
/Users/lingzhou/Resource/DataResource/ALD-E-ImageMiner-main/icdar2026-competition-data/train/atomic-layer-deposition/simulation-usecase/27/images/figure_6.jpg,b,line chart,2
/Users/lingzhou/Resource/DataResource/ALD-E-ImageMiner-main/icdar2026-competition-data/train/atomic-layer-deposition/simulation-usecase/27/images/figure_1.jpg,a,process flow diagram,1
/Users/lingzhou/Resource/DataResource/ALD-E-ImageMiner-main/icdar2026-competition-data/train/atomic-layer-deposition/simulation-usecase/9/images/figure_3.jpg,a,molecular structure diagram,1
/Users/lingzhou/Resource/DataResource/ALD-E-ImageMiner-main/icdar2026-competition-data/train/atomic-layer-deposition/simulation-usecase/9/images/figure_2.jpg,a,conceptual diagram,1
/Users/lingzhou/Resource/DataResource/ALD-E-ImageMiner-main/icdar2026-competition-data/train/atomic-layer-deposition/simulation-usecase/9/images/figure_5.jpg,a,reaction energy profile diagram,1
/Users/lingzhou/Resource/DataResource/ALD-E-ImageMiner-main/icdar2026-competition-data/train/atomic-layer-deposition/simulation-usecase/9/images/figure_9.jpg,a,stacked bar chart,1
/Users/lingzhou/Resource/DataResource/ALD-E-ImageMiner-main/icdar2026-competition-data/train/atomic-layer-deposition/simulation-usecase/9/images/figure_10.jpg,a,stacked bar chart,1
/Users/lingzhou/Resource/DataResource/ALD-E-ImageMiner-main/icdar2026-competition-data/train/atomic-layer-deposition/simulation-usecase/9/images/figure_11.jpg,a,bar chart,1
/Users/lingzhou/Resource/DataResource/ALD-E-ImageMiner-main/icdar2026-competition-data/train/atomic-layer-deposition/simulation-usecase/9/images/figure_8.jpg,a,reaction scheme,1
/Users/lingzhou/Resource/DataResource/ALD-E-ImageMiner-main/icdar2026-competition-data/train/atomic-layer-deposition/simulation-usecase/9/images/figure_4.jpg,a,conceptual diagram,1
/Users/lingzhou/Resource/DataResource/ALD-E-ImageMiner-main/icdar2026-competition-data/train/atomic-layer-deposition/simulation-usecase/9/images/figure_7.jpg,a,reaction energy profile diagram,1
/Users/lingzhou/Resource/DataResource/ALD-E-ImageMiner-main/icdar2026-competition-data/train/atomic-layer-deposition/simulation-usecase/9/images/figure_6.jpg,a,workflow diagram,1
/Users/lingzhou/Resource/DataResource/ALD-E-ImageMiner-main/icdar2026-competition-data/train/atomic-layer-deposition/simulation-usecase/9/images/figure_1.jpg,a,molecular structure diagram,1
/Users/lingzhou/Resource/DataResource/ALD-E-ImageMiner-main/icdar2026-competition-data/train/atomic-layer-deposition/simulation-usecase/11/images/fig_1.jpg,a,unknown,2
/Users/lingzhou/Resource/DataResource/ALD-E-ImageMiner-main/icdar2026-competition-data/train/atomic-layer-deposition/simulation-usecase/11/images/fig_1.jpg,b,unknown,2
/Users/lingzhou/Resource/DataResource/ALD-E-ImageMiner-main/icdar2026-competition-data/train/atomic-layer-deposition/simulation-usecase/11/images/fig_16.jpg,a,unknown,2
/Users/lingzhou/Resource/DataResource/ALD-E-ImageMiner-main/icdar2026-competition-data/train/atomic-layer-deposition/simulation-usecase/11/images/fig_16.jpg,b,contour heatmap,2
/Users/lingzhou/Resource/DataResource/ALD-E-ImageMiner-main/icdar2026-competition-data/train/atomic-layer-deposition/simulation-usecase/11/images/fig_10.jpg,a,multiple line chart,3
/Users/lingzhou/Resource/DataResource/ALD-E-ImageMiner-main/icdar2026-competition-data/train/atomic-layer-deposition/simulation-usecase/11/images/fig_10.jpg,b,multiple line chart,3
/Users/lingzhou/Resource/DataResource/ALD-E-ImageMiner-main/icdar2026-competition-data/train/atomic-layer-deposition/simulation-usecase/11/images/fig_10.jpg,c,multiple line chart,3
/Users/lingzhou/Resource/DataResource/ALD-E-ImageMiner-main/icdar2026-competition-data/train/atomic-layer-deposition/simulation-usecase/11/images/fig_11.jpg,a,heatmap,1
/Users/lingzhou/Resource/DataResource/ALD-E-ImageMiner-main/icdar2026-competition-data/train/atomic-layer-deposition/simulation-usecase/11/images/fig_6.jpg,a,heatmap,6
/Users/lingzhou/Resource/DataResource/ALD-E-ImageMiner-main/icdar2026-competition-data/train/atomic-layer-deposition/simulation-usecase/11/images/fig_6.jpg,b,heatmap,6
/Users/lingzhou/Resource/DataResource/ALD-E-ImageMiner-main/icdar2026-competition-data/train/atomic-layer-deposition/simulation-usecase/11/images/fig_6.jpg,c,heatmap,6
/Users/lingzhou/Resource/DataResource/ALD-E-ImageMiner-main/icdar2026-competition-data/train/atomic-layer-deposition/simulation-usecase/11/images/fig_6.jpg,d,heatmap,6
/Users/lingzhou/Resource/DataResource/ALD-E-ImageMiner-main/icdar2026-competition-data/train/atomic-layer-deposition/simulation-usecase/11/images/fig_6.jpg,e,heatmap,6
/Users/lingzhou/Resource/DataResource/ALD-E-ImageMiner-main/icdar2026-competition-data/train/atomic-layer-deposition/simulation-usecase/11/images/fig_6.jpg,f,heatmap,6
/Users/lingzhou/Resource/DataResource/ALD-E-ImageMiner-main/icdar2026-competition-data/train/atomic-layer-deposition/simulation-usecase/11/images/fig_9.jpg,a,multi spectra chart,4
/Users/lingzhou/Resource/DataResource/ALD-E-ImageMiner-main/icdar2026-competition-data/train/atomic-layer-deposition/simulation-usecase/11/images/fig_9.jpg,b,multi spectra chart,4
/Users/lingzhou/Resource/DataResource/ALD-E-ImageMiner-main/icdar2026-competition-data/train/atomic-layer-deposition/simulation-usecase/11/images/fig_9.jpg,c,multi spectra chart,4
/Users/lingzhou/Resource/DataResource/ALD-E-ImageMiner-main/icdar2026-competition-data/train/atomic-layer-deposition/simulation-usecase/11/images/fig_9.jpg,d,multi spectra chart,4
/Users/lingzhou/Resource/DataResource/ALD-E-ImageMiner-main/icdar2026-competition-data/train/atomic-layer-deposition/simulation-usecase/11/images/fig4.jpg,a,multiple line chart,1
/Users/lingzhou/Resource/DataResource/ALD-E-ImageMiner-main/icdar2026-competition-data/train/atomic-layer-deposition/simulation-usecase/11/images/fig_12.jpg,a,multiple scatter plot,2
/Users/lingzhou/Resource/DataResource/ALD-E-ImageMiner-main/icdar2026-competition-data/train/atomic-layer-deposition/simulation-usecase/11/images/fig_12.jpg,b,multiple scatter plot,2
/Users/lingzhou/Resource/DataResource/ALD-E-ImageMiner-main/icdar2026-competition-data/train/atomic-layer-deposition/simulation-usecase/11/images/fig_13.jpg,a,multiple line chart,3
/Users/lingzhou/Resource/DataResource/ALD-E-ImageMiner-main/icdar2026-competition-data/train/atomic-layer-deposition/simulation-usecase/11/images/fig_13.jpg,b,multiple line chart,3
/Users/lingzhou/Resource/DataResource/ALD-E-ImageMiner-main/icdar2026-competition-data/train/atomic-layer-deposition/simulation-usecase/11/images/fig_13.jpg,c,multiple line chart,3
/Users/lingzhou/Resource/DataResource/ALD-E-ImageMiner-main/icdar2026-competition-data/train/atomic-layer-deposition/simulation-usecase/11/images/fig5.jpg,a,heatmap,1
/Users/lingzhou/Resource/DataResource/ALD-E-ImageMiner-main/icdar2026-competition-data/train/atomic-layer-deposition/simulation-usecase/11/images/fig_14.jpg,a,heatmap,2
/Users/lingzhou/Resource/DataResource/ALD-E-ImageMiner-main/icdar2026-competition-data/train/atomic-layer-deposition/simulation-usecase/11/images/fig_14.jpg,b,heatmap,2
/Users/lingzhou/Resource/DataResource/ALD-E-ImageMiner-main/icdar2026-competition-data/train/atomic-layer-deposition/simulation-usecase/11/images/fig_2.jpg,a,heatmap,2
/Users/lingzhou/Resource/DataResource/ALD-E-ImageMiner-main/icdar2026-competition-data/train/atomic-layer-deposition/simulation-usecase/11/images/fig_2.jpg,b,contour heatmap,2
/Users/lingzhou/Resource/DataResource/ALD-E-ImageMiner-main/icdar2026-competition-data/train/atomic-layer-deposition/simulation-usecase/11/images/fig_15.jpg,a,multiple scatter plot,2
/Users/lingzhou/Resource/DataResource/ALD-E-ImageMiner-main/icdar2026-competition-data/train/atomic-layer-deposition/simulation-usecase/11/images/fig_15.jpg,b,multiple scatter plot,2
/Users/lingzhou/Resource/DataResource/ALD-E-ImageMiner-main/icdar2026-competition-data/train/atomic-layer-deposition/simulation-usecase/29/images/fig_1.jpg,a,box plot,1
/Users/lingzhou/Resource/DataResource/ALD-E-ImageMiner-main/icdar2026-competition-data/train/atomic-layer-deposition/simulation-usecase/29/images/fig6.jpg,a,multiple scatter plot,1
/Users/lingzhou/Resource/DataResource/ALD-E-ImageMiner-main/icdar2026-competition-data/train/atomic-layer-deposition/simulation-usecase/29/images/fig7.jpg,a,multiple scatter plot,1
/Users/lingzhou/Resource/DataResource/ALD-E-ImageMiner-main/icdar2026-competition-data/train/atomic-layer-deposition/simulation-usecase/29/images/fig8.jpg,a,multiple scatter plot,1
/Users/lingzhou/Resource/DataResource/ALD-E-ImageMiner-main/icdar2026-competition-data/train/atomic-layer-deposition/simulation-usecase/29/images/fig_5.jpg,a,workflow diagram,1
/Users/lingzhou/Resource/DataResource/ALD-E-ImageMiner-main/icdar2026-competition-data/train/atomic-layer-deposition/simulation-usecase/29/images/fig_4.jpg,a,workflow diagram,1
/Users/lingzhou/Resource/DataResource/ALD-E-ImageMiner-main/icdar2026-competition-data/train/atomic-layer-deposition/simulation-usecase/29/images/fig9.jpg,a,multiple scatter plot,1
/Users/lingzhou/Resource/DataResource/ALD-E-ImageMiner-main/icdar2026-competition-data/train/atomic-layer-deposition/simulation-usecase/29/images/fig_3.jpg,a,conceptual diagram,2
/Users/lingzhou/Resource/DataResource/ALD-E-ImageMiner-main/icdar2026-competition-data/train/atomic-layer-deposition/simulation-usecase/29/images/fig_3.jpg,b,conceptual diagram,2
/Users/lingzhou/Resource/DataResource/ALD-E-ImageMiner-main/icdar2026-competition-data/train/atomic-layer-deposition/simulation-usecase/29/images/fig_2.jpg,a,conceptual diagram,1
/Users/lingzhou/Resource/DataResource/ALD-E-ImageMiner-main/icdar2026-competition-data/train/atomic-layer-deposition/simulation-usecase/42/images/fig_1.jpg,a,reaction energy profile diagram,1
/Users/lingzhou/Resource/DataResource/ALD-E-ImageMiner-main/icdar2026-competition-data/train/atomic-layer-deposition/simulation-usecase/42/images/fig_6.jpg,a,multiple scatter plot,3
/Users/lingzhou/Resource/DataResource/ALD-E-ImageMiner-main/icdar2026-competition-data/train/atomic-layer-deposition/simulation-usecase/42/images/fig_6.jpg,b,multiple scatter plot,3
/Users/lingzhou/Resource/DataResource/ALD-E-ImageMiner-main/icdar2026-competition-data/train/atomic-layer-deposition/simulation-usecase/42/images/fig_6.jpg,c,multiple scatter plot,3
/Users/lingzhou/Resource/DataResource/ALD-E-ImageMiner-main/icdar2026-competition-data/train/atomic-layer-deposition/simulation-usecase/42/images/fig4.jpg,a,stacked spectra chart,4
/Users/lingzhou/Resource/DataResource/ALD-E-ImageMiner-main/icdar2026-competition-data/train/atomic-layer-deposition/simulation-usecase/42/images/fig4.jpg,b,stacked spectra chart,4
/Users/lingzhou/Resource/DataResource/ALD-E-ImageMiner-main/icdar2026-competition-data/train/atomic-layer-deposition/simulation-usecase/42/images/fig4.jpg,c,stacked spectra chart,4
/Users/lingzhou/Resource/DataResource/ALD-E-ImageMiner-main/icdar2026-competition-data/train/atomic-layer-deposition/simulation-usecase/42/images/fig4.jpg,d,stacked spectra chart,4
/Users/lingzhou/Resource/DataResource/ALD-E-ImageMiner-main/icdar2026-competition-data/train/atomic-layer-deposition/simulation-usecase/42/images/fig_5.jpg,a,stacked spectra chart,1
/Users/lingzhou/Resource/DataResource/ALD-E-ImageMiner-main/icdar2026-competition-data/train/atomic-layer-deposition/simulation-usecase/42/images/fig_2.jpg,a,molecular structure diagram,3
/Users/lingzhou/Resource/DataResource/ALD-E-ImageMiner-main/icdar2026-competition-data/train/atomic-layer-deposition/simulation-usecase/42/images/fig_2.jpg,b,molecular structure diagram,3
/Users/lingzhou/Resource/DataResource/ALD-E-ImageMiner-main/icdar2026-competition-data/train/atomic-layer-deposition/simulation-usecase/42/images/fig_2.jpg,c,molecular structure diagram,3
/Users/lingzhou/Resource/DataResource/ALD-E-ImageMiner-main/icdar2026-competition-data/train/atomic-layer-deposition/simulation-usecase/42/images/fig3.jpg,a,conceptual diagram,4
/Users/lingzhou/Resource/DataResource/ALD-E-ImageMiner-main/icdar2026-competition-data/train/atomic-layer-deposition/simulation-usecase/42/images/fig3.jpg,b,line chart,4
/Users/lingzhou/Resource/DataResource/ALD-E-ImageMiner-main/icdar2026-competition-data/train/atomic-layer-deposition/simulation-usecase/42/images/fig3.jpg,c,multiple line chart,4
/Users/lingzhou/Resource/DataResource/ALD-E-ImageMiner-main/icdar2026-competition-data/train/atomic-layer-deposition/simulation-usecase/42/images/fig3.jpg,d,multiple line chart,4
/Users/lingzhou/Resource/DataResource/ALD-E-ImageMiner-main/icdar2026-competition-data/train/atomic-layer-deposition/simulation-usecase/45/images/fig_1.jpg,a,molecular structure diagram,2
/Users/lingzhou/Resource/DataResource/ALD-E-ImageMiner-main/icdar2026-competition-data/train/atomic-layer-deposition/simulation-usecase/45/images/fig_1.jpg,b,molecular structure diagram,2
/Users/lingzhou/Resource/DataResource/ALD-E-ImageMiner-main/icdar2026-competition-data/train/atomic-layer-deposition/simulation-usecase/45/images/fig_3.jpg,a,reaction energy profile diagram,1
/Users/lingzhou/Resource/DataResource/ALD-E-ImageMiner-main/icdar2026-competition-data/train/atomic-layer-deposition/simulation-usecase/45/images/fig_2.jpg,a,reaction energy profile diagram,1
/Users/lingzhou/Resource/DataResource/ALD-E-ImageMiner-main/icdar2026-competition-data/train/atomic-layer-deposition/simulation-usecase/6/images/figure_3.jpg,a,conceptual diagram,3
/Users/lingzhou/Resource/DataResource/ALD-E-ImageMiner-main/icdar2026-competition-data/train/atomic-layer-deposition/simulation-usecase/6/images/figure_3.jpg,b,conceptual diagram,3
/Users/lingzhou/Resource/DataResource/ALD-E-ImageMiner-main/icdar2026-competition-data/train/atomic-layer-deposition/simulation-usecase/6/images/figure_3.jpg,c,conceptual diagram,3
/Users/lingzhou/Resource/DataResource/ALD-E-ImageMiner-main/icdar2026-competition-data/train/atomic-layer-deposition/simulation-usecase/6/images/figure_2.jpg,a,multiple scatter plot,1
/Users/lingzhou/Resource/DataResource/ALD-E-ImageMiner-main/icdar2026-competition-data/train/atomic-layer-deposition/simulation-usecase/6/images/figure_8.jpg,a,process flow diagram,2
/Users/lingzhou/Resource/DataResource/ALD-E-ImageMiner-main/icdar2026-competition-data/train/atomic-layer-deposition/simulation-usecase/6/images/figure_8.jpg,b,process flow diagram,2
/Users/lingzhou/Resource/DataResource/ALD-E-ImageMiner-main/icdar2026-competition-data/train/atomic-layer-deposition/simulation-usecase/6/images/figure_6.jpg,a,pie chart,4
/Users/lingzhou/Resource/DataResource/ALD-E-ImageMiner-main/icdar2026-competition-data/train/atomic-layer-deposition/simulation-usecase/6/images/figure_6.jpg,b,pie chart,4
/Users/lingzhou/Resource/DataResource/ALD-E-ImageMiner-main/icdar2026-competition-data/train/atomic-layer-deposition/simulation-usecase/6/images/figure_6.jpg,c,pie chart,4
/Users/lingzhou/Resource/DataResource/ALD-E-ImageMiner-main/icdar2026-competition-data/train/atomic-layer-deposition/simulation-usecase/6/images/figure_6.jpg,d,pie chart,4
/Users/lingzhou/Resource/DataResource/ALD-E-ImageMiner-main/icdar2026-competition-data/train/atomic-layer-deposition/simulation-usecase/6/images/figure_1.jpg,a,reaction scheme,1
/Users/lingzhou/Resource/DataResource/ALD-E-ImageMiner-main/icdar2026-competition-data/train/atomic-layer-deposition/simulation-usecase/28/images/fig1.jpg,a,reaction scheme,2
/Users/lingzhou/Resource/DataResource/ALD-E-ImageMiner-main/icdar2026-competition-data/train/atomic-layer-deposition/simulation-usecase/28/images/fig1.jpg,b,reaction scheme,2
/Users/lingzhou/Resource/DataResource/ALD-E-ImageMiner-main/icdar2026-competition-data/train/atomic-layer-deposition/simulation-usecase/28/images/fig_7.jpg,a,multiple scatter plot,1
/Users/lingzhou/Resource/DataResource/ALD-E-ImageMiner-main/icdar2026-competition-data/train/atomic-layer-deposition/simulation-usecase/28/images/fig_10.jpg,a,multiple scatter plot,1
/Users/lingzhou/Resource/DataResource/ALD-E-ImageMiner-main/icdar2026-competition-data/train/atomic-layer-deposition/simulation-usecase/28/images/fig_11.jpg,a,multiple scatter plot,1
/Users/lingzhou/Resource/DataResource/ALD-E-ImageMiner-main/icdar2026-competition-data/train/atomic-layer-deposition/simulation-usecase/28/images/fig_6.jpg,a,multiple scatter plot,1
/Users/lingzhou/Resource/DataResource/ALD-E-ImageMiner-main/icdar2026-competition-data/train/atomic-layer-deposition/simulation-usecase/28/images/fig_9.jpg,a,molecular structure diagram,4
/Users/lingzhou/Resource/DataResource/ALD-E-ImageMiner-main/icdar2026-competition-data/train/atomic-layer-deposition/simulation-usecase/28/images/fig_9.jpg,b,molecular structure diagram,4
/Users/lingzhou/Resource/DataResource/ALD-E-ImageMiner-main/icdar2026-competition-data/train/atomic-layer-deposition/simulation-usecase/28/images/fig_9.jpg,c,molecular structure diagram,4
/Users/lingzhou/Resource/DataResource/ALD-E-ImageMiner-main/icdar2026-competition-data/train/atomic-layer-deposition/simulation-usecase/28/images/fig_9.jpg,d,molecular structure diagram,4
/Users/lingzhou/Resource/DataResource/ALD-E-ImageMiner-main/icdar2026-competition-data/train/atomic-layer-deposition/simulation-usecase/28/images/fig_5.jpg,a,process timing diagram,1
/Users/lingzhou/Resource/DataResource/ALD-E-ImageMiner-main/icdar2026-competition-data/train/atomic-layer-deposition/simulation-usecase/28/images/fig_4.jpg,a,reaction scheme,2
/Users/lingzhou/Resource/DataResource/ALD-E-ImageMiner-main/icdar2026-competition-data/train/atomic-layer-deposition/simulation-usecase/28/images/fig_4.jpg,b,reaction scheme,2
/Users/lingzhou/Resource/DataResource/ALD-E-ImageMiner-main/icdar2026-competition-data/train/atomic-layer-deposition/simulation-usecase/28/images/fig_8.jpg,a,multiple scatter plot,1
/Users/lingzhou/Resource/DataResource/ALD-E-ImageMiner-main/icdar2026-competition-data/train/atomic-layer-deposition/simulation-usecase/28/images/fig2.jpg,a,reaction scheme,1
/Users/lingzhou/Resource/DataResource/ALD-E-ImageMiner-main/icdar2026-competition-data/train/atomic-layer-deposition/simulation-usecase/28/images/fig_3.jpg,a,multi-axis chart,1
/Users/lingzhou/Resource/DataResource/ALD-E-ImageMiner-main/icdar2026-competition-data/train/atomic-layer-deposition/simulation-usecase/17/images/figure_16.jpg,a,molecular structure diagram,4
/Users/lingzhou/Resource/DataResource/ALD-E-ImageMiner-main/icdar2026-competition-data/train/atomic-layer-deposition/simulation-usecase/17/images/figure_16.jpg,b,molecular structure diagram,4
/Users/lingzhou/Resource/DataResource/ALD-E-ImageMiner-main/icdar2026-competition-data/train/atomic-layer-deposition/simulation-usecase/17/images/figure_16.jpg,c,molecular structure diagram,4
/Users/lingzhou/Resource/DataResource/ALD-E-ImageMiner-main/icdar2026-competition-data/train/atomic-layer-deposition/simulation-usecase/17/images/figure_16.jpg,d,molecular structure diagram,4
/Users/lingzhou/Resource/DataResource/ALD-E-ImageMiner-main/icdar2026-competition-data/train/atomic-layer-deposition/simulation-usecase/17/images/figure_20.jpg,a,line chart,1
/Users/lingzhou/Resource/DataResource/ALD-E-ImageMiner-main/icdar2026-competition-data/train/atomic-layer-deposition/simulation-usecase/17/images/figure_3.jpg,a,process flow diagram,3
/Users/lingzhou/Resource/DataResource/ALD-E-ImageMiner-main/icdar2026-competition-data/train/atomic-layer-deposition/simulation-usecase/17/images/figure_3.jpg,b,process flow diagram,3
/Users/lingzhou/Resource/DataResource/ALD-E-ImageMiner-main/icdar2026-competition-data/train/atomic-layer-deposition/simulation-usecase/17/images/figure_3.jpg,c,process flow diagram,3
/Users/lingzhou/Resource/DataResource/ALD-E-ImageMiner-main/icdar2026-competition-data/train/atomic-layer-deposition/simulation-usecase/17/images/figure_2.jpg,a,image panel,1
/Users/lingzhou/Resource/DataResource/ALD-E-ImageMiner-main/icdar2026-competition-data/train/atomic-layer-deposition/simulation-usecase/17/images/figure_21.jpg,a,multiple line chart,1
/Users/lingzhou/Resource/DataResource/ALD-E-ImageMiner-main/icdar2026-competition-data/train/atomic-layer-deposition/simulation-usecase/17/images/figure_17.jpg,a,molecular structure diagram,4
/Users/lingzhou/Resource/DataResource/ALD-E-ImageMiner-main/icdar2026-competition-data/train/atomic-layer-deposition/simulation-usecase/17/images/figure_17.jpg,b,molecular structure diagram,4
/Users/lingzhou/Resource/DataResource/ALD-E-ImageMiner-main/icdar2026-competition-data/train/atomic-layer-deposition/simulation-usecase/17/images/figure_17.jpg,c,molecular structure diagram,4
/Users/lingzhou/Resource/DataResource/ALD-E-ImageMiner-main/icdar2026-competition-data/train/atomic-layer-deposition/simulation-usecase/17/images/figure_17.jpg,d,molecular structure diagram,4
/Users/lingzhou/Resource/DataResource/ALD-E-ImageMiner-main/icdar2026-competition-data/train/atomic-layer-deposition/simulation-usecase/17/images/figure_5.jpg,a,line chart,2
/Users/lingzhou/Resource/DataResource/ALD-E-ImageMiner-main/icdar2026-competition-data/train/atomic-layer-deposition/simulation-usecase/17/images/figure_5.jpg,b,line chart,2
/Users/lingzhou/Resource/DataResource/ALD-E-ImageMiner-main/icdar2026-competition-data/train/atomic-layer-deposition/simulation-usecase/17/images/figure_9.jpg,a,molecular structure diagram,5
/Users/lingzhou/Resource/DataResource/ALD-E-ImageMiner-main/icdar2026-competition-data/train/atomic-layer-deposition/simulation-usecase/17/images/figure_9.jpg,b,molecular structure diagram,5
/Users/lingzhou/Resource/DataResource/ALD-E-ImageMiner-main/icdar2026-competition-data/train/atomic-layer-deposition/simulation-usecase/17/images/figure_9.jpg,c,molecular structure diagram,5
/Users/lingzhou/Resource/DataResource/ALD-E-ImageMiner-main/icdar2026-competition-data/train/atomic-layer-deposition/simulation-usecase/17/images/figure_9.jpg,d,molecular structure diagram,5
/Users/lingzhou/Resource/DataResource/ALD-E-ImageMiner-main/icdar2026-competition-data/train/atomic-layer-deposition/simulation-usecase/17/images/figure_9.jpg,e,molecular structure diagram,5
/Users/lingzhou/Resource/DataResource/ALD-E-ImageMiner-main/icdar2026-competition-data/train/atomic-layer-deposition/simulation-usecase/17/images/figure_10.jpg,a,spectra chart,5
/Users/lingzhou/Resource/DataResource/ALD-E-ImageMiner-main/icdar2026-competition-data/train/atomic-layer-deposition/simulation-usecase/17/images/figure_10.jpg,b,spectra chart,5
/Users/lingzhou/Resource/DataResource/ALD-E-ImageMiner-main/icdar2026-competition-data/train/atomic-layer-deposition/simulation-usecase/17/images/figure_10.jpg,c,spectra chart,5
/Users/lingzhou/Resource/DataResource/ALD-E-ImageMiner-main/icdar2026-competition-data/train/atomic-layer-deposition/simulation-usecase/17/images/figure_10.jpg,d,spectra chart,5
/Users/lingzhou/Resource/DataResource/ALD-E-ImageMiner-main/icdar2026-competition-data/train/atomic-layer-deposition/simulation-usecase/17/images/figure_10.jpg,e,spectra chart,5
/Users/lingzhou/Resource/DataResource/ALD-E-ImageMiner-main/icdar2026-competition-data/train/atomic-layer-deposition/simulation-usecase/17/images/figure_11.jpg,a,molecular structure diagram,1
/Users/lingzhou/Resource/DataResource/ALD-E-ImageMiner-main/icdar2026-competition-data/train/atomic-layer-deposition/simulation-usecase/17/images/figure_8.jpg,a,molecular structure diagram,2
/Users/lingzhou/Resource/DataResource/ALD-E-ImageMiner-main/icdar2026-competition-data/train/atomic-layer-deposition/simulation-usecase/17/images/figure_8.jpg,b,molecular structure diagram,2
/Users/lingzhou/Resource/DataResource/ALD-E-ImageMiner-main/icdar2026-competition-data/train/atomic-layer-deposition/simulation-usecase/17/images/figure_4.jpg,a,conceptual diagram,3
/Users/lingzhou/Resource/DataResource/ALD-E-ImageMiner-main/icdar2026-competition-data/train/atomic-layer-deposition/simulation-usecase/17/images/figure_4.jpg,b,conceptual diagram,3
/Users/lingzhou/Resource/DataResource/ALD-E-ImageMiner-main/icdar2026-competition-data/train/atomic-layer-deposition/simulation-usecase/17/images/figure_4.jpg,c,conceptual diagram,3
/Users/lingzhou/Resource/DataResource/ALD-E-ImageMiner-main/icdar2026-competition-data/train/atomic-layer-deposition/simulation-usecase/17/images/figure_7.jpg,a,bar chart,3
/Users/lingzhou/Resource/DataResource/ALD-E-ImageMiner-main/icdar2026-competition-data/train/atomic-layer-deposition/simulation-usecase/17/images/figure_7.jpg,b,bar chart,3
/Users/lingzhou/Resource/DataResource/ALD-E-ImageMiner-main/icdar2026-competition-data/train/atomic-layer-deposition/simulation-usecase/17/images/figure_7.jpg,c,process flow diagram,3
/Users/lingzhou/Resource/DataResource/ALD-E-ImageMiner-main/icdar2026-competition-data/train/atomic-layer-deposition/simulation-usecase/17/images/figure_12.jpg,a,line chart,1
/Users/lingzhou/Resource/DataResource/ALD-E-ImageMiner-main/icdar2026-competition-data/train/atomic-layer-deposition/simulation-usecase/17/images/figure_13.jpg,a,molecular structure diagram,9
/Users/lingzhou/Resource/DataResource/ALD-E-ImageMiner-main/icdar2026-competition-data/train/atomic-layer-deposition/simulation-usecase/17/images/figure_13.jpg,b,molecular structure diagram,9
/Users/lingzhou/Resource/DataResource/ALD-E-ImageMiner-main/icdar2026-competition-data/train/atomic-layer-deposition/simulation-usecase/17/images/figure_13.jpg,c,molecular structure diagram,9
/Users/lingzhou/Resource/DataResource/ALD-E-ImageMiner-main/icdar2026-competition-data/train/atomic-layer-deposition/simulation-usecase/17/images/figure_13.jpg,d,molecular structure diagram,9
/Users/lingzhou/Resource/DataResource/ALD-E-ImageMiner-main/icdar2026-competition-data/train/atomic-layer-deposition/simulation-usecase/17/images/figure_13.jpg,e,molecular structure diagram,9
/Users/lingzhou/Resource/DataResource/ALD-E-ImageMiner-main/icdar2026-competition-data/train/atomic-layer-deposition/simulation-usecase/17/images/figure_13.jpg,f,molecular structure diagram,9
/Users/lingzhou/Resource/DataResource/ALD-E-ImageMiner-main/icdar2026-competition-data/train/atomic-layer-deposition/simulation-usecase/17/images/figure_13.jpg,g,molecular structure diagram,9
/Users/lingzhou/Resource/DataResource/ALD-E-ImageMiner-main/icdar2026-competition-data/train/atomic-layer-deposition/simulation-usecase/17/images/figure_13.jpg,h,multiple scatter plot,9
/Users/lingzhou/Resource/DataResource/ALD-E-ImageMiner-main/icdar2026-competition-data/train/atomic-layer-deposition/simulation-usecase/17/images/figure_13.jpg,i,grouped bar chart,9
/Users/lingzhou/Resource/DataResource/ALD-E-ImageMiner-main/icdar2026-competition-data/train/atomic-layer-deposition/simulation-usecase/17/images/figure_6.jpg,a,molecular structure diagram,2
/Users/lingzhou/Resource/DataResource/ALD-E-ImageMiner-main/icdar2026-competition-data/train/atomic-layer-deposition/simulation-usecase/17/images/figure_6.jpg,b,molecular structure diagram,2
/Users/lingzhou/Resource/DataResource/ALD-E-ImageMiner-main/icdar2026-competition-data/train/atomic-layer-deposition/simulation-usecase/17/images/figure_14.jpg,a,multiple line chart,2
/Users/lingzhou/Resource/DataResource/ALD-E-ImageMiner-main/icdar2026-competition-data/train/atomic-layer-deposition/simulation-usecase/17/images/figure_14.jpg,b,multiple line chart,2
/Users/lingzhou/Resource/DataResource/ALD-E-ImageMiner-main/icdar2026-competition-data/train/atomic-layer-deposition/simulation-usecase/17/images/figure_18.jpg,a,molecular structure diagram,4
/Users/lingzhou/Resource/DataResource/ALD-E-ImageMiner-main/icdar2026-competition-data/train/atomic-layer-deposition/simulation-usecase/17/images/figure_18.jpg,b,molecular structure diagram,4
/Users/lingzhou/Resource/DataResource/ALD-E-ImageMiner-main/icdar2026-competition-data/train/atomic-layer-deposition/simulation-usecase/17/images/figure_18.jpg,c,molecular structure diagram,4
/Users/lingzhou/Resource/DataResource/ALD-E-ImageMiner-main/icdar2026-competition-data/train/atomic-layer-deposition/simulation-usecase/17/images/figure_18.jpg,d,molecular structure diagram,4
/Users/lingzhou/Resource/DataResource/ALD-E-ImageMiner-main/icdar2026-competition-data/train/atomic-layer-deposition/simulation-usecase/17/images/figure_1.jpg,a,process flow diagram,1
/Users/lingzhou/Resource/DataResource/ALD-E-ImageMiner-main/icdar2026-competition-data/train/atomic-layer-deposition/simulation-usecase/17/images/figure_19.jpg,a,process flow diagram,1
/Users/lingzhou/Resource/DataResource/ALD-E-ImageMiner-main/icdar2026-competition-data/train/atomic-layer-deposition/simulation-usecase/17/images/figure_15.jpg,a,molecular structure diagram,3
/Users/lingzhou/Resource/DataResource/ALD-E-ImageMiner-main/icdar2026-competition-data/train/atomic-layer-deposition/simulation-usecase/17/images/figure_15.jpg,b,reaction energy profile diagram,3
/Users/lingzhou/Resource/DataResource/ALD-E-ImageMiner-main/icdar2026-competition-data/train/atomic-layer-deposition/simulation-usecase/17/images/figure_15.jpg,c,multiple line chart,3
/Users/lingzhou/Resource/DataResource/ALD-E-ImageMiner-main/icdar2026-competition-data/train/atomic-layer-deposition/simulation-usecase/10/images/figure_3.jpg,a,image panel,3
/Users/lingzhou/Resource/DataResource/ALD-E-ImageMiner-main/icdar2026-competition-data/train/atomic-layer-deposition/simulation-usecase/10/images/figure_3.jpg,b,multiple scatter plot,3
/Users/lingzhou/Resource/DataResource/ALD-E-ImageMiner-main/icdar2026-competition-data/train/atomic-layer-deposition/simulation-usecase/10/images/figure_3.jpg,c,multiple scatter plot,3
/Users/lingzhou/Resource/DataResource/ALD-E-ImageMiner-main/icdar2026-competition-data/train/atomic-layer-deposition/simulation-usecase/10/images/figure_2.jpg,a,image panel,2
/Users/lingzhou/Resource/DataResource/ALD-E-ImageMiner-main/icdar2026-competition-data/train/atomic-layer-deposition/simulation-usecase/10/images/figure_2.jpg,b,multi spectra chart,2
/Users/lingzhou/Resource/DataResource/ALD-E-ImageMiner-main/icdar2026-competition-data/train/atomic-layer-deposition/simulation-usecase/10/images/figure_5.jpg,a,reaction energy profile diagram,2
/Users/lingzhou/Resource/DataResource/ALD-E-ImageMiner-main/icdar2026-competition-data/train/atomic-layer-deposition/simulation-usecase/10/images/figure_5.jpg,b,reaction energy profile diagram,2
/Users/lingzhou/Resource/DataResource/ALD-E-ImageMiner-main/icdar2026-competition-data/train/atomic-layer-deposition/simulation-usecase/10/images/figure_4.jpg,a,multiple scatter plot,1
/Users/lingzhou/Resource/DataResource/ALD-E-ImageMiner-main/icdar2026-competition-data/train/atomic-layer-deposition/simulation-usecase/10/images/figure_6.jpg,a,image panel,1
/Users/lingzhou/Resource/DataResource/ALD-E-ImageMiner-main/icdar2026-competition-data/train/atomic-layer-deposition/simulation-usecase/10/images/figure_1.jpg,a,conceptual diagram,2
/Users/lingzhou/Resource/DataResource/ALD-E-ImageMiner-main/icdar2026-competition-data/train/atomic-layer-deposition/simulation-usecase/10/images/figure_1.jpg,b,conceptual diagram,2
/Users/lingzhou/Resource/DataResource/ALD-E-ImageMiner-main/icdar2026-competition-data/train/atomic-layer-deposition/simulation-usecase/19/images/figure_3.jpg,a,conceptual diagram,7
/Users/lingzhou/Resource/DataResource/ALD-E-ImageMiner-main/icdar2026-competition-data/train/atomic-layer-deposition/simulation-usecase/19/images/figure_3.jpg,b,multiple scatter plot,7
/Users/lingzhou/Resource/DataResource/ALD-E-ImageMiner-main/icdar2026-competition-data/train/atomic-layer-deposition/simulation-usecase/19/images/figure_3.jpg,c,multiple scatter plot,7
/Users/lingzhou/Resource/DataResource/ALD-E-ImageMiner-main/icdar2026-competition-data/train/atomic-layer-deposition/simulation-usecase/19/images/figure_3.jpg,d,multiple scatter plot,7
/Users/lingzhou/Resource/DataResource/ALD-E-ImageMiner-main/icdar2026-competition-data/train/atomic-layer-deposition/simulation-usecase/19/images/figure_3.jpg,e,multiple scatter plot,7
/Users/lingzhou/Resource/DataResource/ALD-E-ImageMiner-main/icdar2026-competition-data/train/atomic-layer-deposition/simulation-usecase/19/images/figure_3.jpg,f,multiple scatter plot,7
/Users/lingzhou/Resource/DataResource/ALD-E-ImageMiner-main/icdar2026-competition-data/train/atomic-layer-deposition/simulation-usecase/19/images/figure_3.jpg,g,multiple scatter plot,7
/Users/lingzhou/Resource/DataResource/ALD-E-ImageMiner-main/icdar2026-competition-data/train/atomic-layer-deposition/simulation-usecase/19/images/figure_2.jpg,a,multiple scatter plot,4
/Users/lingzhou/Resource/DataResource/ALD-E-ImageMiner-main/icdar2026-competition-data/train/atomic-layer-deposition/simulation-usecase/19/images/figure_2.jpg,b,multiple scatter plot,4
/Users/lingzhou/Resource/DataResource/ALD-E-ImageMiner-main/icdar2026-competition-data/train/atomic-layer-deposition/simulation-usecase/19/images/figure_2.jpg,c,multi spectra chart,4
/Users/lingzhou/Resource/DataResource/ALD-E-ImageMiner-main/icdar2026-competition-data/train/atomic-layer-deposition/simulation-usecase/19/images/figure_2.jpg,d,multi spectra chart,4
/Users/lingzhou/Resource/DataResource/ALD-E-ImageMiner-main/icdar2026-competition-data/train/atomic-layer-deposition/simulation-usecase/19/images/figure_5.jpg,a,multi spectra chart,3
/Users/lingzhou/Resource/DataResource/ALD-E-ImageMiner-main/icdar2026-competition-data/train/atomic-layer-deposition/simulation-usecase/19/images/figure_5.jpg,b,multi spectra chart,3
/Users/lingzhou/Resource/DataResource/ALD-E-ImageMiner-main/icdar2026-competition-data/train/atomic-layer-deposition/simulation-usecase/19/images/figure_5.jpg,c,multi spectra chart,3
/Users/lingzhou/Resource/DataResource/ALD-E-ImageMiner-main/icdar2026-competition-data/train/atomic-layer-deposition/simulation-usecase/19/images/figure_4.jpg,a,multi spectra chart,9
/Users/lingzhou/Resource/DataResource/ALD-E-ImageMiner-main/icdar2026-competition-data/train/atomic-layer-deposition/simulation-usecase/19/images/figure_4.jpg,b,multi spectra chart,9
/Users/lingzhou/Resource/DataResource/ALD-E-ImageMiner-main/icdar2026-competition-data/train/atomic-layer-deposition/simulation-usecase/19/images/figure_4.jpg,c,multi spectra chart,9
/Users/lingzhou/Resource/DataResource/ALD-E-ImageMiner-main/icdar2026-competition-data/train/atomic-layer-deposition/simulation-usecase/19/images/figure_4.jpg,d,multi spectra chart,9
/Users/lingzhou/Resource/DataResource/ALD-E-ImageMiner-main/icdar2026-competition-data/train/atomic-layer-deposition/simulation-usecase/19/images/figure_4.jpg,e,multi spectra chart,9
/Users/lingzhou/Resource/DataResource/ALD-E-ImageMiner-main/icdar2026-competition-data/train/atomic-layer-deposition/simulation-usecase/19/images/figure_4.jpg,f,multi spectra chart,9
/Users/lingzhou/Resource/DataResource/ALD-E-ImageMiner-main/icdar2026-competition-data/train/atomic-layer-deposition/simulation-usecase/19/images/figure_4.jpg,g,band diagram,9
/Users/lingzhou/Resource/DataResource/ALD-E-ImageMiner-main/icdar2026-competition-data/train/atomic-layer-deposition/simulation-usecase/19/images/figure_4.jpg,h,band diagram,9
/Users/lingzhou/Resource/DataResource/ALD-E-ImageMiner-main/icdar2026-competition-data/train/atomic-layer-deposition/simulation-usecase/19/images/figure_4.jpg,i,band diagram,9
/Users/lingzhou/Resource/DataResource/ALD-E-ImageMiner-main/icdar2026-competition-data/train/atomic-layer-deposition/simulation-usecase/19/images/figure_7.jpg,a,multiple scatter plot,2
/Users/lingzhou/Resource/DataResource/ALD-E-ImageMiner-main/icdar2026-competition-data/train/atomic-layer-deposition/simulation-usecase/19/images/figure_7.jpg,b,grouped bar chart,2
/Users/lingzhou/Resource/DataResource/ALD-E-ImageMiner-main/icdar2026-competition-data/train/atomic-layer-deposition/simulation-usecase/19/images/84c188891e9f5a7dd3e9676f30756ca0444ee275d66c374f2ec10f4e82062772.jpg,a,molecular structure diagram,4
/Users/lingzhou/Resource/DataResource/ALD-E-ImageMiner-main/icdar2026-competition-data/train/atomic-layer-deposition/simulation-usecase/19/images/84c188891e9f5a7dd3e9676f30756ca0444ee275d66c374f2ec10f4e82062772.jpg,b,reaction energy profile diagram,4
/Users/lingzhou/Resource/DataResource/ALD-E-ImageMiner-main/icdar2026-competition-data/train/atomic-layer-deposition/simulation-usecase/19/images/84c188891e9f5a7dd3e9676f30756ca0444ee275d66c374f2ec10f4e82062772.jpg,c,reaction energy profile diagram,4
/Users/lingzhou/Resource/DataResource/ALD-E-ImageMiner-main/icdar2026-competition-data/train/atomic-layer-deposition/simulation-usecase/19/images/84c188891e9f5a7dd3e9676f30756ca0444ee275d66c374f2ec10f4e82062772.jpg,d,reaction energy profile diagram,4
/Users/lingzhou/Resource/DataResource/ALD-E-ImageMiner-main/icdar2026-competition-data/train/atomic-layer-deposition/simulation-usecase/19/images/figure_1.jpg,a,process flow diagram,3
/Users/lingzhou/Resource/DataResource/ALD-E-ImageMiner-main/icdar2026-competition-data/train/atomic-layer-deposition/simulation-usecase/19/images/figure_1.jpg,b,process flow diagram,3
/Users/lingzhou/Resource/DataResource/ALD-E-ImageMiner-main/icdar2026-competition-data/train/atomic-layer-deposition/simulation-usecase/19/images/figure_1.jpg,c,process flow diagram,3
/Users/lingzhou/Resource/DataResource/ALD-E-ImageMiner-main/icdar2026-competition-data/train/atomic-layer-deposition/simulation-usecase/19/images/e70a78e89322dc51a23a861148b7b0e471c521978b82552b2fde84db664cb782.jpg,a,conceptual diagram,3
/Users/lingzhou/Resource/DataResource/ALD-E-ImageMiner-main/icdar2026-competition-data/train/atomic-layer-deposition/simulation-usecase/19/images/e70a78e89322dc51a23a861148b7b0e471c521978b82552b2fde84db664cb782.jpg,b,molecular structure diagram,3
/Users/lingzhou/Resource/DataResource/ALD-E-ImageMiner-main/icdar2026-competition-data/train/atomic-layer-deposition/simulation-usecase/19/images/e70a78e89322dc51a23a861148b7b0e471c521978b82552b2fde84db664cb782.jpg,c,multiple scatter plot,3
/Users/lingzhou/Resource/DataResource/ALD-E-ImageMiner-main/icdar2026-competition-data/train/atomic-layer-deposition/simulation-usecase/26/images/figure_16.jpg,a,molecular structure diagram,2
/Users/lingzhou/Resource/DataResource/ALD-E-ImageMiner-main/icdar2026-competition-data/train/atomic-layer-deposition/simulation-usecase/26/images/figure_16.jpg,b,molecular structure diagram,2
/Users/lingzhou/Resource/DataResource/ALD-E-ImageMiner-main/icdar2026-competition-data/train/atomic-layer-deposition/simulation-usecase/26/images/figure_3.jpg,a,process flow diagram,1
/Users/lingzhou/Resource/DataResource/ALD-E-ImageMiner-main/icdar2026-competition-data/train/atomic-layer-deposition/simulation-usecase/26/images/figure_2.jpg,a,process flow diagram,1
/Users/lingzhou/Resource/DataResource/ALD-E-ImageMiner-main/icdar2026-competition-data/train/atomic-layer-deposition/simulation-usecase/26/images/figure_5.jpg,a,process flow diagram,1
/Users/lingzhou/Resource/DataResource/ALD-E-ImageMiner-main/icdar2026-competition-data/train/atomic-layer-deposition/simulation-usecase/26/images/figure_9.jpg,a,process flow diagram,1
/Users/lingzhou/Resource/DataResource/ALD-E-ImageMiner-main/icdar2026-competition-data/train/atomic-layer-deposition/simulation-usecase/26/images/figure_10.jpg,a,process flow diagram,1
/Users/lingzhou/Resource/DataResource/ALD-E-ImageMiner-main/icdar2026-competition-data/train/atomic-layer-deposition/simulation-usecase/26/images/figure_11.jpg,a,molecular structure diagram,4
/Users/lingzhou/Resource/DataResource/ALD-E-ImageMiner-main/icdar2026-competition-data/train/atomic-layer-deposition/simulation-usecase/26/images/figure_11.jpg,b,molecular structure diagram,4
/Users/lingzhou/Resource/DataResource/ALD-E-ImageMiner-main/icdar2026-competition-data/train/atomic-layer-deposition/simulation-usecase/26/images/figure_11.jpg,c,molecular structure diagram,4
/Users/lingzhou/Resource/DataResource/ALD-E-ImageMiner-main/icdar2026-competition-data/train/atomic-layer-deposition/simulation-usecase/26/images/figure_11.jpg,d,molecular structure diagram,4
/Users/lingzhou/Resource/DataResource/ALD-E-ImageMiner-main/icdar2026-competition-data/train/atomic-layer-deposition/simulation-usecase/26/images/figure_8.jpg,a,molecular structure diagram,1
/Users/lingzhou/Resource/DataResource/ALD-E-ImageMiner-main/icdar2026-competition-data/train/atomic-layer-deposition/simulation-usecase/26/images/figure_4.jpg,a,molecular structure diagram,1
/Users/lingzhou/Resource/DataResource/ALD-E-ImageMiner-main/icdar2026-competition-data/train/atomic-layer-deposition/simulation-usecase/26/images/figure_7.jpg,a,molecular structure diagram,1
/Users/lingzhou/Resource/DataResource/ALD-E-ImageMiner-main/icdar2026-competition-data/train/atomic-layer-deposition/simulation-usecase/26/images/figure_12.jpg,a,multi-axis chart,2
/Users/lingzhou/Resource/DataResource/ALD-E-ImageMiner-main/icdar2026-competition-data/train/atomic-layer-deposition/simulation-usecase/26/images/figure_12.jpg,b,line chart,2
/Users/lingzhou/Resource/DataResource/ALD-E-ImageMiner-main/icdar2026-competition-data/train/atomic-layer-deposition/simulation-usecase/26/images/figure_13.jpg,a,molecular structure diagram,1
/Users/lingzhou/Resource/DataResource/ALD-E-ImageMiner-main/icdar2026-competition-data/train/atomic-layer-deposition/simulation-usecase/26/images/figure_6.jpg,a,process flow diagram,1
/Users/lingzhou/Resource/DataResource/ALD-E-ImageMiner-main/icdar2026-competition-data/train/atomic-layer-deposition/simulation-usecase/26/images/figure_14.jpg,a,molecular structure diagram,2
/Users/lingzhou/Resource/DataResource/ALD-E-ImageMiner-main/icdar2026-competition-data/train/atomic-layer-deposition/simulation-usecase/26/images/figure_14.jpg,b,molecular structure diagram,2
/Users/lingzhou/Resource/DataResource/ALD-E-ImageMiner-main/icdar2026-competition-data/train/atomic-layer-deposition/simulation-usecase/26/images/figure_1.jpg,a,molecular structure diagram,2
/Users/lingzhou/Resource/DataResource/ALD-E-ImageMiner-main/icdar2026-competition-data/train/atomic-layer-deposition/simulation-usecase/26/images/figure_1.jpg,b,process flow diagram,2
/Users/lingzhou/Resource/DataResource/ALD-E-ImageMiner-main/icdar2026-competition-data/train/atomic-layer-deposition/simulation-usecase/26/images/figure_15.jpg,a,multiple scatter plot,1
/Users/lingzhou/Resource/DataResource/ALD-E-ImageMiner-main/icdar2026-competition-data/train/atomic-layer-deposition/simulation-usecase/8/images/figure_16.jpg,a,multiple line chart,1
/Users/lingzhou/Resource/DataResource/ALD-E-ImageMiner-main/icdar2026-competition-data/train/atomic-layer-deposition/simulation-usecase/8/images/figure_3.jpg,a,molecular structure diagram,1
/Users/lingzhou/Resource/DataResource/ALD-E-ImageMiner-main/icdar2026-competition-data/train/atomic-layer-deposition/simulation-usecase/8/images/figure_2.jpg,a,molecular structure diagram,1
/Users/lingzhou/Resource/DataResource/ALD-E-ImageMiner-main/icdar2026-competition-data/train/atomic-layer-deposition/simulation-usecase/8/images/figure_5.jpg,a,molecular structure diagram,1
/Users/lingzhou/Resource/DataResource/ALD-E-ImageMiner-main/icdar2026-competition-data/train/atomic-layer-deposition/simulation-usecase/8/images/figure_9.jpg,a,multiple line chart,1
/Users/lingzhou/Resource/DataResource/ALD-E-ImageMiner-main/icdar2026-competition-data/train/atomic-layer-deposition/simulation-usecase/8/images/figure_10.jpg,a,line chart,2
/Users/lingzhou/Resource/DataResource/ALD-E-ImageMiner-main/icdar2026-competition-data/train/atomic-layer-deposition/simulation-usecase/8/images/figure_10.jpg,b,line chart,2
/Users/lingzhou/Resource/DataResource/ALD-E-ImageMiner-main/icdar2026-competition-data/train/atomic-layer-deposition/simulation-usecase/8/images/figure_11.jpg,a,multiple scatter plot,1
/Users/lingzhou/Resource/DataResource/ALD-E-ImageMiner-main/icdar2026-competition-data/train/atomic-layer-deposition/simulation-usecase/8/images/figure_8.jpg,a,molecular structure diagram,4
/Users/lingzhou/Resource/DataResource/ALD-E-ImageMiner-main/icdar2026-competition-data/train/atomic-layer-deposition/simulation-usecase/8/images/figure_8.jpg,b,molecular structure diagram,4
/Users/lingzhou/Resource/DataResource/ALD-E-ImageMiner-main/icdar2026-competition-data/train/atomic-layer-deposition/simulation-usecase/8/images/figure_8.jpg,c,molecular structure diagram,4
/Users/lingzhou/Resource/DataResource/ALD-E-ImageMiner-main/icdar2026-competition-data/train/atomic-layer-deposition/simulation-usecase/8/images/figure_8.jpg,d,molecular structure diagram,4
/Users/lingzhou/Resource/DataResource/ALD-E-ImageMiner-main/icdar2026-competition-data/train/atomic-layer-deposition/simulation-usecase/8/images/figure_4.jpg,a,molecular structure diagram,3
/Users/lingzhou/Resource/DataResource/ALD-E-ImageMiner-main/icdar2026-competition-data/train/atomic-layer-deposition/simulation-usecase/8/images/figure_4.jpg,b,molecular structure diagram,3
/Users/lingzhou/Resource/DataResource/ALD-E-ImageMiner-main/icdar2026-competition-data/train/atomic-layer-deposition/simulation-usecase/8/images/figure_4.jpg,c,molecular structure diagram,3
/Users/lingzhou/Resource/DataResource/ALD-E-ImageMiner-main/icdar2026-competition-data/train/atomic-layer-deposition/simulation-usecase/8/images/figure_7.jpg,a,molecular structure diagram,4
/Users/lingzhou/Resource/DataResource/ALD-E-ImageMiner-main/icdar2026-competition-data/train/atomic-layer-deposition/simulation-usecase/8/images/figure_7.jpg,b,molecular structure diagram,4
/Users/lingzhou/Resource/DataResource/ALD-E-ImageMiner-main/icdar2026-competition-data/train/atomic-layer-deposition/simulation-usecase/8/images/figure_7.jpg,c,molecular structure diagram,4
/Users/lingzhou/Resource/DataResource/ALD-E-ImageMiner-main/icdar2026-competition-data/train/atomic-layer-deposition/simulation-usecase/8/images/figure_7.jpg,d,molecular structure diagram,4
/Users/lingzhou/Resource/DataResource/ALD-E-ImageMiner-main/icdar2026-competition-data/train/atomic-layer-deposition/simulation-usecase/8/images/figure_12.jpg,a,multiple scatter plot,1
/Users/lingzhou/Resource/DataResource/ALD-E-ImageMiner-main/icdar2026-competition-data/train/atomic-layer-deposition/simulation-usecase/8/images/figure_13.jpg,a,multiple scatter plot,1
/Users/lingzhou/Resource/DataResource/ALD-E-ImageMiner-main/icdar2026-competition-data/train/atomic-layer-deposition/simulation-usecase/8/images/figure_6.jpg,a,multiple line chart,1
/Users/lingzhou/Resource/DataResource/ALD-E-ImageMiner-main/icdar2026-competition-data/train/atomic-layer-deposition/simulation-usecase/8/images/figure_14.jpg,a,molecular structure diagram,2
/Users/lingzhou/Resource/DataResource/ALD-E-ImageMiner-main/icdar2026-competition-data/train/atomic-layer-deposition/simulation-usecase/8/images/figure_14.jpg,b,molecular structure diagram,2
/Users/lingzhou/Resource/DataResource/ALD-E-ImageMiner-main/icdar2026-competition-data/train/atomic-layer-deposition/simulation-usecase/8/images/figure_1.jpg,a,molecular structure diagram,1
/Users/lingzhou/Resource/DataResource/ALD-E-ImageMiner-main/icdar2026-competition-data/train/atomic-layer-deposition/simulation-usecase/8/images/b8962f195f2705366d924a9db291df51a90a6fddc60d55997caaefafaf49ec70.jpg,a,molecular structure diagram,1
/Users/lingzhou/Resource/DataResource/ALD-E-ImageMiner-main/icdar2026-competition-data/train/atomic-layer-deposition/simulation-usecase/8/images/figure_15.jpg,a,multiple line chart,1
/Users/lingzhou/Resource/DataResource/ALD-E-ImageMiner-main/icdar2026-competition-data/train/atomic-layer-deposition/simulation-usecase/44/images/a63e5b9bd0d4415bbaf27d1b402d5a3f4e7406677e9aaa8efce0059afbbfa476.jpg,a,reaction scheme,1
/Users/lingzhou/Resource/DataResource/ALD-E-ImageMiner-main/icdar2026-competition-data/train/atomic-layer-deposition/simulation-usecase/44/images/figure_3.jpg,a,reaction energy profile diagram,1
/Users/lingzhou/Resource/DataResource/ALD-E-ImageMiner-main/icdar2026-competition-data/train/atomic-layer-deposition/simulation-usecase/44/images/figure_2.jpg,a,molecular structure diagram,5
/Users/lingzhou/Resource/DataResource/ALD-E-ImageMiner-main/icdar2026-competition-data/train/atomic-layer-deposition/simulation-usecase/44/images/figure_2.jpg,b,molecular structure diagram,5
/Users/lingzhou/Resource/DataResource/ALD-E-ImageMiner-main/icdar2026-competition-data/train/atomic-layer-deposition/simulation-usecase/44/images/figure_2.jpg,c,molecular structure diagram,5
/Users/lingzhou/Resource/DataResource/ALD-E-ImageMiner-main/icdar2026-competition-data/train/atomic-layer-deposition/simulation-usecase/44/images/figure_2.jpg,d,molecular structure diagram,5
/Users/lingzhou/Resource/DataResource/ALD-E-ImageMiner-main/icdar2026-competition-data/train/atomic-layer-deposition/simulation-usecase/44/images/figure_2.jpg,e,molecular structure diagram,5
/Users/lingzhou/Resource/DataResource/ALD-E-ImageMiner-main/icdar2026-competition-data/train/atomic-layer-deposition/simulation-usecase/44/images/figure_5.jpg,a,reaction energy profile diagram,1
/Users/lingzhou/Resource/DataResource/ALD-E-ImageMiner-main/icdar2026-competition-data/train/atomic-layer-deposition/simulation-usecase/44/images/figure_9.jpg,a,reaction energy profile diagram,1
/Users/lingzhou/Resource/DataResource/ALD-E-ImageMiner-main/icdar2026-competition-data/train/atomic-layer-deposition/simulation-usecase/44/images/figure_10.jpg,a,reaction energy profile diagram,1
/Users/lingzhou/Resource/DataResource/ALD-E-ImageMiner-main/icdar2026-competition-data/train/atomic-layer-deposition/simulation-usecase/44/images/figure_11.jpg,a,molecular structure diagram,6
/Users/lingzhou/Resource/DataResource/ALD-E-ImageMiner-main/icdar2026-competition-data/train/atomic-layer-deposition/simulation-usecase/44/images/figure_11.jpg,b,molecular structure diagram,6
/Users/lingzhou/Resource/DataResource/ALD-E-ImageMiner-main/icdar2026-competition-data/train/atomic-layer-deposition/simulation-usecase/44/images/figure_11.jpg,c,molecular structure diagram,6
/Users/lingzhou/Resource/DataResource/ALD-E-ImageMiner-main/icdar2026-competition-data/train/atomic-layer-deposition/simulation-usecase/44/images/figure_11.jpg,d,molecular structure diagram,6
/Users/lingzhou/Resource/DataResource/ALD-E-ImageMiner-main/icdar2026-competition-data/train/atomic-layer-deposition/simulation-usecase/44/images/figure_11.jpg,e,molecular structure diagram,6
/Users/lingzhou/Resource/DataResource/ALD-E-ImageMiner-main/icdar2026-competition-data/train/atomic-layer-deposition/simulation-usecase/44/images/figure_11.jpg,f,molecular structure diagram,6
/Users/lingzhou/Resource/DataResource/ALD-E-ImageMiner-main/icdar2026-competition-data/train/atomic-layer-deposition/simulation-usecase/44/images/figure_8.jpg,a,molecular structure diagram,11
/Users/lingzhou/Resource/DataResource/ALD-E-ImageMiner-main/icdar2026-competition-data/train/atomic-layer-deposition/simulation-usecase/44/images/figure_8.jpg,b,molecular structure diagram,11
/Users/lingzhou/Resource/DataResource/ALD-E-ImageMiner-main/icdar2026-competition-data/train/atomic-layer-deposition/simulation-usecase/44/images/figure_8.jpg,c,molecular structure diagram,11
/Users/lingzhou/Resource/DataResource/ALD-E-ImageMiner-main/icdar2026-competition-data/train/atomic-layer-deposition/simulation-usecase/44/images/figure_8.jpg,d,molecular structure diagram,11
/Users/lingzhou/Resource/DataResource/ALD-E-ImageMiner-main/icdar2026-competition-data/train/atomic-layer-deposition/simulation-usecase/44/images/figure_8.jpg,e,molecular structure diagram,11
/Users/lingzhou/Resource/DataResource/ALD-E-ImageMiner-main/icdar2026-competition-data/train/atomic-layer-deposition/simulation-usecase/44/images/figure_8.jpg,f,molecular structure diagram,11
/Users/lingzhou/Resource/DataResource/ALD-E-ImageMiner-main/icdar2026-competition-data/train/atomic-layer-deposition/simulation-usecase/44/images/figure_8.jpg,g,molecular structure diagram,11
/Users/lingzhou/Resource/DataResource/ALD-E-ImageMiner-main/icdar2026-competition-data/train/atomic-layer-deposition/simulation-usecase/44/images/figure_8.jpg,h,molecular structure diagram,11
/Users/lingzhou/Resource/DataResource/ALD-E-ImageMiner-main/icdar2026-competition-data/train/atomic-layer-deposition/simulation-usecase/44/images/figure_8.jpg,i,molecular structure diagram,11
/Users/lingzhou/Resource/DataResource/ALD-E-ImageMiner-main/icdar2026-competition-data/train/atomic-layer-deposition/simulation-usecase/44/images/figure_8.jpg,j,molecular structure diagram,11
/Users/lingzhou/Resource/DataResource/ALD-E-ImageMiner-main/icdar2026-competition-data/train/atomic-layer-deposition/simulation-usecase/44/images/figure_8.jpg,k,molecular structure diagram,11
/Users/lingzhou/Resource/DataResource/ALD-E-ImageMiner-main/icdar2026-competition-data/train/atomic-layer-deposition/simulation-usecase/44/images/figure_4.jpg,a,molecular structure diagram,3
/Users/lingzhou/Resource/DataResource/ALD-E-ImageMiner-main/icdar2026-competition-data/train/atomic-layer-deposition/simulation-usecase/44/images/figure_4.jpg,b,molecular structure diagram,3
/Users/lingzhou/Resource/DataResource/ALD-E-ImageMiner-main/icdar2026-competition-data/train/atomic-layer-deposition/simulation-usecase/44/images/figure_4.jpg,c,molecular structure diagram,3
/Users/lingzhou/Resource/DataResource/ALD-E-ImageMiner-main/icdar2026-competition-data/train/atomic-layer-deposition/simulation-usecase/44/images/figure_7.jpg,a,molecular structure diagram,3
/Users/lingzhou/Resource/DataResource/ALD-E-ImageMiner-main/icdar2026-competition-data/train/atomic-layer-deposition/simulation-usecase/44/images/figure_7.jpg,b,molecular structure diagram,3
/Users/lingzhou/Resource/DataResource/ALD-E-ImageMiner-main/icdar2026-competition-data/train/atomic-layer-deposition/simulation-usecase/44/images/figure_7.jpg,c,molecular structure diagram,3
/Users/lingzhou/Resource/DataResource/ALD-E-ImageMiner-main/icdar2026-competition-data/train/atomic-layer-deposition/simulation-usecase/44/images/figure_12.jpg,a,reaction energy profile diagram,1
/Users/lingzhou/Resource/DataResource/ALD-E-ImageMiner-main/icdar2026-competition-data/train/atomic-layer-deposition/simulation-usecase/44/images/figure_13.jpg,a,molecular structure diagram,5
/Users/lingzhou/Resource/DataResource/ALD-E-ImageMiner-main/icdar2026-competition-data/train/atomic-layer-deposition/simulation-usecase/44/images/figure_13.jpg,b,molecular structure diagram,5
/Users/lingzhou/Resource/DataResource/ALD-E-ImageMiner-main/icdar2026-competition-data/train/atomic-layer-deposition/simulation-usecase/44/images/figure_13.jpg,c,molecular structure diagram,5
/Users/lingzhou/Resource/DataResource/ALD-E-ImageMiner-main/icdar2026-competition-data/train/atomic-layer-deposition/simulation-usecase/44/images/figure_13.jpg,d,molecular structure diagram,5
/Users/lingzhou/Resource/DataResource/ALD-E-ImageMiner-main/icdar2026-competition-data/train/atomic-layer-deposition/simulation-usecase/44/images/figure_13.jpg,e,molecular structure diagram,5
/Users/lingzhou/Resource/DataResource/ALD-E-ImageMiner-main/icdar2026-competition-data/train/atomic-layer-deposition/simulation-usecase/44/images/figure_6.jpg,a,reaction energy profile diagram,1
/Users/lingzhou/Resource/DataResource/ALD-E-ImageMiner-main/icdar2026-competition-data/train/atomic-layer-deposition/simulation-usecase/44/images/figure_14.jpg,a,reaction energy profile diagram,1
/Users/lingzhou/Resource/DataResource/ALD-E-ImageMiner-main/icdar2026-competition-data/train/atomic-layer-deposition/simulation-usecase/44/images/figure_1.jpg,a,molecular structure diagram,4
/Users/lingzhou/Resource/DataResource/ALD-E-ImageMiner-main/icdar2026-competition-data/train/atomic-layer-deposition/simulation-usecase/44/images/figure_1.jpg,b,molecular structure diagram,4
/Users/lingzhou/Resource/DataResource/ALD-E-ImageMiner-main/icdar2026-competition-data/train/atomic-layer-deposition/simulation-usecase/44/images/figure_1.jpg,c,molecular structure diagram,4
/Users/lingzhou/Resource/DataResource/ALD-E-ImageMiner-main/icdar2026-competition-data/train/atomic-layer-deposition/simulation-usecase/44/images/figure_1.jpg,d,molecular structure diagram,4
/Users/lingzhou/Resource/DataResource/ALD-E-ImageMiner-main/icdar2026-competition-data/train/atomic-layer-deposition/simulation-usecase/43/images/figure_3.jpg,a,line chart,3
/Users/lingzhou/Resource/DataResource/ALD-E-ImageMiner-main/icdar2026-competition-data/train/atomic-layer-deposition/simulation-usecase/43/images/figure_3.jpg,b,multi-axis chart,3
/Users/lingzhou/Resource/DataResource/ALD-E-ImageMiner-main/icdar2026-competition-data/train/atomic-layer-deposition/simulation-usecase/43/images/figure_3.jpg,c,image panel,3
/Users/lingzhou/Resource/DataResource/ALD-E-ImageMiner-main/icdar2026-competition-data/train/atomic-layer-deposition/simulation-usecase/43/images/figure_2.jpg,a,reaction scheme,3
/Users/lingzhou/Resource/DataResource/ALD-E-ImageMiner-main/icdar2026-competition-data/train/atomic-layer-deposition/simulation-usecase/43/images/figure_2.jpg,b,reaction scheme,3
/Users/lingzhou/Resource/DataResource/ALD-E-ImageMiner-main/icdar2026-competition-data/train/atomic-layer-deposition/simulation-usecase/43/images/figure_2.jpg,c,reaction scheme,3
/Users/lingzhou/Resource/DataResource/ALD-E-ImageMiner-main/icdar2026-competition-data/train/atomic-layer-deposition/simulation-usecase/43/images/figure_5.jpg,a,molecular structure diagram,3
/Users/lingzhou/Resource/DataResource/ALD-E-ImageMiner-main/icdar2026-competition-data/train/atomic-layer-deposition/simulation-usecase/43/images/figure_5.jpg,b,molecular structure diagram,3
/Users/lingzhou/Resource/DataResource/ALD-E-ImageMiner-main/icdar2026-competition-data/train/atomic-layer-deposition/simulation-usecase/43/images/figure_5.jpg,c,multiple line chart,3
/Users/lingzhou/Resource/DataResource/ALD-E-ImageMiner-main/icdar2026-competition-data/train/atomic-layer-deposition/simulation-usecase/43/images/figure_8.jpg,a,apparatus diagram,7
/Users/lingzhou/Resource/DataResource/ALD-E-ImageMiner-main/icdar2026-competition-data/train/atomic-layer-deposition/simulation-usecase/43/images/figure_8.jpg,b,multiple line chart,7
/Users/lingzhou/Resource/DataResource/ALD-E-ImageMiner-main/icdar2026-competition-data/train/atomic-layer-deposition/simulation-usecase/43/images/figure_8.jpg,c,line chart,7
/Users/lingzhou/Resource/DataResource/ALD-E-ImageMiner-main/icdar2026-competition-data/train/atomic-layer-deposition/simulation-usecase/43/images/figure_8.jpg,d,line chart,7
/Users/lingzhou/Resource/DataResource/ALD-E-ImageMiner-main/icdar2026-competition-data/train/atomic-layer-deposition/simulation-usecase/43/images/figure_8.jpg,e,line chart,7
/Users/lingzhou/Resource/DataResource/ALD-E-ImageMiner-main/icdar2026-competition-data/train/atomic-layer-deposition/simulation-usecase/43/images/figure_8.jpg,f,line chart,7
/Users/lingzhou/Resource/DataResource/ALD-E-ImageMiner-main/icdar2026-competition-data/train/atomic-layer-deposition/simulation-usecase/43/images/figure_8.jpg,g,line chart,7
/Users/lingzhou/Resource/DataResource/ALD-E-ImageMiner-main/icdar2026-competition-data/train/atomic-layer-deposition/simulation-usecase/43/images/figure_4.jpg,a,molecular structure diagram,3
/Users/lingzhou/Resource/DataResource/ALD-E-ImageMiner-main/icdar2026-competition-data/train/atomic-layer-deposition/simulation-usecase/43/images/figure_4.jpg,b,reaction energy profile diagram,3
/Users/lingzhou/Resource/DataResource/ALD-E-ImageMiner-main/icdar2026-competition-data/train/atomic-layer-deposition/simulation-usecase/43/images/figure_4.jpg,c,multiple line chart,3
/Users/lingzhou/Resource/DataResource/ALD-E-ImageMiner-main/icdar2026-competition-data/train/atomic-layer-deposition/simulation-usecase/43/images/figure_7.jpg,a,stacked spectra chart,2
/Users/lingzhou/Resource/DataResource/ALD-E-ImageMiner-main/icdar2026-competition-data/train/atomic-layer-deposition/simulation-usecase/43/images/figure_7.jpg,b,stacked spectra chart,2
/Users/lingzhou/Resource/DataResource/ALD-E-ImageMiner-main/icdar2026-competition-data/train/atomic-layer-deposition/simulation-usecase/43/images/b56ead30cb1cd96ec5c166c53860b766aee63c3b20763054561678baa6a9e315.jpg,a,unknown,2
/Users/lingzhou/Resource/DataResource/ALD-E-ImageMiner-main/icdar2026-competition-data/train/atomic-layer-deposition/simulation-usecase/43/images/b56ead30cb1cd96ec5c166c53860b766aee63c3b20763054561678baa6a9e315.jpg,b,unknown,2
/Users/lingzhou/Resource/DataResource/ALD-E-ImageMiner-main/icdar2026-competition-data/train/atomic-layer-deposition/simulation-usecase/43/images/figure_6.jpg,a,line chart,3
/Users/lingzhou/Resource/DataResource/ALD-E-ImageMiner-main/icdar2026-competition-data/train/atomic-layer-deposition/simulation-usecase/43/images/figure_6.jpg,b,multi-axis chart,3
/Users/lingzhou/Resource/DataResource/ALD-E-ImageMiner-main/icdar2026-competition-data/train/atomic-layer-deposition/simulation-usecase/43/images/figure_6.jpg,c,line chart,3
/Users/lingzhou/Resource/DataResource/ALD-E-ImageMiner-main/icdar2026-competition-data/train/atomic-layer-deposition/simulation-usecase/43/images/figure_1.jpg,a,reaction scheme,3
/Users/lingzhou/Resource/DataResource/ALD-E-ImageMiner-main/icdar2026-competition-data/train/atomic-layer-deposition/simulation-usecase/43/images/figure_1.jpg,b,reaction scheme,3
/Users/lingzhou/Resource/DataResource/ALD-E-ImageMiner-main/icdar2026-competition-data/train/atomic-layer-deposition/simulation-usecase/43/images/figure_1.jpg,c,reaction scheme,3
/Users/lingzhou/Resource/DataResource/ALD-E-ImageMiner-main/icdar2026-competition-data/train/atomic-layer-deposition/simulation-usecase/38/images/figure_3.jpg,a,process flow diagram,1
/Users/lingzhou/Resource/DataResource/ALD-E-ImageMiner-main/icdar2026-competition-data/train/atomic-layer-deposition/simulation-usecase/38/images/figure_2.jpg,a,conceptual diagram,1
/Users/lingzhou/Resource/DataResource/ALD-E-ImageMiner-main/icdar2026-competition-data/train/atomic-layer-deposition/simulation-usecase/38/images/figure_5.jpg,a,apparatus diagram,4
/Users/lingzhou/Resource/DataResource/ALD-E-ImageMiner-main/icdar2026-competition-data/train/atomic-layer-deposition/simulation-usecase/38/images/figure_5.jpg,b,apparatus diagram,4
/Users/lingzhou/Resource/DataResource/ALD-E-ImageMiner-main/icdar2026-competition-data/train/atomic-layer-deposition/simulation-usecase/38/images/figure_5.jpg,c,apparatus diagram,4
/Users/lingzhou/Resource/DataResource/ALD-E-ImageMiner-main/icdar2026-competition-data/train/atomic-layer-deposition/simulation-usecase/38/images/figure_5.jpg,d,apparatus diagram,4
/Users/lingzhou/Resource/DataResource/ALD-E-ImageMiner-main/icdar2026-competition-data/train/atomic-layer-deposition/simulation-usecase/38/images/figure_9.jpg,a,heatmap,1
/Users/lingzhou/Resource/DataResource/ALD-E-ImageMiner-main/icdar2026-competition-data/train/atomic-layer-deposition/simulation-usecase/38/images/figure_10.jpg,a,heatmap,3
/Users/lingzhou/Resource/DataResource/ALD-E-ImageMiner-main/icdar2026-competition-data/train/atomic-layer-deposition/simulation-usecase/38/images/figure_10.jpg,b,heatmap,3
/Users/lingzhou/Resource/DataResource/ALD-E-ImageMiner-main/icdar2026-competition-data/train/atomic-layer-deposition/simulation-usecase/38/images/figure_10.jpg,c,heatmap,3
/Users/lingzhou/Resource/DataResource/ALD-E-ImageMiner-main/icdar2026-competition-data/train/atomic-layer-deposition/simulation-usecase/38/images/figure_11.jpg,a,multiple line chart,3
/Users/lingzhou/Resource/DataResource/ALD-E-ImageMiner-main/icdar2026-competition-data/train/atomic-layer-deposition/simulation-usecase/38/images/figure_11.jpg,b,multiple line chart,3
/Users/lingzhou/Resource/DataResource/ALD-E-ImageMiner-main/icdar2026-competition-data/train/atomic-layer-deposition/simulation-usecase/38/images/figure_11.jpg,c,multiple line chart,3
/Users/lingzhou/Resource/DataResource/ALD-E-ImageMiner-main/icdar2026-competition-data/train/atomic-layer-deposition/simulation-usecase/38/images/figure_8.jpg,a,scatter plot,4
/Users/lingzhou/Resource/DataResource/ALD-E-ImageMiner-main/icdar2026-competition-data/train/atomic-layer-deposition/simulation-usecase/38/images/figure_8.jpg,b,scatter plot,4
/Users/lingzhou/Resource/DataResource/ALD-E-ImageMiner-main/icdar2026-competition-data/train/atomic-layer-deposition/simulation-usecase/38/images/figure_8.jpg,c,bar chart,4
/Users/lingzhou/Resource/DataResource/ALD-E-ImageMiner-main/icdar2026-competition-data/train/atomic-layer-deposition/simulation-usecase/38/images/figure_8.jpg,d,bar chart,4
/Users/lingzhou/Resource/DataResource/ALD-E-ImageMiner-main/icdar2026-competition-data/train/atomic-layer-deposition/simulation-usecase/38/images/figure_4.jpg,a,conceptual diagram,1
/Users/lingzhou/Resource/DataResource/ALD-E-ImageMiner-main/icdar2026-competition-data/train/atomic-layer-deposition/simulation-usecase/38/images/figure_7.jpg,a,line chart,1
/Users/lingzhou/Resource/DataResource/ALD-E-ImageMiner-main/icdar2026-competition-data/train/atomic-layer-deposition/simulation-usecase/38/images/figure_12.jpg,a,heatmap,1
/Users/lingzhou/Resource/DataResource/ALD-E-ImageMiner-main/icdar2026-competition-data/train/atomic-layer-deposition/simulation-usecase/38/images/figure_13.jpg,a,line chart,3
/Users/lingzhou/Resource/DataResource/ALD-E-ImageMiner-main/icdar2026-competition-data/train/atomic-layer-deposition/simulation-usecase/38/images/figure_13.jpg,b,line chart,3
/Users/lingzhou/Resource/DataResource/ALD-E-ImageMiner-main/icdar2026-competition-data/train/atomic-layer-deposition/simulation-usecase/38/images/figure_13.jpg,c,line chart,3
/Users/lingzhou/Resource/DataResource/ALD-E-ImageMiner-main/icdar2026-competition-data/train/atomic-layer-deposition/simulation-usecase/38/images/figure_6.jpg,a,apparatus diagram,1
/Users/lingzhou/Resource/DataResource/ALD-E-ImageMiner-main/icdar2026-competition-data/train/atomic-layer-deposition/simulation-usecase/38/images/figure_14.jpg,a,heatmap,4
/Users/lingzhou/Resource/DataResource/ALD-E-ImageMiner-main/icdar2026-competition-data/train/atomic-layer-deposition/simulation-usecase/38/images/figure_14.jpg,b,heatmap,4
/Users/lingzhou/Resource/DataResource/ALD-E-ImageMiner-main/icdar2026-competition-data/train/atomic-layer-deposition/simulation-usecase/38/images/figure_14.jpg,c,heatmap,4
/Users/lingzhou/Resource/DataResource/ALD-E-ImageMiner-main/icdar2026-competition-data/train/atomic-layer-deposition/simulation-usecase/38/images/figure_14.jpg,d,heatmap,4
/Users/lingzhou/Resource/DataResource/ALD-E-ImageMiner-main/icdar2026-competition-data/train/atomic-layer-deposition/simulation-usecase/38/images/figure_1.jpg,a,conceptual diagram,1
/Users/lingzhou/Resource/DataResource/ALD-E-ImageMiner-main/icdar2026-competition-data/train/atomic-layer-deposition/simulation-usecase/36/images/figure_3.jpg,a,reaction energy profile diagram,1
/Users/lingzhou/Resource/DataResource/ALD-E-ImageMiner-main/icdar2026-competition-data/train/atomic-layer-deposition/simulation-usecase/36/images/figure_2.jpg,a,multiple scatter plot,2
/Users/lingzhou/Resource/DataResource/ALD-E-ImageMiner-main/icdar2026-competition-data/train/atomic-layer-deposition/simulation-usecase/36/images/figure_2.jpg,b,multi spectra chart,2
/Users/lingzhou/Resource/DataResource/ALD-E-ImageMiner-main/icdar2026-competition-data/train/atomic-layer-deposition/simulation-usecase/36/images/figure_5.jpg,a,multiple scatter plot,2
/Users/lingzhou/Resource/DataResource/ALD-E-ImageMiner-main/icdar2026-competition-data/train/atomic-layer-deposition/simulation-usecase/36/images/figure_5.jpg,b,multiple scatter plot,2
/Users/lingzhou/Resource/DataResource/ALD-E-ImageMiner-main/icdar2026-competition-data/train/atomic-layer-deposition/simulation-usecase/36/images/figure_4.jpg,a,unknown,4
/Users/lingzhou/Resource/DataResource/ALD-E-ImageMiner-main/icdar2026-competition-data/train/atomic-layer-deposition/simulation-usecase/36/images/figure_4.jpg,b,unknown,4
/Users/lingzhou/Resource/DataResource/ALD-E-ImageMiner-main/icdar2026-competition-data/train/atomic-layer-deposition/simulation-usecase/36/images/figure_4.jpg,c,unknown,4
/Users/lingzhou/Resource/DataResource/ALD-E-ImageMiner-main/icdar2026-competition-data/train/atomic-layer-deposition/simulation-usecase/36/images/figure_4.jpg,d,multiple line chart,4
/Users/lingzhou/Resource/DataResource/ALD-E-ImageMiner-main/icdar2026-competition-data/train/atomic-layer-deposition/simulation-usecase/36/images/1f9e0529d34adda6c403150df151b32e21816537452767e5b795a9552cca5fb3.jpg,a,conceptual diagram,2
/Users/lingzhou/Resource/DataResource/ALD-E-ImageMiner-main/icdar2026-competition-data/train/atomic-layer-deposition/simulation-usecase/36/images/1f9e0529d34adda6c403150df151b32e21816537452767e5b795a9552cca5fb3.jpg,b,conceptual diagram,2
/Users/lingzhou/Resource/DataResource/ALD-E-ImageMiner-main/icdar2026-competition-data/train/atomic-layer-deposition/simulation-usecase/36/images/figure_6.jpg,a,unknown,4
/Users/lingzhou/Resource/DataResource/ALD-E-ImageMiner-main/icdar2026-competition-data/train/atomic-layer-deposition/simulation-usecase/36/images/figure_6.jpg,b,stacked spectra chart,4
/Users/lingzhou/Resource/DataResource/ALD-E-ImageMiner-main/icdar2026-competition-data/train/atomic-layer-deposition/simulation-usecase/36/images/figure_6.jpg,c,heatmap,4
/Users/lingzhou/Resource/DataResource/ALD-E-ImageMiner-main/icdar2026-competition-data/train/atomic-layer-deposition/simulation-usecase/36/images/figure_6.jpg,d,spectra chart,4
/Users/lingzhou/Resource/DataResource/ALD-E-ImageMiner-main/icdar2026-competition-data/train/atomic-layer-deposition/simulation-usecase/36/images/figure_1.jpg,a,image panel,8
/Users/lingzhou/Resource/DataResource/ALD-E-ImageMiner-main/icdar2026-competition-data/train/atomic-layer-deposition/simulation-usecase/36/images/figure_1.jpg,b,image panel,8
/Users/lingzhou/Resource/DataResource/ALD-E-ImageMiner-main/icdar2026-competition-data/train/atomic-layer-deposition/simulation-usecase/36/images/figure_1.jpg,c,image panel,8
/Users/lingzhou/Resource/DataResource/ALD-E-ImageMiner-main/icdar2026-competition-data/train/atomic-layer-deposition/simulation-usecase/36/images/figure_1.jpg,d,image panel,8
/Users/lingzhou/Resource/DataResource/ALD-E-ImageMiner-main/icdar2026-competition-data/train/atomic-layer-deposition/simulation-usecase/36/images/figure_1.jpg,e,image panel,8
/Users/lingzhou/Resource/DataResource/ALD-E-ImageMiner-main/icdar2026-competition-data/train/atomic-layer-deposition/simulation-usecase/36/images/figure_1.jpg,f,image panel,8
/Users/lingzhou/Resource/DataResource/ALD-E-ImageMiner-main/icdar2026-competition-data/train/atomic-layer-deposition/simulation-usecase/36/images/figure_1.jpg,g,image panel,8
/Users/lingzhou/Resource/DataResource/ALD-E-ImageMiner-main/icdar2026-competition-data/train/atomic-layer-deposition/simulation-usecase/36/images/figure_1.jpg,h,image panel,8
/Users/lingzhou/Resource/DataResource/ALD-E-ImageMiner-main/icdar2026-competition-data/train/atomic-layer-deposition/simulation-usecase/31/images/fig_1.jpg,a,process flow diagram,1
/Users/lingzhou/Resource/DataResource/ALD-E-ImageMiner-main/icdar2026-competition-data/train/atomic-layer-deposition/simulation-usecase/31/images/fig_7.jpg,a,heatmap,2
/Users/lingzhou/Resource/DataResource/ALD-E-ImageMiner-main/icdar2026-competition-data/train/atomic-layer-deposition/simulation-usecase/31/images/fig_7.jpg,b,heatmap,2
/Users/lingzhou/Resource/DataResource/ALD-E-ImageMiner-main/icdar2026-competition-data/train/atomic-layer-deposition/simulation-usecase/31/images/6d9d789b47e735586a02443aad8b1a7ba33fbab48fbe9bad4ef64f0aa85a2052.jpg,a,formula,2
/Users/lingzhou/Resource/DataResource/ALD-E-ImageMiner-main/icdar2026-competition-data/train/atomic-layer-deposition/simulation-usecase/31/images/6d9d789b47e735586a02443aad8b1a7ba33fbab48fbe9bad4ef64f0aa85a2052.jpg,b,formula,2
/Users/lingzhou/Resource/DataResource/ALD-E-ImageMiner-main/icdar2026-competition-data/train/atomic-layer-deposition/simulation-usecase/31/images/fig_11.jpg,a,heatmap,5
/Users/lingzhou/Resource/DataResource/ALD-E-ImageMiner-main/icdar2026-competition-data/train/atomic-layer-deposition/simulation-usecase/31/images/fig_11.jpg,b,heatmap,5
/Users/lingzhou/Resource/DataResource/ALD-E-ImageMiner-main/icdar2026-competition-data/train/atomic-layer-deposition/simulation-usecase/31/images/fig_11.jpg,c,heatmap,5
/Users/lingzhou/Resource/DataResource/ALD-E-ImageMiner-main/icdar2026-competition-data/train/atomic-layer-deposition/simulation-usecase/31/images/fig_11.jpg,d,heatmap,5
/Users/lingzhou/Resource/DataResource/ALD-E-ImageMiner-main/icdar2026-competition-data/train/atomic-layer-deposition/simulation-usecase/31/images/fig_11.jpg,e,heatmap,5
/Users/lingzhou/Resource/DataResource/ALD-E-ImageMiner-main/icdar2026-competition-data/train/atomic-layer-deposition/simulation-usecase/31/images/fig_6.jpg,a,apparatus diagram,2
/Users/lingzhou/Resource/DataResource/ALD-E-ImageMiner-main/icdar2026-competition-data/train/atomic-layer-deposition/simulation-usecase/31/images/fig_6.jpg,b,apparatus diagram,2
/Users/lingzhou/Resource/DataResource/ALD-E-ImageMiner-main/icdar2026-competition-data/train/atomic-layer-deposition/simulation-usecase/31/images/fig_9.jpg,a,heatmap,2
/Users/lingzhou/Resource/DataResource/ALD-E-ImageMiner-main/icdar2026-competition-data/train/atomic-layer-deposition/simulation-usecase/31/images/fig_9.jpg,b,multi spectra chart,2
/Users/lingzhou/Resource/DataResource/ALD-E-ImageMiner-main/icdar2026-competition-data/train/atomic-layer-deposition/simulation-usecase/31/images/fig4.jpg,a,apparatus diagram,2
/Users/lingzhou/Resource/DataResource/ALD-E-ImageMiner-main/icdar2026-competition-data/train/atomic-layer-deposition/simulation-usecase/31/images/fig4.jpg,b,apparatus diagram,2
/Users/lingzhou/Resource/DataResource/ALD-E-ImageMiner-main/icdar2026-competition-data/train/atomic-layer-deposition/simulation-usecase/31/images/fig_12.jpg,a,heatmap,4
/Users/lingzhou/Resource/DataResource/ALD-E-ImageMiner-main/icdar2026-competition-data/train/atomic-layer-deposition/simulation-usecase/31/images/fig_12.jpg,b,heatmap,4
/Users/lingzhou/Resource/DataResource/ALD-E-ImageMiner-main/icdar2026-competition-data/train/atomic-layer-deposition/simulation-usecase/31/images/fig_12.jpg,c,heatmap,4
/Users/lingzhou/Resource/DataResource/ALD-E-ImageMiner-main/icdar2026-competition-data/train/atomic-layer-deposition/simulation-usecase/31/images/fig_12.jpg,d,heatmap,4
/Users/lingzhou/Resource/DataResource/ALD-E-ImageMiner-main/icdar2026-competition-data/train/atomic-layer-deposition/simulation-usecase/31/images/fig_5.jpg,a,heatmap,5
/Users/lingzhou/Resource/DataResource/ALD-E-ImageMiner-main/icdar2026-competition-data/train/atomic-layer-deposition/simulation-usecase/31/images/fig_5.jpg,b,heatmap,5
/Users/lingzhou/Resource/DataResource/ALD-E-ImageMiner-main/icdar2026-competition-data/train/atomic-layer-deposition/simulation-usecase/31/images/fig_5.jpg,c,heatmap,5
/Users/lingzhou/Resource/DataResource/ALD-E-ImageMiner-main/icdar2026-competition-data/train/atomic-layer-deposition/simulation-usecase/31/images/fig_5.jpg,d,heatmap,5
/Users/lingzhou/Resource/DataResource/ALD-E-ImageMiner-main/icdar2026-competition-data/train/atomic-layer-deposition/simulation-usecase/31/images/fig_5.jpg,e,heatmap,5
/Users/lingzhou/Resource/DataResource/ALD-E-ImageMiner-main/icdar2026-competition-data/train/atomic-layer-deposition/simulation-usecase/31/images/fig_8.jpg,a,heatmap,1
/Users/lingzhou/Resource/DataResource/ALD-E-ImageMiner-main/icdar2026-competition-data/train/atomic-layer-deposition/simulation-usecase/31/images/fig_14.jpg,a,heatmap,2
/Users/lingzhou/Resource/DataResource/ALD-E-ImageMiner-main/icdar2026-competition-data/train/atomic-layer-deposition/simulation-usecase/31/images/fig_14.jpg,b,heatmap,2
/Users/lingzhou/Resource/DataResource/ALD-E-ImageMiner-main/icdar2026-competition-data/train/atomic-layer-deposition/simulation-usecase/31/images/fig_3.jpg,a,apparatus diagram,1
/Users/lingzhou/Resource/DataResource/ALD-E-ImageMiner-main/icdar2026-competition-data/train/atomic-layer-deposition/simulation-usecase/31/images/fig_2.jpg,a,apparatus diagram,1
/Users/lingzhou/Resource/DataResource/ALD-E-ImageMiner-main/icdar2026-competition-data/train/atomic-layer-deposition/simulation-usecase/54/images/figure_3.jpg,a,conceptual diagram,2
/Users/lingzhou/Resource/DataResource/ALD-E-ImageMiner-main/icdar2026-competition-data/train/atomic-layer-deposition/simulation-usecase/54/images/figure_3.jpg,b,conceptual diagram,2
/Users/lingzhou/Resource/DataResource/ALD-E-ImageMiner-main/icdar2026-competition-data/train/atomic-layer-deposition/simulation-usecase/54/images/figure_2.jpg,a,conceptual diagram,1
/Users/lingzhou/Resource/DataResource/ALD-E-ImageMiner-main/icdar2026-competition-data/train/atomic-layer-deposition/simulation-usecase/54/images/figure_5.jpg,a,reaction energy profile diagram,1
/Users/lingzhou/Resource/DataResource/ALD-E-ImageMiner-main/icdar2026-competition-data/train/atomic-layer-deposition/simulation-usecase/54/images/figure_9.jpg,a,reaction scheme,1
/Users/lingzhou/Resource/DataResource/ALD-E-ImageMiner-main/icdar2026-competition-data/train/atomic-layer-deposition/simulation-usecase/54/images/figure_8.jpg,a,conceptual diagram,1
/Users/lingzhou/Resource/DataResource/ALD-E-ImageMiner-main/icdar2026-competition-data/train/atomic-layer-deposition/simulation-usecase/54/images/figure_4.jpg,a,reaction energy profile diagram,1
/Users/lingzhou/Resource/DataResource/ALD-E-ImageMiner-main/icdar2026-competition-data/train/atomic-layer-deposition/simulation-usecase/54/images/ce4b85c2c05eb698fe6f1e4a630c87912516d299eb7c63ba511f48b14c78b28f.jpg,a,conceptual diagram,1
/Users/lingzhou/Resource/DataResource/ALD-E-ImageMiner-main/icdar2026-competition-data/train/atomic-layer-deposition/simulation-usecase/54/images/figure_7.jpg,a,reaction energy profile diagram,1
/Users/lingzhou/Resource/DataResource/ALD-E-ImageMiner-main/icdar2026-competition-data/train/atomic-layer-deposition/simulation-usecase/54/images/1327273b261e55f58d47b4629c426348d3c32f7362d46dee84c1d586d14f3ab5.jpg,a,table,1
/Users/lingzhou/Resource/DataResource/ALD-E-ImageMiner-main/icdar2026-competition-data/train/atomic-layer-deposition/simulation-usecase/54/images/figure_6.jpg,a,reaction scheme,1
/Users/lingzhou/Resource/DataResource/ALD-E-ImageMiner-main/icdar2026-competition-data/train/atomic-layer-deposition/simulation-usecase/54/images/figure_1.jpg,a,reaction scheme,1
/Users/lingzhou/Resource/DataResource/ALD-E-ImageMiner-main/icdar2026-competition-data/train/atomic-layer-deposition/simulation-usecase/53/images/figure_3.jpg,a,stacked spectra chart,1
/Users/lingzhou/Resource/DataResource/ALD-E-ImageMiner-main/icdar2026-competition-data/train/atomic-layer-deposition/simulation-usecase/53/images/figure_2.jpg,a,multiple scatter plot,1
/Users/lingzhou/Resource/DataResource/ALD-E-ImageMiner-main/icdar2026-competition-data/train/atomic-layer-deposition/simulation-usecase/53/images/figure_5.jpg,a,molecular structure diagram,1
/Users/lingzhou/Resource/DataResource/ALD-E-ImageMiner-main/icdar2026-competition-data/train/atomic-layer-deposition/simulation-usecase/53/images/figure_9.jpg,a,molecular structure diagram,1
/Users/lingzhou/Resource/DataResource/ALD-E-ImageMiner-main/icdar2026-competition-data/train/atomic-layer-deposition/simulation-usecase/53/images/figure_10.jpg,a,molecular structure diagram,2
/Users/lingzhou/Resource/DataResource/ALD-E-ImageMiner-main/icdar2026-competition-data/train/atomic-layer-deposition/simulation-usecase/53/images/figure_10.jpg,b,molecular structure diagram,2
/Users/lingzhou/Resource/DataResource/ALD-E-ImageMiner-main/icdar2026-competition-data/train/atomic-layer-deposition/simulation-usecase/53/images/figure_11.jpg,a,multiple line chart,1
/Users/lingzhou/Resource/DataResource/ALD-E-ImageMiner-main/icdar2026-competition-data/train/atomic-layer-deposition/simulation-usecase/53/images/figure_8.jpg,a,multiple line chart,2
/Users/lingzhou/Resource/DataResource/ALD-E-ImageMiner-main/icdar2026-competition-data/train/atomic-layer-deposition/simulation-usecase/53/images/figure_8.jpg,b,multiple line chart,2
/Users/lingzhou/Resource/DataResource/ALD-E-ImageMiner-main/icdar2026-competition-data/train/atomic-layer-deposition/simulation-usecase/53/images/figure_4.jpg,a,reaction scheme,1
/Users/lingzhou/Resource/DataResource/ALD-E-ImageMiner-main/icdar2026-competition-data/train/atomic-layer-deposition/simulation-usecase/53/images/figure_7.jpg,a,molecular structure diagram,1
/Users/lingzhou/Resource/DataResource/ALD-E-ImageMiner-main/icdar2026-competition-data/train/atomic-layer-deposition/simulation-usecase/53/images/figure_12.jpg,a,molecular structure diagram,2
/Users/lingzhou/Resource/DataResource/ALD-E-ImageMiner-main/icdar2026-competition-data/train/atomic-layer-deposition/simulation-usecase/53/images/figure_12.jpg,b,molecular structure diagram,2
/Users/lingzhou/Resource/DataResource/ALD-E-ImageMiner-main/icdar2026-competition-data/train/atomic-layer-deposition/simulation-usecase/53/images/figure_6.jpg,a,multiple line chart,1
/Users/lingzhou/Resource/DataResource/ALD-E-ImageMiner-main/icdar2026-competition-data/train/atomic-layer-deposition/simulation-usecase/53/images/0ab2f3e4f408574245c6f8a99cf546c1863fda1e7a6c33220e0938239011abaa.jpg,a,reaction scheme,1
/Users/lingzhou/Resource/DataResource/ALD-E-ImageMiner-main/icdar2026-competition-data/train/atomic-layer-deposition/simulation-usecase/53/images/figure_1.jpg,a,image panel,1
/Users/lingzhou/Resource/DataResource/ALD-E-ImageMiner-main/icdar2026-competition-data/train/atomic-layer-deposition/simulation-usecase/30/images/4681214406d9cc366cad55f679603fc12f8cb43075cdabef079cf5f2a46c2e8b.jpg,a,reaction scheme,2
/Users/lingzhou/Resource/DataResource/ALD-E-ImageMiner-main/icdar2026-competition-data/train/atomic-layer-deposition/simulation-usecase/30/images/4681214406d9cc366cad55f679603fc12f8cb43075cdabef079cf5f2a46c2e8b.jpg,b,reaction scheme,2
/Users/lingzhou/Resource/DataResource/ALD-E-ImageMiner-main/icdar2026-competition-data/train/atomic-layer-deposition/simulation-usecase/30/images/fc74a7a43c2b4e7c76706ffb02402008e78e3a13e96c96e04dbe586e50ac0aef.jpg,a,conceptual diagram,3
/Users/lingzhou/Resource/DataResource/ALD-E-ImageMiner-main/icdar2026-competition-data/train/atomic-layer-deposition/simulation-usecase/30/images/fc74a7a43c2b4e7c76706ffb02402008e78e3a13e96c96e04dbe586e50ac0aef.jpg,b,conceptual diagram,3
/Users/lingzhou/Resource/DataResource/ALD-E-ImageMiner-main/icdar2026-competition-data/train/atomic-layer-deposition/simulation-usecase/30/images/fc74a7a43c2b4e7c76706ffb02402008e78e3a13e96c96e04dbe586e50ac0aef.jpg,c,conceptual diagram,3
/Users/lingzhou/Resource/DataResource/ALD-E-ImageMiner-main/icdar2026-competition-data/train/atomic-layer-deposition/simulation-usecase/30/images/figure_3.jpg,a,box plot,3
/Users/lingzhou/Resource/DataResource/ALD-E-ImageMiner-main/icdar2026-competition-data/train/atomic-layer-deposition/simulation-usecase/30/images/figure_3.jpg,b,scatter plot,3
/Users/lingzhou/Resource/DataResource/ALD-E-ImageMiner-main/icdar2026-competition-data/train/atomic-layer-deposition/simulation-usecase/30/images/figure_3.jpg,c,reaction scheme,3
/Users/lingzhou/Resource/DataResource/ALD-E-ImageMiner-main/icdar2026-competition-data/train/atomic-layer-deposition/simulation-usecase/30/images/figure_2.jpg,a,molecular structure diagram,4
/Users/lingzhou/Resource/DataResource/ALD-E-ImageMiner-main/icdar2026-competition-data/train/atomic-layer-deposition/simulation-usecase/30/images/figure_2.jpg,b,molecular structure diagram,4
/Users/lingzhou/Resource/DataResource/ALD-E-ImageMiner-main/icdar2026-competition-data/train/atomic-layer-deposition/simulation-usecase/30/images/figure_2.jpg,c,molecular structure diagram,4
/Users/lingzhou/Resource/DataResource/ALD-E-ImageMiner-main/icdar2026-competition-data/train/atomic-layer-deposition/simulation-usecase/30/images/figure_2.jpg,d,molecular structure diagram,4
/Users/lingzhou/Resource/DataResource/ALD-E-ImageMiner-main/icdar2026-competition-data/train/atomic-layer-deposition/simulation-usecase/30/images/figure_5.jpg,a,molecular structure diagram,2
/Users/lingzhou/Resource/DataResource/ALD-E-ImageMiner-main/icdar2026-competition-data/train/atomic-layer-deposition/simulation-usecase/30/images/figure_5.jpg,b,molecular structure diagram,2
/Users/lingzhou/Resource/DataResource/ALD-E-ImageMiner-main/icdar2026-competition-data/train/atomic-layer-deposition/simulation-usecase/30/images/figure_9.jpg,a,reaction energy profile diagram,2
/Users/lingzhou/Resource/DataResource/ALD-E-ImageMiner-main/icdar2026-competition-data/train/atomic-layer-deposition/simulation-usecase/30/images/figure_9.jpg,b,molecular structure diagram,2
/Users/lingzhou/Resource/DataResource/ALD-E-ImageMiner-main/icdar2026-competition-data/train/atomic-layer-deposition/simulation-usecase/30/images/figure_10.jpg,a,reaction energy profile diagram,2
/Users/lingzhou/Resource/DataResource/ALD-E-ImageMiner-main/icdar2026-competition-data/train/atomic-layer-deposition/simulation-usecase/30/images/figure_10.jpg,b,reaction energy profile diagram,2
/Users/lingzhou/Resource/DataResource/ALD-E-ImageMiner-main/icdar2026-competition-data/train/atomic-layer-deposition/simulation-usecase/30/images/a9607840c6d18561d4f18b7a1f06f1ae28d6db1defddf1c5004de640af0d0642.jpg,a,reaction scheme,7
/Users/lingzhou/Resource/DataResource/ALD-E-ImageMiner-main/icdar2026-competition-data/train/atomic-layer-deposition/simulation-usecase/30/images/a9607840c6d18561d4f18b7a1f06f1ae28d6db1defddf1c5004de640af0d0642.jpg,b,reaction scheme,7
/Users/lingzhou/Resource/DataResource/ALD-E-ImageMiner-main/icdar2026-competition-data/train/atomic-layer-deposition/simulation-usecase/30/images/a9607840c6d18561d4f18b7a1f06f1ae28d6db1defddf1c5004de640af0d0642.jpg,c,reaction scheme,7
/Users/lingzhou/Resource/DataResource/ALD-E-ImageMiner-main/icdar2026-competition-data/train/atomic-layer-deposition/simulation-usecase/30/images/a9607840c6d18561d4f18b7a1f06f1ae28d6db1defddf1c5004de640af0d0642.jpg,d,reaction scheme,7
/Users/lingzhou/Resource/DataResource/ALD-E-ImageMiner-main/icdar2026-competition-data/train/atomic-layer-deposition/simulation-usecase/30/images/a9607840c6d18561d4f18b7a1f06f1ae28d6db1defddf1c5004de640af0d0642.jpg,e,reaction scheme,7
/Users/lingzhou/Resource/DataResource/ALD-E-ImageMiner-main/icdar2026-competition-data/train/atomic-layer-deposition/simulation-usecase/30/images/a9607840c6d18561d4f18b7a1f06f1ae28d6db1defddf1c5004de640af0d0642.jpg,f,reaction scheme,7
/Users/lingzhou/Resource/DataResource/ALD-E-ImageMiner-main/icdar2026-competition-data/train/atomic-layer-deposition/simulation-usecase/30/images/a9607840c6d18561d4f18b7a1f06f1ae28d6db1defddf1c5004de640af0d0642.jpg,g,reaction scheme,7
/Users/lingzhou/Resource/DataResource/ALD-E-ImageMiner-main/icdar2026-competition-data/train/atomic-layer-deposition/simulation-usecase/30/images/figure_11.jpg,a,molecular structure diagram,4
/Users/lingzhou/Resource/DataResource/ALD-E-ImageMiner-main/icdar2026-competition-data/train/atomic-layer-deposition/simulation-usecase/30/images/figure_11.jpg,b,molecular structure diagram,4
/Users/lingzhou/Resource/DataResource/ALD-E-ImageMiner-main/icdar2026-competition-data/train/atomic-layer-deposition/simulation-usecase/30/images/figure_11.jpg,c,molecular structure diagram,4
/Users/lingzhou/Resource/DataResource/ALD-E-ImageMiner-main/icdar2026-competition-data/train/atomic-layer-deposition/simulation-usecase/30/images/figure_11.jpg,d,molecular structure diagram,4
/Users/lingzhou/Resource/DataResource/ALD-E-ImageMiner-main/icdar2026-competition-data/train/atomic-layer-deposition/simulation-usecase/30/images/figure_8.jpg,a,molecular structure diagram,4
/Users/lingzhou/Resource/DataResource/ALD-E-ImageMiner-main/icdar2026-competition-data/train/atomic-layer-deposition/simulation-usecase/30/images/figure_8.jpg,b,molecular structure diagram,4
/Users/lingzhou/Resource/DataResource/ALD-E-ImageMiner-main/icdar2026-competition-data/train/atomic-layer-deposition/simulation-usecase/30/images/figure_8.jpg,c,molecular structure diagram,4
/Users/lingzhou/Resource/DataResource/ALD-E-ImageMiner-main/icdar2026-competition-data/train/atomic-layer-deposition/simulation-usecase/30/images/figure_8.jpg,d,molecular structure diagram,4
/Users/lingzhou/Resource/DataResource/ALD-E-ImageMiner-main/icdar2026-competition-data/train/atomic-layer-deposition/simulation-usecase/30/images/figure_4.jpg,a,reaction energy profile diagram,8
/Users/lingzhou/Resource/DataResource/ALD-E-ImageMiner-main/icdar2026-competition-data/train/atomic-layer-deposition/simulation-usecase/30/images/figure_4.jpg,b,molecular structure diagram,8
/Users/lingzhou/Resource/DataResource/ALD-E-ImageMiner-main/icdar2026-competition-data/train/atomic-layer-deposition/simulation-usecase/30/images/figure_4.jpg,c,molecular structure diagram,8
/Users/lingzhou/Resource/DataResource/ALD-E-ImageMiner-main/icdar2026-competition-data/train/atomic-layer-deposition/simulation-usecase/30/images/figure_4.jpg,d,molecular structure diagram,8
/Users/lingzhou/Resource/DataResource/ALD-E-ImageMiner-main/icdar2026-competition-data/train/atomic-layer-deposition/simulation-usecase/30/images/figure_4.jpg,e,molecular structure diagram,8
/Users/lingzhou/Resource/DataResource/ALD-E-ImageMiner-main/icdar2026-competition-data/train/atomic-layer-deposition/simulation-usecase/30/images/figure_4.jpg,f,molecular structure diagram,8
/Users/lingzhou/Resource/DataResource/ALD-E-ImageMiner-main/icdar2026-competition-data/train/atomic-layer-deposition/simulation-usecase/30/images/figure_4.jpg,g,molecular structure diagram,8
/Users/lingzhou/Resource/DataResource/ALD-E-ImageMiner-main/icdar2026-competition-data/train/atomic-layer-deposition/simulation-usecase/30/images/figure_4.jpg,h,molecular structure diagram,8
/Users/lingzhou/Resource/DataResource/ALD-E-ImageMiner-main/icdar2026-competition-data/train/atomic-layer-deposition/simulation-usecase/30/images/figure_7.jpg,a,molecular structure diagram,1
/Users/lingzhou/Resource/DataResource/ALD-E-ImageMiner-main/icdar2026-competition-data/train/atomic-layer-deposition/simulation-usecase/30/images/figure_12.jpg,a,reaction energy profile diagram,2
/Users/lingzhou/Resource/DataResource/ALD-E-ImageMiner-main/icdar2026-competition-data/train/atomic-layer-deposition/simulation-usecase/30/images/figure_12.jpg,b,reaction energy profile diagram,2
/Users/lingzhou/Resource/DataResource/ALD-E-ImageMiner-main/icdar2026-competition-data/train/atomic-layer-deposition/simulation-usecase/30/images/figure_13.jpg,a,molecular structure diagram,4
/Users/lingzhou/Resource/DataResource/ALD-E-ImageMiner-main/icdar2026-competition-data/train/atomic-layer-deposition/simulation-usecase/30/images/figure_13.jpg,b,molecular structure diagram,4
/Users/lingzhou/Resource/DataResource/ALD-E-ImageMiner-main/icdar2026-competition-data/train/atomic-layer-deposition/simulation-usecase/30/images/figure_13.jpg,c,molecular structure diagram,4
/Users/lingzhou/Resource/DataResource/ALD-E-ImageMiner-main/icdar2026-competition-data/train/atomic-layer-deposition/simulation-usecase/30/images/figure_13.jpg,d,molecular structure diagram,4
/Users/lingzhou/Resource/DataResource/ALD-E-ImageMiner-main/icdar2026-competition-data/train/atomic-layer-deposition/simulation-usecase/30/images/figure_6.jpg,a,conceptual diagram,4
/Users/lingzhou/Resource/DataResource/ALD-E-ImageMiner-main/icdar2026-competition-data/train/atomic-layer-deposition/simulation-usecase/30/images/figure_6.jpg,b,scatter plot,4
/Users/lingzhou/Resource/DataResource/ALD-E-ImageMiner-main/icdar2026-competition-data/train/atomic-layer-deposition/simulation-usecase/30/images/figure_6.jpg,c,scatter plot,4
/Users/lingzhou/Resource/DataResource/ALD-E-ImageMiner-main/icdar2026-competition-data/train/atomic-layer-deposition/simulation-usecase/30/images/figure_6.jpg,d,scatter plot,4
/Users/lingzhou/Resource/DataResource/ALD-E-ImageMiner-main/icdar2026-competition-data/train/atomic-layer-deposition/simulation-usecase/30/images/figure_1.jpg,a,molecular structure diagram,3
/Users/lingzhou/Resource/DataResource/ALD-E-ImageMiner-main/icdar2026-competition-data/train/atomic-layer-deposition/simulation-usecase/30/images/figure_1.jpg,b,molecular structure diagram,3
/Users/lingzhou/Resource/DataResource/ALD-E-ImageMiner-main/icdar2026-competition-data/train/atomic-layer-deposition/simulation-usecase/30/images/figure_1.jpg,c,molecular structure diagram,3
/Users/lingzhou/Resource/DataResource/ALD-E-ImageMiner-main/icdar2026-competition-data/train/atomic-layer-deposition/simulation-usecase/52/images/fig_1.jpg,a,molecular structure diagram,1
/Users/lingzhou/Resource/DataResource/ALD-E-ImageMiner-main/icdar2026-competition-data/train/atomic-layer-deposition/simulation-usecase/52/images/fig_7.jpg,a,reaction energy profile diagram,2
/Users/lingzhou/Resource/DataResource/ALD-E-ImageMiner-main/icdar2026-competition-data/train/atomic-layer-deposition/simulation-usecase/52/images/fig_7.jpg,b,reaction energy profile diagram,2
/Users/lingzhou/Resource/DataResource/ALD-E-ImageMiner-main/icdar2026-competition-data/train/atomic-layer-deposition/simulation-usecase/52/images/fig_6.jpg,a,reaction energy profile diagram,1
/Users/lingzhou/Resource/DataResource/ALD-E-ImageMiner-main/icdar2026-competition-data/train/atomic-layer-deposition/simulation-usecase/52/images/fig_5.jpg,a,molecular structure diagram,2
/Users/lingzhou/Resource/DataResource/ALD-E-ImageMiner-main/icdar2026-competition-data/train/atomic-layer-deposition/simulation-usecase/52/images/fig_5.jpg,b,conceptual diagram,2
/Users/lingzhou/Resource/DataResource/ALD-E-ImageMiner-main/icdar2026-competition-data/train/atomic-layer-deposition/simulation-usecase/52/images/fig_4.jpg,a,reaction energy profile diagram,1
/Users/lingzhou/Resource/DataResource/ALD-E-ImageMiner-main/icdar2026-competition-data/train/atomic-layer-deposition/simulation-usecase/52/images/fig_8.jpg,a,reaction scheme,1
/Users/lingzhou/Resource/DataResource/ALD-E-ImageMiner-main/icdar2026-competition-data/train/atomic-layer-deposition/simulation-usecase/52/images/fig2.jpg,a,reaction energy profile diagram,1
/Users/lingzhou/Resource/DataResource/ALD-E-ImageMiner-main/icdar2026-competition-data/train/atomic-layer-deposition/simulation-usecase/52/images/fig_3.jpg,a,molecular structure diagram,1
/Users/lingzhou/Resource/DataResource/ALD-E-ImageMiner-main/icdar2026-competition-data/train/atomic-layer-deposition/simulation-usecase/55/images/figure_3.jpg,a,multiple line chart,1
/Users/lingzhou/Resource/DataResource/ALD-E-ImageMiner-main/icdar2026-competition-data/train/atomic-layer-deposition/simulation-usecase/55/images/figure_2.jpg,a,process flow diagram,1
/Users/lingzhou/Resource/DataResource/ALD-E-ImageMiner-main/icdar2026-competition-data/train/atomic-layer-deposition/simulation-usecase/55/images/figure_5.jpg,a,multiple line chart,1
/Users/lingzhou/Resource/DataResource/ALD-E-ImageMiner-main/icdar2026-competition-data/train/atomic-layer-deposition/simulation-usecase/55/images/figure_9.jpg,a,multiple line chart,1
/Users/lingzhou/Resource/DataResource/ALD-E-ImageMiner-main/icdar2026-competition-data/train/atomic-layer-deposition/simulation-usecase/55/images/figure_10.jpg,a,multiple line chart,1
/Users/lingzhou/Resource/DataResource/ALD-E-ImageMiner-main/icdar2026-competition-data/train/atomic-layer-deposition/simulation-usecase/55/images/figure_11.jpg,a,multiple line chart,1
/Users/lingzhou/Resource/DataResource/ALD-E-ImageMiner-main/icdar2026-competition-data/train/atomic-layer-deposition/simulation-usecase/55/images/figure_8.jpg,a,multi-axis chart,1
/Users/lingzhou/Resource/DataResource/ALD-E-ImageMiner-main/icdar2026-competition-data/train/atomic-layer-deposition/simulation-usecase/55/images/figure_4.jpg,a,multiple line chart,1
/Users/lingzhou/Resource/DataResource/ALD-E-ImageMiner-main/icdar2026-competition-data/train/atomic-layer-deposition/simulation-usecase/55/images/figure_7.jpg,a,multi-axis chart,1
/Users/lingzhou/Resource/DataResource/ALD-E-ImageMiner-main/icdar2026-competition-data/train/atomic-layer-deposition/simulation-usecase/55/images/figure_12.jpg,a,multiple line chart,1
/Users/lingzhou/Resource/DataResource/ALD-E-ImageMiner-main/icdar2026-competition-data/train/atomic-layer-deposition/simulation-usecase/55/images/figure_13.jpg,a,multiple line chart,1
/Users/lingzhou/Resource/DataResource/ALD-E-ImageMiner-main/icdar2026-competition-data/train/atomic-layer-deposition/simulation-usecase/55/images/figure_6.jpg,a,multiple line chart,1
/Users/lingzhou/Resource/DataResource/ALD-E-ImageMiner-main/icdar2026-competition-data/train/atomic-layer-deposition/simulation-usecase/55/images/figure_14.jpg,a,molecular structure diagram,3
/Users/lingzhou/Resource/DataResource/ALD-E-ImageMiner-main/icdar2026-competition-data/train/atomic-layer-deposition/simulation-usecase/55/images/figure_14.jpg,b,molecular structure diagram,3
/Users/lingzhou/Resource/DataResource/ALD-E-ImageMiner-main/icdar2026-competition-data/train/atomic-layer-deposition/simulation-usecase/55/images/figure_14.jpg,c,molecular structure diagram,3
/Users/lingzhou/Resource/DataResource/ALD-E-ImageMiner-main/icdar2026-competition-data/train/atomic-layer-deposition/simulation-usecase/55/images/figure_1.jpg,a,process flow diagram,1
/Users/lingzhou/Resource/DataResource/ALD-E-ImageMiner-main/icdar2026-competition-data/train/atomic-layer-deposition/simulation-usecase/48/images/fig1.jpg,a,reaction energy profile diagram,1
/Users/lingzhou/Resource/DataResource/ALD-E-ImageMiner-main/icdar2026-competition-data/train/atomic-layer-deposition/simulation-usecase/48/images/fig2.jpg,a,reaction energy profile diagram,1
/Users/lingzhou/Resource/DataResource/ALD-E-ImageMiner-main/icdar2026-competition-data/train/atomic-layer-deposition/simulation-usecase/23/images/fig1.jpg,a,molecular structure diagram,2
/Users/lingzhou/Resource/DataResource/ALD-E-ImageMiner-main/icdar2026-competition-data/train/atomic-layer-deposition/simulation-usecase/23/images/fig1.jpg,b,molecular structure diagram,2
/Users/lingzhou/Resource/DataResource/ALD-E-ImageMiner-main/icdar2026-competition-data/train/atomic-layer-deposition/simulation-usecase/23/images/fig_7.jpg,a,reaction scheme,2
/Users/lingzhou/Resource/DataResource/ALD-E-ImageMiner-main/icdar2026-competition-data/train/atomic-layer-deposition/simulation-usecase/23/images/fig_7.jpg,b,multiple line chart,2
/Users/lingzhou/Resource/DataResource/ALD-E-ImageMiner-main/icdar2026-competition-data/train/atomic-layer-deposition/simulation-usecase/23/images/fig_6.jpg,a,reaction energy profile diagram,3
/Users/lingzhou/Resource/DataResource/ALD-E-ImageMiner-main/icdar2026-competition-data/train/atomic-layer-deposition/simulation-usecase/23/images/fig_6.jpg,b,reaction energy profile diagram,3
/Users/lingzhou/Resource/DataResource/ALD-E-ImageMiner-main/icdar2026-competition-data/train/atomic-layer-deposition/simulation-usecase/23/images/fig_6.jpg,c,reaction energy profile diagram,3
/Users/lingzhou/Resource/DataResource/ALD-E-ImageMiner-main/icdar2026-competition-data/train/atomic-layer-deposition/simulation-usecase/23/images/fig_9.jpg,a,molecular structure diagram,2
/Users/lingzhou/Resource/DataResource/ALD-E-ImageMiner-main/icdar2026-competition-data/train/atomic-layer-deposition/simulation-usecase/23/images/fig_9.jpg,b,reaction scheme,2
/Users/lingzhou/Resource/DataResource/ALD-E-ImageMiner-main/icdar2026-competition-data/train/atomic-layer-deposition/simulation-usecase/23/images/fig_5.jpg,a,reaction energy profile diagram,3
/Users/lingzhou/Resource/DataResource/ALD-E-ImageMiner-main/icdar2026-competition-data/train/atomic-layer-deposition/simulation-usecase/23/images/fig_5.jpg,b,reaction energy profile diagram,3
/Users/lingzhou/Resource/DataResource/ALD-E-ImageMiner-main/icdar2026-competition-data/train/atomic-layer-deposition/simulation-usecase/23/images/fig_5.jpg,c,reaction energy profile diagram,3
/Users/lingzhou/Resource/DataResource/ALD-E-ImageMiner-main/icdar2026-competition-data/train/atomic-layer-deposition/simulation-usecase/23/images/fig_4.jpg,a,reaction scheme,1
/Users/lingzhou/Resource/DataResource/ALD-E-ImageMiner-main/icdar2026-competition-data/train/atomic-layer-deposition/simulation-usecase/23/images/fig_8.jpg,a,multi spectra chart,4
/Users/lingzhou/Resource/DataResource/ALD-E-ImageMiner-main/icdar2026-competition-data/train/atomic-layer-deposition/simulation-usecase/23/images/fig_8.jpg,b,multi spectra chart,4
/Users/lingzhou/Resource/DataResource/ALD-E-ImageMiner-main/icdar2026-competition-data/train/atomic-layer-deposition/simulation-usecase/23/images/fig_8.jpg,c,multi spectra chart,4
/Users/lingzhou/Resource/DataResource/ALD-E-ImageMiner-main/icdar2026-competition-data/train/atomic-layer-deposition/simulation-usecase/23/images/fig_8.jpg,d,multi spectra chart,4
/Users/lingzhou/Resource/DataResource/ALD-E-ImageMiner-main/icdar2026-competition-data/train/atomic-layer-deposition/simulation-usecase/23/images/fig2.jpg,a,reaction scheme,1
/Users/lingzhou/Resource/DataResource/ALD-E-ImageMiner-main/icdar2026-competition-data/train/atomic-layer-deposition/simulation-usecase/23/images/fig_3.jpg,a,reaction energy profile diagram,3
/Users/lingzhou/Resource/DataResource/ALD-E-ImageMiner-main/icdar2026-competition-data/train/atomic-layer-deposition/simulation-usecase/23/images/fig_3.jpg,b,reaction energy profile diagram,3
/Users/lingzhou/Resource/DataResource/ALD-E-ImageMiner-main/icdar2026-competition-data/train/atomic-layer-deposition/simulation-usecase/23/images/fig_3.jpg,c,reaction energy profile diagram,3
/Users/lingzhou/Resource/DataResource/ALD-E-ImageMiner-main/icdar2026-competition-data/train/atomic-layer-deposition/simulation-usecase/15/images/fig_1.jpg,a,molecular structure diagram,1
/Users/lingzhou/Resource/DataResource/ALD-E-ImageMiner-main/icdar2026-competition-data/train/atomic-layer-deposition/simulation-usecase/15/images/4d4f406e9932876c1e7d842c8a2c6e5c2ea735e3033a559de968675a1eb78e85.jpg,a,reaction scheme,2
/Users/lingzhou/Resource/DataResource/ALD-E-ImageMiner-main/icdar2026-competition-data/train/atomic-layer-deposition/simulation-usecase/15/images/4d4f406e9932876c1e7d842c8a2c6e5c2ea735e3033a559de968675a1eb78e85.jpg,b,reaction scheme,2
/Users/lingzhou/Resource/DataResource/ALD-E-ImageMiner-main/icdar2026-competition-data/train/atomic-layer-deposition/simulation-usecase/15/images/fig_7.jpg,a,molecular structure diagram,1
/Users/lingzhou/Resource/DataResource/ALD-E-ImageMiner-main/icdar2026-competition-data/train/atomic-layer-deposition/simulation-usecase/15/images/fig_6.jpg,a,multiple line chart,1
/Users/lingzhou/Resource/DataResource/ALD-E-ImageMiner-main/icdar2026-competition-data/train/atomic-layer-deposition/simulation-usecase/15/images/fig4.jpg,a,molecular structure diagram,6
/Users/lingzhou/Resource/DataResource/ALD-E-ImageMiner-main/icdar2026-competition-data/train/atomic-layer-deposition/simulation-usecase/15/images/fig4.jpg,b,molecular structure diagram,6
/Users/lingzhou/Resource/DataResource/ALD-E-ImageMiner-main/icdar2026-competition-data/train/atomic-layer-deposition/simulation-usecase/15/images/fig4.jpg,c,molecular structure diagram,6
/Users/lingzhou/Resource/DataResource/ALD-E-ImageMiner-main/icdar2026-competition-data/train/atomic-layer-deposition/simulation-usecase/15/images/fig4.jpg,d,molecular structure diagram,6
/Users/lingzhou/Resource/DataResource/ALD-E-ImageMiner-main/icdar2026-competition-data/train/atomic-layer-deposition/simulation-usecase/15/images/fig4.jpg,e,molecular structure diagram,6
/Users/lingzhou/Resource/DataResource/ALD-E-ImageMiner-main/icdar2026-competition-data/train/atomic-layer-deposition/simulation-usecase/15/images/fig4.jpg,f,molecular structure diagram,6
/Users/lingzhou/Resource/DataResource/ALD-E-ImageMiner-main/icdar2026-competition-data/train/atomic-layer-deposition/simulation-usecase/15/images/fig5.jpg,a,molecular structure diagram,8
/Users/lingzhou/Resource/DataResource/ALD-E-ImageMiner-main/icdar2026-competition-data/train/atomic-layer-deposition/simulation-usecase/15/images/fig5.jpg,b,molecular structure diagram,8
/Users/lingzhou/Resource/DataResource/ALD-E-ImageMiner-main/icdar2026-competition-data/train/atomic-layer-deposition/simulation-usecase/15/images/fig5.jpg,c,molecular structure diagram,8
/Users/lingzhou/Resource/DataResource/ALD-E-ImageMiner-main/icdar2026-competition-data/train/atomic-layer-deposition/simulation-usecase/15/images/fig5.jpg,d,molecular structure diagram,8
/Users/lingzhou/Resource/DataResource/ALD-E-ImageMiner-main/icdar2026-competition-data/train/atomic-layer-deposition/simulation-usecase/15/images/fig5.jpg,e,molecular structure diagram,8
/Users/lingzhou/Resource/DataResource/ALD-E-ImageMiner-main/icdar2026-competition-data/train/atomic-layer-deposition/simulation-usecase/15/images/fig5.jpg,f,molecular structure diagram,8
/Users/lingzhou/Resource/DataResource/ALD-E-ImageMiner-main/icdar2026-competition-data/train/atomic-layer-deposition/simulation-usecase/15/images/fig5.jpg,g,molecular structure diagram,8
/Users/lingzhou/Resource/DataResource/ALD-E-ImageMiner-main/icdar2026-competition-data/train/atomic-layer-deposition/simulation-usecase/15/images/fig5.jpg,h,molecular structure diagram,8
/Users/lingzhou/Resource/DataResource/ALD-E-ImageMiner-main/icdar2026-competition-data/train/atomic-layer-deposition/simulation-usecase/15/images/fig2.jpg,a,reaction energy profile diagram,1
/Users/lingzhou/Resource/DataResource/ALD-E-ImageMiner-main/icdar2026-competition-data/train/atomic-layer-deposition/simulation-usecase/15/images/fig3.jpg,a,molecular structure diagram,7
/Users/lingzhou/Resource/DataResource/ALD-E-ImageMiner-main/icdar2026-competition-data/train/atomic-layer-deposition/simulation-usecase/15/images/fig3.jpg,b,molecular structure diagram,7
/Users/lingzhou/Resource/DataResource/ALD-E-ImageMiner-main/icdar2026-competition-data/train/atomic-layer-deposition/simulation-usecase/15/images/fig3.jpg,c,molecular structure diagram,7
/Users/lingzhou/Resource/DataResource/ALD-E-ImageMiner-main/icdar2026-competition-data/train/atomic-layer-deposition/simulation-usecase/15/images/fig3.jpg,d,molecular structure diagram,7
/Users/lingzhou/Resource/DataResource/ALD-E-ImageMiner-main/icdar2026-competition-data/train/atomic-layer-deposition/simulation-usecase/15/images/fig3.jpg,e,molecular structure diagram,7
/Users/lingzhou/Resource/DataResource/ALD-E-ImageMiner-main/icdar2026-competition-data/train/atomic-layer-deposition/simulation-usecase/15/images/fig3.jpg,f,molecular structure diagram,7
/Users/lingzhou/Resource/DataResource/ALD-E-ImageMiner-main/icdar2026-competition-data/train/atomic-layer-deposition/simulation-usecase/15/images/fig3.jpg,g,molecular structure diagram,7
/Users/lingzhou/Resource/DataResource/ALD-E-ImageMiner-main/icdar2026-competition-data/train/atomic-layer-deposition/simulation-usecase/12/images/figure_3.jpg,a,molecular structure diagram,1
/Users/lingzhou/Resource/DataResource/ALD-E-ImageMiner-main/icdar2026-competition-data/train/atomic-layer-deposition/simulation-usecase/12/images/dbca0f677b67a8938436513d8ced215c871203961972b5ccd0382c672ee5f0fe.jpg,a,reaction scheme,1
/Users/lingzhou/Resource/DataResource/ALD-E-ImageMiner-main/icdar2026-competition-data/train/atomic-layer-deposition/simulation-usecase/12/images/figure_2.jpg,a,molecular structure diagram,2
/Users/lingzhou/Resource/DataResource/ALD-E-ImageMiner-main/icdar2026-competition-data/train/atomic-layer-deposition/simulation-usecase/12/images/figure_2.jpg,b,molecular structure diagram,2
/Users/lingzhou/Resource/DataResource/ALD-E-ImageMiner-main/icdar2026-competition-data/train/atomic-layer-deposition/simulation-usecase/12/images/figure_5.jpg,a,molecular structure diagram,5
/Users/lingzhou/Resource/DataResource/ALD-E-ImageMiner-main/icdar2026-competition-data/train/atomic-layer-deposition/simulation-usecase/12/images/figure_5.jpg,b,molecular structure diagram,5
/Users/lingzhou/Resource/DataResource/ALD-E-ImageMiner-main/icdar2026-competition-data/train/atomic-layer-deposition/simulation-usecase/12/images/figure_5.jpg,c,molecular structure diagram,5
/Users/lingzhou/Resource/DataResource/ALD-E-ImageMiner-main/icdar2026-competition-data/train/atomic-layer-deposition/simulation-usecase/12/images/figure_5.jpg,d,multiple line chart,5
/Users/lingzhou/Resource/DataResource/ALD-E-ImageMiner-main/icdar2026-competition-data/train/atomic-layer-deposition/simulation-usecase/12/images/figure_5.jpg,e,molecular structure diagram,5
/Users/lingzhou/Resource/DataResource/ALD-E-ImageMiner-main/icdar2026-competition-data/train/atomic-layer-deposition/simulation-usecase/12/images/ca270fa3709113a73088b324c42da03af3f4bbe859c7b315f3935c584adc29f0.jpg,a,reaction scheme,1
/Users/lingzhou/Resource/DataResource/ALD-E-ImageMiner-main/icdar2026-competition-data/train/atomic-layer-deposition/simulation-usecase/12/images/figure_9.jpg,a,molecular structure diagram,4
/Users/lingzhou/Resource/DataResource/ALD-E-ImageMiner-main/icdar2026-competition-data/train/atomic-layer-deposition/simulation-usecase/12/images/figure_9.jpg,b,molecular structure diagram,4
/Users/lingzhou/Resource/DataResource/ALD-E-ImageMiner-main/icdar2026-competition-data/train/atomic-layer-deposition/simulation-usecase/12/images/figure_9.jpg,c,molecular structure diagram,4
/Users/lingzhou/Resource/DataResource/ALD-E-ImageMiner-main/icdar2026-competition-data/train/atomic-layer-deposition/simulation-usecase/12/images/figure_9.jpg,d,molecular structure diagram,4
/Users/lingzhou/Resource/DataResource/ALD-E-ImageMiner-main/icdar2026-competition-data/train/atomic-layer-deposition/simulation-usecase/12/images/figure_10.jpg,a,multi spectra chart,1
/Users/lingzhou/Resource/DataResource/ALD-E-ImageMiner-main/icdar2026-competition-data/train/atomic-layer-deposition/simulation-usecase/12/images/figure_8.jpg,a,line chart,1
/Users/lingzhou/Resource/DataResource/ALD-E-ImageMiner-main/icdar2026-competition-data/train/atomic-layer-deposition/simulation-usecase/12/images/figure_4.jpg,a,molecular structure diagram,6
/Users/lingzhou/Resource/DataResource/ALD-E-ImageMiner-main/icdar2026-competition-data/train/atomic-layer-deposition/simulation-usecase/12/images/figure_4.jpg,b,molecular structure diagram,6
/Users/lingzhou/Resource/DataResource/ALD-E-ImageMiner-main/icdar2026-competition-data/train/atomic-layer-deposition/simulation-usecase/12/images/figure_4.jpg,c,molecular structure diagram,6
/Users/lingzhou/Resource/DataResource/ALD-E-ImageMiner-main/icdar2026-competition-data/train/atomic-layer-deposition/simulation-usecase/12/images/figure_4.jpg,d,line chart,6
/Users/lingzhou/Resource/DataResource/ALD-E-ImageMiner-main/icdar2026-competition-data/train/atomic-layer-deposition/simulation-usecase/12/images/figure_4.jpg,e,molecular structure diagram,6
/Users/lingzhou/Resource/DataResource/ALD-E-ImageMiner-main/icdar2026-competition-data/train/atomic-layer-deposition/simulation-usecase/12/images/figure_4.jpg,f,molecular structure diagram,6
/Users/lingzhou/Resource/DataResource/ALD-E-ImageMiner-main/icdar2026-competition-data/train/atomic-layer-deposition/simulation-usecase/12/images/figure_7.jpg,a,molecular structure diagram,6
/Users/lingzhou/Resource/DataResource/ALD-E-ImageMiner-main/icdar2026-competition-data/train/atomic-layer-deposition/simulation-usecase/12/images/figure_7.jpg,b,molecular structure diagram,6
/Users/lingzhou/Resource/DataResource/ALD-E-ImageMiner-main/icdar2026-competition-data/train/atomic-layer-deposition/simulation-usecase/12/images/figure_7.jpg,c,line chart,6
/Users/lingzhou/Resource/DataResource/ALD-E-ImageMiner-main/icdar2026-competition-data/train/atomic-layer-deposition/simulation-usecase/12/images/figure_7.jpg,d,molecular structure diagram,6
/Users/lingzhou/Resource/DataResource/ALD-E-ImageMiner-main/icdar2026-competition-data/train/atomic-layer-deposition/simulation-usecase/12/images/figure_7.jpg,e,molecular structure diagram,6
/Users/lingzhou/Resource/DataResource/ALD-E-ImageMiner-main/icdar2026-competition-data/train/atomic-layer-deposition/simulation-usecase/12/images/figure_7.jpg,f,molecular structure diagram,6
/Users/lingzhou/Resource/DataResource/ALD-E-ImageMiner-main/icdar2026-competition-data/train/atomic-layer-deposition/simulation-usecase/12/images/figure_6.jpg,a,molecular structure diagram,5
/Users/lingzhou/Resource/DataResource/ALD-E-ImageMiner-main/icdar2026-competition-data/train/atomic-layer-deposition/simulation-usecase/12/images/figure_6.jpg,b,molecular structure diagram,5
/Users/lingzhou/Resource/DataResource/ALD-E-ImageMiner-main/icdar2026-competition-data/train/atomic-layer-deposition/simulation-usecase/12/images/figure_6.jpg,c,molecular structure diagram,5
/Users/lingzhou/Resource/DataResource/ALD-E-ImageMiner-main/icdar2026-competition-data/train/atomic-layer-deposition/simulation-usecase/12/images/figure_6.jpg,d,molecular structure diagram,5
/Users/lingzhou/Resource/DataResource/ALD-E-ImageMiner-main/icdar2026-competition-data/train/atomic-layer-deposition/simulation-usecase/12/images/figure_6.jpg,e,reaction energy profile diagram,5
/Users/lingzhou/Resource/DataResource/ALD-E-ImageMiner-main/icdar2026-competition-data/train/atomic-layer-deposition/simulation-usecase/12/images/figure_1.jpg,a,molecular structure diagram,2
/Users/lingzhou/Resource/DataResource/ALD-E-ImageMiner-main/icdar2026-competition-data/train/atomic-layer-deposition/simulation-usecase/12/images/figure_1.jpg,b,molecular structure diagram,2
/Users/lingzhou/Resource/DataResource/ALD-E-ImageMiner-main/icdar2026-competition-data/train/atomic-layer-deposition/simulation-usecase/49/images/fig_1.jpg,a,molecular structure diagram,3
/Users/lingzhou/Resource/DataResource/ALD-E-ImageMiner-main/icdar2026-competition-data/train/atomic-layer-deposition/simulation-usecase/49/images/fig_1.jpg,b,molecular structure diagram,3
/Users/lingzhou/Resource/DataResource/ALD-E-ImageMiner-main/icdar2026-competition-data/train/atomic-layer-deposition/simulation-usecase/49/images/fig_1.jpg,c,molecular structure diagram,3
/Users/lingzhou/Resource/DataResource/ALD-E-ImageMiner-main/icdar2026-competition-data/train/atomic-layer-deposition/simulation-usecase/49/images/fig_6.jpg,a,reaction energy profile diagram,1
/Users/lingzhou/Resource/DataResource/ALD-E-ImageMiner-main/icdar2026-competition-data/train/atomic-layer-deposition/simulation-usecase/49/images/fig_5.jpg,a,molecular structure diagram,3
/Users/lingzhou/Resource/DataResource/ALD-E-ImageMiner-main/icdar2026-competition-data/train/atomic-layer-deposition/simulation-usecase/49/images/fig_5.jpg,b,molecular structure diagram,3
/Users/lingzhou/Resource/DataResource/ALD-E-ImageMiner-main/icdar2026-competition-data/train/atomic-layer-deposition/simulation-usecase/49/images/fig_5.jpg,c,molecular structure diagram,3
/Users/lingzhou/Resource/DataResource/ALD-E-ImageMiner-main/icdar2026-competition-data/train/atomic-layer-deposition/simulation-usecase/49/images/fig_4.jpg,a,reaction energy profile diagram,1
/Users/lingzhou/Resource/DataResource/ALD-E-ImageMiner-main/icdar2026-competition-data/train/atomic-layer-deposition/simulation-usecase/49/images/fig_3.jpg,a,molecular structure diagram,3
/Users/lingzhou/Resource/DataResource/ALD-E-ImageMiner-main/icdar2026-competition-data/train/atomic-layer-deposition/simulation-usecase/49/images/fig_3.jpg,b,molecular structure diagram,3
/Users/lingzhou/Resource/DataResource/ALD-E-ImageMiner-main/icdar2026-competition-data/train/atomic-layer-deposition/simulation-usecase/49/images/fig_3.jpg,c,molecular structure diagram,3
/Users/lingzhou/Resource/DataResource/ALD-E-ImageMiner-main/icdar2026-competition-data/train/atomic-layer-deposition/simulation-usecase/49/images/fig_2.jpg,a,reaction energy profile diagram,1
/Users/lingzhou/Resource/DataResource/ALD-E-ImageMiner-main/icdar2026-competition-data/train/atomic-layer-deposition/simulation-usecase/2/images/fig_1.jpg,a,molecular structure diagram,3
/Users/lingzhou/Resource/DataResource/ALD-E-ImageMiner-main/icdar2026-competition-data/train/atomic-layer-deposition/simulation-usecase/2/images/fig_1.jpg,b,molecular structure diagram,3
/Users/lingzhou/Resource/DataResource/ALD-E-ImageMiner-main/icdar2026-competition-data/train/atomic-layer-deposition/simulation-usecase/2/images/fig_1.jpg,c,molecular structure diagram,3
/Users/lingzhou/Resource/DataResource/ALD-E-ImageMiner-main/icdar2026-competition-data/train/atomic-layer-deposition/simulation-usecase/2/images/fig_4.jpg,a,multiple line chart,1
/Users/lingzhou/Resource/DataResource/ALD-E-ImageMiner-main/icdar2026-competition-data/train/atomic-layer-deposition/simulation-usecase/2/images/fig_3.jpg,a,reaction energy profile diagram,1
/Users/lingzhou/Resource/DataResource/ALD-E-ImageMiner-main/icdar2026-competition-data/train/atomic-layer-deposition/simulation-usecase/2/images/fig_2.jpg,a,reaction energy profile diagram,1
/Users/lingzhou/Resource/DataResource/ALD-E-ImageMiner-main/icdar2026-competition-data/train/atomic-layer-deposition/simulation-usecase/5/images/figure_3.jpg,a,reaction energy profile diagram,2
/Users/lingzhou/Resource/DataResource/ALD-E-ImageMiner-main/icdar2026-competition-data/train/atomic-layer-deposition/simulation-usecase/5/images/figure_3.jpg,b,reaction energy profile diagram,2
/Users/lingzhou/Resource/DataResource/ALD-E-ImageMiner-main/icdar2026-competition-data/train/atomic-layer-deposition/simulation-usecase/5/images/figure_2.jpg,a,multiple scatter plot,1
/Users/lingzhou/Resource/DataResource/ALD-E-ImageMiner-main/icdar2026-competition-data/train/atomic-layer-deposition/simulation-usecase/5/images/figure_5.jpg,a,image panel,2
/Users/lingzhou/Resource/DataResource/ALD-E-ImageMiner-main/icdar2026-competition-data/train/atomic-layer-deposition/simulation-usecase/5/images/figure_5.jpg,b,multiple scatter plot,2
/Users/lingzhou/Resource/DataResource/ALD-E-ImageMiner-main/icdar2026-competition-data/train/atomic-layer-deposition/simulation-usecase/5/images/9e00b88115926e47232a0241f1247464af11d2b941b12f93e9ea7d022654029e.jpg,a,multiple scatter plot,2
/Users/lingzhou/Resource/DataResource/ALD-E-ImageMiner-main/icdar2026-competition-data/train/atomic-layer-deposition/simulation-usecase/5/images/9e00b88115926e47232a0241f1247464af11d2b941b12f93e9ea7d022654029e.jpg,b,multiple scatter plot,2
/Users/lingzhou/Resource/DataResource/ALD-E-ImageMiner-main/icdar2026-competition-data/train/atomic-layer-deposition/simulation-usecase/5/images/figure_8.jpg,a,image panel,6
/Users/lingzhou/Resource/DataResource/ALD-E-ImageMiner-main/icdar2026-competition-data/train/atomic-layer-deposition/simulation-usecase/5/images/figure_8.jpg,b,image panel,6
/Users/lingzhou/Resource/DataResource/ALD-E-ImageMiner-main/icdar2026-competition-data/train/atomic-layer-deposition/simulation-usecase/5/images/figure_8.jpg,c,image panel,6
/Users/lingzhou/Resource/DataResource/ALD-E-ImageMiner-main/icdar2026-competition-data/train/atomic-layer-deposition/simulation-usecase/5/images/figure_8.jpg,d,image panel,6
/Users/lingzhou/Resource/DataResource/ALD-E-ImageMiner-main/icdar2026-competition-data/train/atomic-layer-deposition/simulation-usecase/5/images/figure_8.jpg,e,image panel,6
/Users/lingzhou/Resource/DataResource/ALD-E-ImageMiner-main/icdar2026-competition-data/train/atomic-layer-deposition/simulation-usecase/5/images/figure_8.jpg,f,image panel,6
/Users/lingzhou/Resource/DataResource/ALD-E-ImageMiner-main/icdar2026-competition-data/train/atomic-layer-deposition/simulation-usecase/5/images/figure_4.jpg,a,image panel,4
/Users/lingzhou/Resource/DataResource/ALD-E-ImageMiner-main/icdar2026-competition-data/train/atomic-layer-deposition/simulation-usecase/5/images/figure_4.jpg,b,image panel,4
/Users/lingzhou/Resource/DataResource/ALD-E-ImageMiner-main/icdar2026-competition-data/train/atomic-layer-deposition/simulation-usecase/5/images/figure_4.jpg,c,image panel,4
/Users/lingzhou/Resource/DataResource/ALD-E-ImageMiner-main/icdar2026-competition-data/train/atomic-layer-deposition/simulation-usecase/5/images/figure_4.jpg,d,image panel,4
/Users/lingzhou/Resource/DataResource/ALD-E-ImageMiner-main/icdar2026-competition-data/train/atomic-layer-deposition/simulation-usecase/5/images/figure_6.jpg,a,multiple scatter plot,2
/Users/lingzhou/Resource/DataResource/ALD-E-ImageMiner-main/icdar2026-competition-data/train/atomic-layer-deposition/simulation-usecase/5/images/figure_6.jpg,b,image panel,2
/Users/lingzhou/Resource/DataResource/ALD-E-ImageMiner-main/icdar2026-competition-data/train/atomic-layer-deposition/simulation-usecase/5/images/figure_1.jpg,a,conceptual diagram,2
/Users/lingzhou/Resource/DataResource/ALD-E-ImageMiner-main/icdar2026-competition-data/train/atomic-layer-deposition/simulation-usecase/5/images/figure_1.jpg,b,conceptual diagram,2
/Users/lingzhou/Resource/DataResource/ALD-E-ImageMiner-main/icdar2026-competition-data/train/atomic-layer-deposition/simulation-usecase/25/images/figure_3.jpg,a,conceptual diagram,4
/Users/lingzhou/Resource/DataResource/ALD-E-ImageMiner-main/icdar2026-competition-data/train/atomic-layer-deposition/simulation-usecase/25/images/figure_3.jpg,b,conceptual diagram,4
/Users/lingzhou/Resource/DataResource/ALD-E-ImageMiner-main/icdar2026-competition-data/train/atomic-layer-deposition/simulation-usecase/25/images/figure_3.jpg,c,conceptual diagram,4
/Users/lingzhou/Resource/DataResource/ALD-E-ImageMiner-main/icdar2026-competition-data/train/atomic-layer-deposition/simulation-usecase/25/images/figure_3.jpg,d,conceptual diagram,4
/Users/lingzhou/Resource/DataResource/ALD-E-ImageMiner-main/icdar2026-competition-data/train/atomic-layer-deposition/simulation-usecase/25/images/figure_2.jpg,a,process flow diagram,1
/Users/lingzhou/Resource/DataResource/ALD-E-ImageMiner-main/icdar2026-competition-data/train/atomic-layer-deposition/simulation-usecase/25/images/figure_5.jpg,a,multiple scatter plot,2
/Users/lingzhou/Resource/DataResource/ALD-E-ImageMiner-main/icdar2026-competition-data/train/atomic-layer-deposition/simulation-usecase/25/images/figure_5.jpg,b,multiple scatter plot,2
/Users/lingzhou/Resource/DataResource/ALD-E-ImageMiner-main/icdar2026-competition-data/train/atomic-layer-deposition/simulation-usecase/25/images/3c11adb668f9644c17072675a51bcbaaf434c0836467b44600b76fb33f050306.jpg,a,workflow diagram,1
/Users/lingzhou/Resource/DataResource/ALD-E-ImageMiner-main/icdar2026-competition-data/train/atomic-layer-deposition/simulation-usecase/25/images/figure_8.jpg,a,multiple line chart,2
/Users/lingzhou/Resource/DataResource/ALD-E-ImageMiner-main/icdar2026-competition-data/train/atomic-layer-deposition/simulation-usecase/25/images/figure_8.jpg,b,multiple line chart,2
/Users/lingzhou/Resource/DataResource/ALD-E-ImageMiner-main/icdar2026-competition-data/train/atomic-layer-deposition/simulation-usecase/25/images/figure_4.jpg,a,multiple line chart,2
/Users/lingzhou/Resource/DataResource/ALD-E-ImageMiner-main/icdar2026-competition-data/train/atomic-layer-deposition/simulation-usecase/25/images/figure_4.jpg,b,multiple line chart,2
/Users/lingzhou/Resource/DataResource/ALD-E-ImageMiner-main/icdar2026-competition-data/train/atomic-layer-deposition/simulation-usecase/25/images/figure_7.jpg,a,multiple line chart,2
/Users/lingzhou/Resource/DataResource/ALD-E-ImageMiner-main/icdar2026-competition-data/train/atomic-layer-deposition/simulation-usecase/25/images/figure_7.jpg,b,multiple line chart,2
/Users/lingzhou/Resource/DataResource/ALD-E-ImageMiner-main/icdar2026-competition-data/train/atomic-layer-deposition/simulation-usecase/25/images/figure_6.jpg,a,multiple line chart,1
/Users/lingzhou/Resource/DataResource/ALD-E-ImageMiner-main/icdar2026-competition-data/train/atomic-layer-deposition/simulation-usecase/25/images/figure_1.jpg,a,reaction scheme,8
/Users/lingzhou/Resource/DataResource/ALD-E-ImageMiner-main/icdar2026-competition-data/train/atomic-layer-deposition/simulation-usecase/25/images/figure_1.jpg,b,reaction scheme,8
/Users/lingzhou/Resource/DataResource/ALD-E-ImageMiner-main/icdar2026-competition-data/train/atomic-layer-deposition/simulation-usecase/25/images/figure_1.jpg,c,reaction scheme,8
/Users/lingzhou/Resource/DataResource/ALD-E-ImageMiner-main/icdar2026-competition-data/train/atomic-layer-deposition/simulation-usecase/25/images/figure_1.jpg,d,reaction scheme,8
/Users/lingzhou/Resource/DataResource/ALD-E-ImageMiner-main/icdar2026-competition-data/train/atomic-layer-deposition/simulation-usecase/25/images/figure_1.jpg,e,reaction scheme,8
/Users/lingzhou/Resource/DataResource/ALD-E-ImageMiner-main/icdar2026-competition-data/train/atomic-layer-deposition/simulation-usecase/25/images/figure_1.jpg,f,reaction scheme,8
/Users/lingzhou/Resource/DataResource/ALD-E-ImageMiner-main/icdar2026-competition-data/train/atomic-layer-deposition/simulation-usecase/25/images/figure_1.jpg,g,reaction scheme,8
/Users/lingzhou/Resource/DataResource/ALD-E-ImageMiner-main/icdar2026-competition-data/train/atomic-layer-deposition/simulation-usecase/25/images/figure_1.jpg,h,reaction scheme,8
/Users/lingzhou/Resource/DataResource/ALD-E-ImageMiner-main/icdar2026-competition-data/train/atomic-layer-etching/experimental-usecase/32/images/figure_3.jpg,a,scatter plot,2
/Users/lingzhou/Resource/DataResource/ALD-E-ImageMiner-main/icdar2026-competition-data/train/atomic-layer-etching/experimental-usecase/32/images/figure_3.jpg,b,multiple scatter plot,2
/Users/lingzhou/Resource/DataResource/ALD-E-ImageMiner-main/icdar2026-competition-data/train/atomic-layer-etching/experimental-usecase/32/images/figure_2.jpg,a,multi-axis chart,1
/Users/lingzhou/Resource/DataResource/ALD-E-ImageMiner-main/icdar2026-competition-data/train/atomic-layer-etching/experimental-usecase/32/images/figure_5.jpg,a,multi-axis chart,1
/Users/lingzhou/Resource/DataResource/ALD-E-ImageMiner-main/icdar2026-competition-data/train/atomic-layer-etching/experimental-usecase/32/images/figure_4.jpg,a,scatter plot,2
/Users/lingzhou/Resource/DataResource/ALD-E-ImageMiner-main/icdar2026-competition-data/train/atomic-layer-etching/experimental-usecase/32/images/figure_4.jpg,b,multiple scatter plot,2
/Users/lingzhou/Resource/DataResource/ALD-E-ImageMiner-main/icdar2026-competition-data/train/atomic-layer-etching/experimental-usecase/32/images/figure_7.jpg,a,multi-axis chart,1
/Users/lingzhou/Resource/DataResource/ALD-E-ImageMiner-main/icdar2026-competition-data/train/atomic-layer-etching/experimental-usecase/32/images/figure_6.jpg,a,multi-axis chart,1
/Users/lingzhou/Resource/DataResource/ALD-E-ImageMiner-main/icdar2026-competition-data/train/atomic-layer-etching/experimental-usecase/32/images/figure_1.jpg,a,process timing diagram,2
/Users/lingzhou/Resource/DataResource/ALD-E-ImageMiner-main/icdar2026-competition-data/train/atomic-layer-etching/experimental-usecase/32/images/figure_1.jpg,b,apparatus diagram,2
/Users/lingzhou/Resource/DataResource/ALD-E-ImageMiner-main/icdar2026-competition-data/train/atomic-layer-etching/experimental-usecase/34/images/fig_1.jpg,a,scatter plot,1
/Users/lingzhou/Resource/DataResource/ALD-E-ImageMiner-main/icdar2026-competition-data/train/atomic-layer-etching/experimental-usecase/34/images/fig_7.jpg,a,multiple scatter plot,1
/Users/lingzhou/Resource/DataResource/ALD-E-ImageMiner-main/icdar2026-competition-data/train/atomic-layer-etching/experimental-usecase/34/images/fig_6.jpg,a,scatter plot,1
/Users/lingzhou/Resource/DataResource/ALD-E-ImageMiner-main/icdar2026-competition-data/train/atomic-layer-etching/experimental-usecase/34/images/fig_9.jpg,a,image panel,9
/Users/lingzhou/Resource/DataResource/ALD-E-ImageMiner-main/icdar2026-competition-data/train/atomic-layer-etching/experimental-usecase/34/images/fig_9.jpg,b,image panel,9
/Users/lingzhou/Resource/DataResource/ALD-E-ImageMiner-main/icdar2026-competition-data/train/atomic-layer-etching/experimental-usecase/34/images/fig_9.jpg,c,image panel,9
/Users/lingzhou/Resource/DataResource/ALD-E-ImageMiner-main/icdar2026-competition-data/train/atomic-layer-etching/experimental-usecase/34/images/fig_9.jpg,d,image panel,9
/Users/lingzhou/Resource/DataResource/ALD-E-ImageMiner-main/icdar2026-competition-data/train/atomic-layer-etching/experimental-usecase/34/images/fig_9.jpg,e,image panel,9
/Users/lingzhou/Resource/DataResource/ALD-E-ImageMiner-main/icdar2026-competition-data/train/atomic-layer-etching/experimental-usecase/34/images/fig_9.jpg,f,image panel,9
/Users/lingzhou/Resource/DataResource/ALD-E-ImageMiner-main/icdar2026-competition-data/train/atomic-layer-etching/experimental-usecase/34/images/fig_9.jpg,g,image panel,9
/Users/lingzhou/Resource/DataResource/ALD-E-ImageMiner-main/icdar2026-competition-data/train/atomic-layer-etching/experimental-usecase/34/images/fig_9.jpg,h,image panel,9
/Users/lingzhou/Resource/DataResource/ALD-E-ImageMiner-main/icdar2026-competition-data/train/atomic-layer-etching/experimental-usecase/34/images/fig_9.jpg,i,image panel,9
/Users/lingzhou/Resource/DataResource/ALD-E-ImageMiner-main/icdar2026-competition-data/train/atomic-layer-etching/experimental-usecase/34/images/fig_5.jpg,a,scatter plot,1
/Users/lingzhou/Resource/DataResource/ALD-E-ImageMiner-main/icdar2026-competition-data/train/atomic-layer-etching/experimental-usecase/34/images/fig_4.jpg,a,multi spectra chart,1
/Users/lingzhou/Resource/DataResource/ALD-E-ImageMiner-main/icdar2026-competition-data/train/atomic-layer-etching/experimental-usecase/34/images/fig_8.jpg,a,multi-axis chart,1
/Users/lingzhou/Resource/DataResource/ALD-E-ImageMiner-main/icdar2026-competition-data/train/atomic-layer-etching/experimental-usecase/34/images/fig_3.jpg,a,spectra chart,2
/Users/lingzhou/Resource/DataResource/ALD-E-ImageMiner-main/icdar2026-competition-data/train/atomic-layer-etching/experimental-usecase/34/images/fig_3.jpg,b,multi spectra chart,2
/Users/lingzhou/Resource/DataResource/ALD-E-ImageMiner-main/icdar2026-competition-data/train/atomic-layer-etching/experimental-usecase/34/images/fig_2.jpg,a,image panel,2
/Users/lingzhou/Resource/DataResource/ALD-E-ImageMiner-main/icdar2026-competition-data/train/atomic-layer-etching/experimental-usecase/34/images/fig_2.jpg,b,image panel,2
/Users/lingzhou/Resource/DataResource/ALD-E-ImageMiner-main/icdar2026-competition-data/train/atomic-layer-etching/experimental-usecase/34/images/fig10.jpg,a,image panel,4
/Users/lingzhou/Resource/DataResource/ALD-E-ImageMiner-main/icdar2026-competition-data/train/atomic-layer-etching/experimental-usecase/34/images/fig10.jpg,b,image panel,4
/Users/lingzhou/Resource/DataResource/ALD-E-ImageMiner-main/icdar2026-competition-data/train/atomic-layer-etching/experimental-usecase/34/images/fig10.jpg,c,image panel,4
/Users/lingzhou/Resource/DataResource/ALD-E-ImageMiner-main/icdar2026-competition-data/train/atomic-layer-etching/experimental-usecase/34/images/fig10.jpg,d,bar chart,4
/Users/lingzhou/Resource/DataResource/ALD-E-ImageMiner-main/icdar2026-competition-data/train/atomic-layer-etching/experimental-usecase/33/images/fig1.jpg,a,conceptual diagram,2
/Users/lingzhou/Resource/DataResource/ALD-E-ImageMiner-main/icdar2026-competition-data/train/atomic-layer-etching/experimental-usecase/33/images/fig1.jpg,b,conceptual diagram,2
/Users/lingzhou/Resource/DataResource/ALD-E-ImageMiner-main/icdar2026-competition-data/train/atomic-layer-etching/experimental-usecase/33/images/fig_7.jpg,a,multiple line chart,1
/Users/lingzhou/Resource/DataResource/ALD-E-ImageMiner-main/icdar2026-competition-data/train/atomic-layer-etching/experimental-usecase/33/images/fig_10.jpg,a,stacked spectra chart,1
/Users/lingzhou/Resource/DataResource/ALD-E-ImageMiner-main/icdar2026-competition-data/train/atomic-layer-etching/experimental-usecase/33/images/fig_11.jpg,a,conceptual diagram,1
/Users/lingzhou/Resource/DataResource/ALD-E-ImageMiner-main/icdar2026-competition-data/train/atomic-layer-etching/experimental-usecase/33/images/fig_6.jpg,a,scatter plot,1
/Users/lingzhou/Resource/DataResource/ALD-E-ImageMiner-main/icdar2026-competition-data/train/atomic-layer-etching/experimental-usecase/33/images/fig_9.jpg,a,stacked spectra chart,1
/Users/lingzhou/Resource/DataResource/ALD-E-ImageMiner-main/icdar2026-competition-data/train/atomic-layer-etching/experimental-usecase/33/images/fig_5.jpg,a,multi-axis chart,1
/Users/lingzhou/Resource/DataResource/ALD-E-ImageMiner-main/icdar2026-competition-data/train/atomic-layer-etching/experimental-usecase/33/images/fig_4.jpg,a,scatter plot,1
/Users/lingzhou/Resource/DataResource/ALD-E-ImageMiner-main/icdar2026-competition-data/train/atomic-layer-etching/experimental-usecase/33/images/fig_8.jpg,a,line chart,1
/Users/lingzhou/Resource/DataResource/ALD-E-ImageMiner-main/icdar2026-competition-data/train/atomic-layer-etching/experimental-usecase/33/images/fig_3.jpg,a,bar chart,1
/Users/lingzhou/Resource/DataResource/ALD-E-ImageMiner-main/icdar2026-competition-data/train/atomic-layer-etching/experimental-usecase/33/images/fig_2.jpg,a,apparatus diagram,1
/Users/lingzhou/Resource/DataResource/ALD-E-ImageMiner-main/icdar2026-competition-data/train/atomic-layer-etching/experimental-usecase/9/images/figure_3.jpg,a,image panel,6
/Users/lingzhou/Resource/DataResource/ALD-E-ImageMiner-main/icdar2026-competition-data/train/atomic-layer-etching/experimental-usecase/9/images/figure_3.jpg,b,image panel,6
/Users/lingzhou/Resource/DataResource/ALD-E-ImageMiner-main/icdar2026-competition-data/train/atomic-layer-etching/experimental-usecase/9/images/figure_3.jpg,c,image panel,6
/Users/lingzhou/Resource/DataResource/ALD-E-ImageMiner-main/icdar2026-competition-data/train/atomic-layer-etching/experimental-usecase/9/images/figure_3.jpg,d,image panel,6
/Users/lingzhou/Resource/DataResource/ALD-E-ImageMiner-main/icdar2026-competition-data/train/atomic-layer-etching/experimental-usecase/9/images/figure_3.jpg,e,line chart,6
/Users/lingzhou/Resource/DataResource/ALD-E-ImageMiner-main/icdar2026-competition-data/train/atomic-layer-etching/experimental-usecase/9/images/figure_3.jpg,f,image panel,6
/Users/lingzhou/Resource/DataResource/ALD-E-ImageMiner-main/icdar2026-competition-data/train/atomic-layer-etching/experimental-usecase/9/images/figure_2.jpg,a,image panel,4
/Users/lingzhou/Resource/DataResource/ALD-E-ImageMiner-main/icdar2026-competition-data/train/atomic-layer-etching/experimental-usecase/9/images/figure_2.jpg,b,image panel,4
/Users/lingzhou/Resource/DataResource/ALD-E-ImageMiner-main/icdar2026-competition-data/train/atomic-layer-etching/experimental-usecase/9/images/figure_2.jpg,c,multi spectra chart,4
/Users/lingzhou/Resource/DataResource/ALD-E-ImageMiner-main/icdar2026-competition-data/train/atomic-layer-etching/experimental-usecase/9/images/figure_2.jpg,d,multiple scatter plot,4
/Users/lingzhou/Resource/DataResource/ALD-E-ImageMiner-main/icdar2026-competition-data/train/atomic-layer-etching/experimental-usecase/9/images/figure_5.jpg,a,device structure diagram,6
/Users/lingzhou/Resource/DataResource/ALD-E-ImageMiner-main/icdar2026-competition-data/train/atomic-layer-etching/experimental-usecase/9/images/figure_5.jpg,b,device structure diagram,6
/Users/lingzhou/Resource/DataResource/ALD-E-ImageMiner-main/icdar2026-competition-data/train/atomic-layer-etching/experimental-usecase/9/images/figure_5.jpg,c,image panel,6
/Users/lingzhou/Resource/DataResource/ALD-E-ImageMiner-main/icdar2026-competition-data/train/atomic-layer-etching/experimental-usecase/9/images/figure_5.jpg,d,multiple line chart,6
/Users/lingzhou/Resource/DataResource/ALD-E-ImageMiner-main/icdar2026-competition-data/train/atomic-layer-etching/experimental-usecase/9/images/figure_5.jpg,e,multi-axis chart,6
/Users/lingzhou/Resource/DataResource/ALD-E-ImageMiner-main/icdar2026-competition-data/train/atomic-layer-etching/experimental-usecase/9/images/figure_5.jpg,f,multiple scatter plot,6
/Users/lingzhou/Resource/DataResource/ALD-E-ImageMiner-main/icdar2026-competition-data/train/atomic-layer-etching/experimental-usecase/9/images/figure_4.jpg,a,process flow diagram,12
/Users/lingzhou/Resource/DataResource/ALD-E-ImageMiner-main/icdar2026-competition-data/train/atomic-layer-etching/experimental-usecase/9/images/figure_4.jpg,b,image panel,12
/Users/lingzhou/Resource/DataResource/ALD-E-ImageMiner-main/icdar2026-competition-data/train/atomic-layer-etching/experimental-usecase/9/images/figure_4.jpg,c,image panel,12
/Users/lingzhou/Resource/DataResource/ALD-E-ImageMiner-main/icdar2026-competition-data/train/atomic-layer-etching/experimental-usecase/9/images/figure_4.jpg,d,image panel,12
/Users/lingzhou/Resource/DataResource/ALD-E-ImageMiner-main/icdar2026-competition-data/train/atomic-layer-etching/experimental-usecase/9/images/figure_4.jpg,e,image panel,12
/Users/lingzhou/Resource/DataResource/ALD-E-ImageMiner-main/icdar2026-competition-data/train/atomic-layer-etching/experimental-usecase/9/images/figure_4.jpg,f,image panel,12
/Users/lingzhou/Resource/DataResource/ALD-E-ImageMiner-main/icdar2026-competition-data/train/atomic-layer-etching/experimental-usecase/9/images/figure_4.jpg,g,image panel,12
/Users/lingzhou/Resource/DataResource/ALD-E-ImageMiner-main/icdar2026-competition-data/train/atomic-layer-etching/experimental-usecase/9/images/figure_4.jpg,h,image panel,12
/Users/lingzhou/Resource/DataResource/ALD-E-ImageMiner-main/icdar2026-competition-data/train/atomic-layer-etching/experimental-usecase/9/images/figure_4.jpg,i,image panel,12
/Users/lingzhou/Resource/DataResource/ALD-E-ImageMiner-main/icdar2026-competition-data/train/atomic-layer-etching/experimental-usecase/9/images/figure_4.jpg,j,image panel,12
/Users/lingzhou/Resource/DataResource/ALD-E-ImageMiner-main/icdar2026-competition-data/train/atomic-layer-etching/experimental-usecase/9/images/figure_4.jpg,k,image panel,12
/Users/lingzhou/Resource/DataResource/ALD-E-ImageMiner-main/icdar2026-competition-data/train/atomic-layer-etching/experimental-usecase/9/images/figure_4.jpg,l,image panel,12
/Users/lingzhou/Resource/DataResource/ALD-E-ImageMiner-main/icdar2026-competition-data/train/atomic-layer-etching/experimental-usecase/9/images/figure_1.jpg,a,multi spectra chart,4
/Users/lingzhou/Resource/DataResource/ALD-E-ImageMiner-main/icdar2026-competition-data/train/atomic-layer-etching/experimental-usecase/9/images/figure_1.jpg,b,multi spectra chart,4
/Users/lingzhou/Resource/DataResource/ALD-E-ImageMiner-main/icdar2026-competition-data/train/atomic-layer-etching/experimental-usecase/9/images/figure_1.jpg,c,multi spectra chart,4
/Users/lingzhou/Resource/DataResource/ALD-E-ImageMiner-main/icdar2026-competition-data/train/atomic-layer-etching/experimental-usecase/9/images/figure_1.jpg,d,reaction scheme,4
/Users/lingzhou/Resource/DataResource/ALD-E-ImageMiner-main/icdar2026-competition-data/train/atomic-layer-etching/experimental-usecase/11/images/figure_3.jpg,a,scatter plot,2
/Users/lingzhou/Resource/DataResource/ALD-E-ImageMiner-main/icdar2026-competition-data/train/atomic-layer-etching/experimental-usecase/11/images/figure_3.jpg,b,scatter plot,2
/Users/lingzhou/Resource/DataResource/ALD-E-ImageMiner-main/icdar2026-competition-data/train/atomic-layer-etching/experimental-usecase/11/images/figure_2.jpg,a,scatter plot,3
/Users/lingzhou/Resource/DataResource/ALD-E-ImageMiner-main/icdar2026-competition-data/train/atomic-layer-etching/experimental-usecase/11/images/figure_2.jpg,b,scatter plot,3
/Users/lingzhou/Resource/DataResource/ALD-E-ImageMiner-main/icdar2026-competition-data/train/atomic-layer-etching/experimental-usecase/11/images/figure_2.jpg,c,scatter plot,3
/Users/lingzhou/Resource/DataResource/ALD-E-ImageMiner-main/icdar2026-competition-data/train/atomic-layer-etching/experimental-usecase/11/images/figure_5.jpg,a,image panel,4
/Users/lingzhou/Resource/DataResource/ALD-E-ImageMiner-main/icdar2026-competition-data/train/atomic-layer-etching/experimental-usecase/11/images/figure_5.jpg,b,image panel,4
/Users/lingzhou/Resource/DataResource/ALD-E-ImageMiner-main/icdar2026-competition-data/train/atomic-layer-etching/experimental-usecase/11/images/figure_5.jpg,c,multiple scatter plot,4
/Users/lingzhou/Resource/DataResource/ALD-E-ImageMiner-main/icdar2026-competition-data/train/atomic-layer-etching/experimental-usecase/11/images/figure_5.jpg,d,image panel,4
/Users/lingzhou/Resource/DataResource/ALD-E-ImageMiner-main/icdar2026-competition-data/train/atomic-layer-etching/experimental-usecase/11/images/91ed15720c14d19c8e5203b7deeae70f372025882dbfcb676c5ac98e8cf273da.jpg,a,conceptual diagram,2
/Users/lingzhou/Resource/DataResource/ALD-E-ImageMiner-main/icdar2026-competition-data/train/atomic-layer-etching/experimental-usecase/11/images/91ed15720c14d19c8e5203b7deeae70f372025882dbfcb676c5ac98e8cf273da.jpg,b,image panel,2
/Users/lingzhou/Resource/DataResource/ALD-E-ImageMiner-main/icdar2026-competition-data/train/atomic-layer-etching/experimental-usecase/11/images/figure_4.jpg,a,multiple line chart,1
/Users/lingzhou/Resource/DataResource/ALD-E-ImageMiner-main/icdar2026-competition-data/train/atomic-layer-etching/experimental-usecase/11/images/figure_7.jpg,a,reaction scheme,1
/Users/lingzhou/Resource/DataResource/ALD-E-ImageMiner-main/icdar2026-competition-data/train/atomic-layer-etching/experimental-usecase/11/images/figure_6.jpg,a,stacked spectra chart,3
/Users/lingzhou/Resource/DataResource/ALD-E-ImageMiner-main/icdar2026-competition-data/train/atomic-layer-etching/experimental-usecase/11/images/figure_6.jpg,b,stacked spectra chart,3
/Users/lingzhou/Resource/DataResource/ALD-E-ImageMiner-main/icdar2026-competition-data/train/atomic-layer-etching/experimental-usecase/11/images/figure_6.jpg,c,spectra chart,3
/Users/lingzhou/Resource/DataResource/ALD-E-ImageMiner-main/icdar2026-competition-data/train/atomic-layer-etching/experimental-usecase/11/images/figure_1.jpg,a,conceptual diagram,6
/Users/lingzhou/Resource/DataResource/ALD-E-ImageMiner-main/icdar2026-competition-data/train/atomic-layer-etching/experimental-usecase/11/images/figure_1.jpg,b,conceptual diagram,6
/Users/lingzhou/Resource/DataResource/ALD-E-ImageMiner-main/icdar2026-competition-data/train/atomic-layer-etching/experimental-usecase/11/images/figure_1.jpg,c,conceptual diagram,6
/Users/lingzhou/Resource/DataResource/ALD-E-ImageMiner-main/icdar2026-competition-data/train/atomic-layer-etching/experimental-usecase/11/images/figure_1.jpg,d,conceptual diagram,6
/Users/lingzhou/Resource/DataResource/ALD-E-ImageMiner-main/icdar2026-competition-data/train/atomic-layer-etching/experimental-usecase/11/images/figure_1.jpg,e,conceptual diagram,6
/Users/lingzhou/Resource/DataResource/ALD-E-ImageMiner-main/icdar2026-competition-data/train/atomic-layer-etching/experimental-usecase/11/images/figure_1.jpg,f,conceptual diagram,6
/Users/lingzhou/Resource/DataResource/ALD-E-ImageMiner-main/icdar2026-competition-data/train/atomic-layer-etching/experimental-usecase/7/images/figure_3.jpg,a,process flow diagram,3
/Users/lingzhou/Resource/DataResource/ALD-E-ImageMiner-main/icdar2026-competition-data/train/atomic-layer-etching/experimental-usecase/7/images/figure_3.jpg,b,process flow diagram,3
/Users/lingzhou/Resource/DataResource/ALD-E-ImageMiner-main/icdar2026-competition-data/train/atomic-layer-etching/experimental-usecase/7/images/figure_3.jpg,c,conceptual diagram,3
/Users/lingzhou/Resource/DataResource/ALD-E-ImageMiner-main/icdar2026-competition-data/train/atomic-layer-etching/experimental-usecase/7/images/figure_2.jpg,a,process flow diagram,3
/Users/lingzhou/Resource/DataResource/ALD-E-ImageMiner-main/icdar2026-competition-data/train/atomic-layer-etching/experimental-usecase/7/images/figure_2.jpg,b,multiple scatter plot,3
/Users/lingzhou/Resource/DataResource/ALD-E-ImageMiner-main/icdar2026-competition-data/train/atomic-layer-etching/experimental-usecase/7/images/figure_2.jpg,c,unknown,3
/Users/lingzhou/Resource/DataResource/ALD-E-ImageMiner-main/icdar2026-competition-data/train/atomic-layer-etching/experimental-usecase/7/images/figure_5.jpg,a,conceptual diagram,6
/Users/lingzhou/Resource/DataResource/ALD-E-ImageMiner-main/icdar2026-competition-data/train/atomic-layer-etching/experimental-usecase/7/images/figure_5.jpg,b,conceptual diagram,6
/Users/lingzhou/Resource/DataResource/ALD-E-ImageMiner-main/icdar2026-competition-data/train/atomic-layer-etching/experimental-usecase/7/images/figure_5.jpg,c,conceptual diagram,6
/Users/lingzhou/Resource/DataResource/ALD-E-ImageMiner-main/icdar2026-competition-data/train/atomic-layer-etching/experimental-usecase/7/images/figure_5.jpg,d,conceptual diagram,6
/Users/lingzhou/Resource/DataResource/ALD-E-ImageMiner-main/icdar2026-competition-data/train/atomic-layer-etching/experimental-usecase/7/images/figure_5.jpg,e,conceptual diagram,6
/Users/lingzhou/Resource/DataResource/ALD-E-ImageMiner-main/icdar2026-competition-data/train/atomic-layer-etching/experimental-usecase/7/images/figure_5.jpg,f,conceptual diagram,6
/Users/lingzhou/Resource/DataResource/ALD-E-ImageMiner-main/icdar2026-competition-data/train/atomic-layer-etching/experimental-usecase/7/images/figure_4.jpg,a,conceptual diagram,2
/Users/lingzhou/Resource/DataResource/ALD-E-ImageMiner-main/icdar2026-competition-data/train/atomic-layer-etching/experimental-usecase/7/images/figure_4.jpg,b,conceptual diagram,2
/Users/lingzhou/Resource/DataResource/ALD-E-ImageMiner-main/icdar2026-competition-data/train/atomic-layer-etching/experimental-usecase/7/images/figure_6.jpg,a,conceptual diagram,5
/Users/lingzhou/Resource/DataResource/ALD-E-ImageMiner-main/icdar2026-competition-data/train/atomic-layer-etching/experimental-usecase/7/images/figure_6.jpg,b,conceptual diagram,5
/Users/lingzhou/Resource/DataResource/ALD-E-ImageMiner-main/icdar2026-competition-data/train/atomic-layer-etching/experimental-usecase/7/images/figure_6.jpg,c,conceptual diagram,5
/Users/lingzhou/Resource/DataResource/ALD-E-ImageMiner-main/icdar2026-competition-data/train/atomic-layer-etching/experimental-usecase/7/images/figure_6.jpg,d,phase diagram,5
/Users/lingzhou/Resource/DataResource/ALD-E-ImageMiner-main/icdar2026-competition-data/train/atomic-layer-etching/experimental-usecase/7/images/figure_6.jpg,e,conceptual diagram,5
/Users/lingzhou/Resource/DataResource/ALD-E-ImageMiner-main/icdar2026-competition-data/train/atomic-layer-etching/experimental-usecase/7/images/figure_1.jpg,a,conceptual diagram,3
/Users/lingzhou/Resource/DataResource/ALD-E-ImageMiner-main/icdar2026-competition-data/train/atomic-layer-etching/experimental-usecase/7/images/figure_1.jpg,b,conceptual diagram,3
/Users/lingzhou/Resource/DataResource/ALD-E-ImageMiner-main/icdar2026-competition-data/train/atomic-layer-etching/experimental-usecase/7/images/figure_1.jpg,c,conceptual diagram,3
/Users/lingzhou/Resource/DataResource/ALD-E-ImageMiner-main/icdar2026-competition-data/train/atomic-layer-etching/experimental-usecase/7/images/62d1dd2fa406668b8eddd3c6316f3a8af1a41885fe6affb8d6b685b0bcdeb813.jpg,a,apparatus diagram,1
/Users/lingzhou/Resource/DataResource/ALD-E-ImageMiner-main/icdar2026-competition-data/train/atomic-layer-etching/experimental-usecase/29/images/fig_1.jpg,a,line chart,1
/Users/lingzhou/Resource/DataResource/ALD-E-ImageMiner-main/icdar2026-competition-data/train/atomic-layer-etching/experimental-usecase/29/images/fig_7.jpg,a,multiple line chart,1
/Users/lingzhou/Resource/DataResource/ALD-E-ImageMiner-main/icdar2026-competition-data/train/atomic-layer-etching/experimental-usecase/29/images/fig_6.jpg,a,conceptual diagram,3
/Users/lingzhou/Resource/DataResource/ALD-E-ImageMiner-main/icdar2026-competition-data/train/atomic-layer-etching/experimental-usecase/29/images/fig_6.jpg,b,bar chart,3
/Users/lingzhou/Resource/DataResource/ALD-E-ImageMiner-main/icdar2026-competition-data/train/atomic-layer-etching/experimental-usecase/29/images/fig_6.jpg,c,bar chart,3
/Users/lingzhou/Resource/DataResource/ALD-E-ImageMiner-main/icdar2026-competition-data/train/atomic-layer-etching/experimental-usecase/29/images/fig_5.jpg,a,spectra chart,1
/Users/lingzhou/Resource/DataResource/ALD-E-ImageMiner-main/icdar2026-competition-data/train/atomic-layer-etching/experimental-usecase/29/images/fig_4.jpg,a,multi spectra chart,2
/Users/lingzhou/Resource/DataResource/ALD-E-ImageMiner-main/icdar2026-competition-data/train/atomic-layer-etching/experimental-usecase/29/images/fig_4.jpg,b,multi spectra chart,2
/Users/lingzhou/Resource/DataResource/ALD-E-ImageMiner-main/icdar2026-competition-data/train/atomic-layer-etching/experimental-usecase/29/images/fig_8.jpg,a,process timing diagram,1
/Users/lingzhou/Resource/DataResource/ALD-E-ImageMiner-main/icdar2026-competition-data/train/atomic-layer-etching/experimental-usecase/29/images/fig_3.jpg,a,multiple scatter plot,1
/Users/lingzhou/Resource/DataResource/ALD-E-ImageMiner-main/icdar2026-competition-data/train/atomic-layer-etching/experimental-usecase/29/images/fig_2.jpg,a,scatter plot,1
/Users/lingzhou/Resource/DataResource/ALD-E-ImageMiner-main/icdar2026-competition-data/train/atomic-layer-etching/experimental-usecase/16/images/fig1.jpg,a,process timing diagram,2
/Users/lingzhou/Resource/DataResource/ALD-E-ImageMiner-main/icdar2026-competition-data/train/atomic-layer-etching/experimental-usecase/16/images/fig1.jpg,b,conceptual diagram,2
/Users/lingzhou/Resource/DataResource/ALD-E-ImageMiner-main/icdar2026-competition-data/train/atomic-layer-etching/experimental-usecase/16/images/fig_7.jpg,a,polar chart (rose chart),1
/Users/lingzhou/Resource/DataResource/ALD-E-ImageMiner-main/icdar2026-competition-data/train/atomic-layer-etching/experimental-usecase/16/images/fig_6.jpg,a,multiple line chart,1
/Users/lingzhou/Resource/DataResource/ALD-E-ImageMiner-main/icdar2026-competition-data/train/atomic-layer-etching/experimental-usecase/16/images/fig_5.jpg,a,multiple line chart,1
/Users/lingzhou/Resource/DataResource/ALD-E-ImageMiner-main/icdar2026-competition-data/train/atomic-layer-etching/experimental-usecase/16/images/fig_4.jpg,a,multiple line chart,2
/Users/lingzhou/Resource/DataResource/ALD-E-ImageMiner-main/icdar2026-competition-data/train/atomic-layer-etching/experimental-usecase/16/images/fig_4.jpg,b,multiple line chart,2
/Users/lingzhou/Resource/DataResource/ALD-E-ImageMiner-main/icdar2026-competition-data/train/atomic-layer-etching/experimental-usecase/16/images/fig_3.jpg,a,multi spectra chart,2
/Users/lingzhou/Resource/DataResource/ALD-E-ImageMiner-main/icdar2026-competition-data/train/atomic-layer-etching/experimental-usecase/16/images/fig_3.jpg,b,multi spectra chart,2
/Users/lingzhou/Resource/DataResource/ALD-E-ImageMiner-main/icdar2026-competition-data/train/atomic-layer-etching/experimental-usecase/16/images/fig_2.jpg,a,multiple line chart,2
/Users/lingzhou/Resource/DataResource/ALD-E-ImageMiner-main/icdar2026-competition-data/train/atomic-layer-etching/experimental-usecase/16/images/fig_2.jpg,b,multiple line chart,2
/Users/lingzhou/Resource/DataResource/ALD-E-ImageMiner-main/icdar2026-competition-data/train/atomic-layer-etching/experimental-usecase/42/images/figure_3.jpg,a,multiple scatter plot,2
/Users/lingzhou/Resource/DataResource/ALD-E-ImageMiner-main/icdar2026-competition-data/train/atomic-layer-etching/experimental-usecase/42/images/figure_3.jpg,b,multiple scatter plot,2
/Users/lingzhou/Resource/DataResource/ALD-E-ImageMiner-main/icdar2026-competition-data/train/atomic-layer-etching/experimental-usecase/42/images/figure_2.jpg,a,multiple scatter plot,2
/Users/lingzhou/Resource/DataResource/ALD-E-ImageMiner-main/icdar2026-competition-data/train/atomic-layer-etching/experimental-usecase/42/images/figure_2.jpg,b,multiple scatter plot,2
/Users/lingzhou/Resource/DataResource/ALD-E-ImageMiner-main/icdar2026-competition-data/train/atomic-layer-etching/experimental-usecase/42/images/figure_5.jpg,a,multiple scatter plot,2
/Users/lingzhou/Resource/DataResource/ALD-E-ImageMiner-main/icdar2026-competition-data/train/atomic-layer-etching/experimental-usecase/42/images/figure_5.jpg,b,multiple scatter plot,2
/Users/lingzhou/Resource/DataResource/ALD-E-ImageMiner-main/icdar2026-competition-data/train/atomic-layer-etching/experimental-usecase/42/images/figure_9.jpg,a,multiple line chart,1
/Users/lingzhou/Resource/DataResource/ALD-E-ImageMiner-main/icdar2026-competition-data/train/atomic-layer-etching/experimental-usecase/42/images/figure_10.jpg,a,multiple line chart,1
/Users/lingzhou/Resource/DataResource/ALD-E-ImageMiner-main/icdar2026-competition-data/train/atomic-layer-etching/experimental-usecase/42/images/figure_8.jpg,a,multiple scatter plot,1
/Users/lingzhou/Resource/DataResource/ALD-E-ImageMiner-main/icdar2026-competition-data/train/atomic-layer-etching/experimental-usecase/42/images/figure_4.jpg,a,multiple scatter plot,2
/Users/lingzhou/Resource/DataResource/ALD-E-ImageMiner-main/icdar2026-competition-data/train/atomic-layer-etching/experimental-usecase/42/images/figure_4.jpg,b,multiple scatter plot,2
/Users/lingzhou/Resource/DataResource/ALD-E-ImageMiner-main/icdar2026-competition-data/train/atomic-layer-etching/experimental-usecase/42/images/figure_7.jpg,a,molecular structure diagram,4
/Users/lingzhou/Resource/DataResource/ALD-E-ImageMiner-main/icdar2026-competition-data/train/atomic-layer-etching/experimental-usecase/42/images/figure_7.jpg,b,molecular structure diagram,4
/Users/lingzhou/Resource/DataResource/ALD-E-ImageMiner-main/icdar2026-competition-data/train/atomic-layer-etching/experimental-usecase/42/images/figure_7.jpg,c,molecular structure diagram,4
/Users/lingzhou/Resource/DataResource/ALD-E-ImageMiner-main/icdar2026-competition-data/train/atomic-layer-etching/experimental-usecase/42/images/figure_7.jpg,d,molecular structure diagram,4
/Users/lingzhou/Resource/DataResource/ALD-E-ImageMiner-main/icdar2026-competition-data/train/atomic-layer-etching/experimental-usecase/42/images/figure_6.jpg,a,multiple scatter plot,2
/Users/lingzhou/Resource/DataResource/ALD-E-ImageMiner-main/icdar2026-competition-data/train/atomic-layer-etching/experimental-usecase/42/images/figure_6.jpg,b,multiple scatter plot,2
/Users/lingzhou/Resource/DataResource/ALD-E-ImageMiner-main/icdar2026-competition-data/train/atomic-layer-etching/experimental-usecase/42/images/figure_1.jpg,a,reaction scheme,2
/Users/lingzhou/Resource/DataResource/ALD-E-ImageMiner-main/icdar2026-competition-data/train/atomic-layer-etching/experimental-usecase/42/images/figure_1.jpg,b,reaction scheme,2
/Users/lingzhou/Resource/DataResource/ALD-E-ImageMiner-main/icdar2026-competition-data/train/atomic-layer-etching/experimental-usecase/45/images/figure_3.jpg,a,multiple scatter plot,1
/Users/lingzhou/Resource/DataResource/ALD-E-ImageMiner-main/icdar2026-competition-data/train/atomic-layer-etching/experimental-usecase/45/images/figure_2.jpg,a,multiple line chart,1
/Users/lingzhou/Resource/DataResource/ALD-E-ImageMiner-main/icdar2026-competition-data/train/atomic-layer-etching/experimental-usecase/45/images/figure_5.jpg,a,multiple scatter plot,1
/Users/lingzhou/Resource/DataResource/ALD-E-ImageMiner-main/icdar2026-competition-data/train/atomic-layer-etching/experimental-usecase/45/images/figure_9.jpg,a,apparatus diagram,2
/Users/lingzhou/Resource/DataResource/ALD-E-ImageMiner-main/icdar2026-competition-data/train/atomic-layer-etching/experimental-usecase/45/images/figure_9.jpg,b,multiple line chart,2
/Users/lingzhou/Resource/DataResource/ALD-E-ImageMiner-main/icdar2026-competition-data/train/atomic-layer-etching/experimental-usecase/45/images/figure_10.jpg,a,multiple scatter plot,1
/Users/lingzhou/Resource/DataResource/ALD-E-ImageMiner-main/icdar2026-competition-data/train/atomic-layer-etching/experimental-usecase/45/images/figure_11.jpg,a,multi spectra chart,1
/Users/lingzhou/Resource/DataResource/ALD-E-ImageMiner-main/icdar2026-competition-data/train/atomic-layer-etching/experimental-usecase/45/images/figure_8.jpg,a,apparatus diagram,2
/Users/lingzhou/Resource/DataResource/ALD-E-ImageMiner-main/icdar2026-competition-data/train/atomic-layer-etching/experimental-usecase/45/images/figure_8.jpg,b,multiple line chart,2
/Users/lingzhou/Resource/DataResource/ALD-E-ImageMiner-main/icdar2026-competition-data/train/atomic-layer-etching/experimental-usecase/45/images/figure_4.jpg,a,scatter plot,2
/Users/lingzhou/Resource/DataResource/ALD-E-ImageMiner-main/icdar2026-competition-data/train/atomic-layer-etching/experimental-usecase/45/images/figure_4.jpg,b,scatter plot,2
/Users/lingzhou/Resource/DataResource/ALD-E-ImageMiner-main/icdar2026-competition-data/train/atomic-layer-etching/experimental-usecase/45/images/figure_7.jpg,a,line chart,1
/Users/lingzhou/Resource/DataResource/ALD-E-ImageMiner-main/icdar2026-competition-data/train/atomic-layer-etching/experimental-usecase/45/images/figure_6.jpg,a,multi spectra chart,1
/Users/lingzhou/Resource/DataResource/ALD-E-ImageMiner-main/icdar2026-competition-data/train/atomic-layer-etching/experimental-usecase/45/images/figure_1.jpg,a,reaction scheme,2
/Users/lingzhou/Resource/DataResource/ALD-E-ImageMiner-main/icdar2026-competition-data/train/atomic-layer-etching/experimental-usecase/45/images/figure_1.jpg,b,reaction scheme,2
/Users/lingzhou/Resource/DataResource/ALD-E-ImageMiner-main/icdar2026-competition-data/train/atomic-layer-etching/experimental-usecase/28/images/fig1.jpg,a,apparatus diagram,2
/Users/lingzhou/Resource/DataResource/ALD-E-ImageMiner-main/icdar2026-competition-data/train/atomic-layer-etching/experimental-usecase/28/images/fig1.jpg,b,process timing diagram,2
/Users/lingzhou/Resource/DataResource/ALD-E-ImageMiner-main/icdar2026-competition-data/train/atomic-layer-etching/experimental-usecase/28/images/fig_6.jpg,a,unknown,2
/Users/lingzhou/Resource/DataResource/ALD-E-ImageMiner-main/icdar2026-competition-data/train/atomic-layer-etching/experimental-usecase/28/images/fig_6.jpg,b,scatter plot,2
/Users/lingzhou/Resource/DataResource/ALD-E-ImageMiner-main/icdar2026-competition-data/train/atomic-layer-etching/experimental-usecase/28/images/fig_5.jpg,a,multiple line chart,2
/Users/lingzhou/Resource/DataResource/ALD-E-ImageMiner-main/icdar2026-competition-data/train/atomic-layer-etching/experimental-usecase/28/images/fig_5.jpg,b,multiple line chart,2
/Users/lingzhou/Resource/DataResource/ALD-E-ImageMiner-main/icdar2026-competition-data/train/atomic-layer-etching/experimental-usecase/28/images/fig_4.jpg,a,multiple line chart,3
/Users/lingzhou/Resource/DataResource/ALD-E-ImageMiner-main/icdar2026-competition-data/train/atomic-layer-etching/experimental-usecase/28/images/fig_4.jpg,b,line chart,3
/Users/lingzhou/Resource/DataResource/ALD-E-ImageMiner-main/icdar2026-competition-data/train/atomic-layer-etching/experimental-usecase/28/images/fig_4.jpg,c,multi spectra chart,3
/Users/lingzhou/Resource/DataResource/ALD-E-ImageMiner-main/icdar2026-competition-data/train/atomic-layer-etching/experimental-usecase/28/images/fig2.jpg,a,multiple line chart,3
/Users/lingzhou/Resource/DataResource/ALD-E-ImageMiner-main/icdar2026-competition-data/train/atomic-layer-etching/experimental-usecase/28/images/fig2.jpg,b,multi spectra chart,3
/Users/lingzhou/Resource/DataResource/ALD-E-ImageMiner-main/icdar2026-competition-data/train/atomic-layer-etching/experimental-usecase/28/images/fig2.jpg,c,multiple line chart,3
/Users/lingzhou/Resource/DataResource/ALD-E-ImageMiner-main/icdar2026-competition-data/train/atomic-layer-etching/experimental-usecase/28/images/fig_3.jpg,a,stacked spectra chart,2
/Users/lingzhou/Resource/DataResource/ALD-E-ImageMiner-main/icdar2026-competition-data/train/atomic-layer-etching/experimental-usecase/28/images/fig_3.jpg,b,multiple line chart,2
/Users/lingzhou/Resource/DataResource/ALD-E-ImageMiner-main/icdar2026-competition-data/train/atomic-layer-etching/experimental-usecase/17/images/figure_3.jpg,a,reaction scheme,1
/Users/lingzhou/Resource/DataResource/ALD-E-ImageMiner-main/icdar2026-competition-data/train/atomic-layer-etching/experimental-usecase/17/images/figure_2.jpg,a,line chart,1
/Users/lingzhou/Resource/DataResource/ALD-E-ImageMiner-main/icdar2026-competition-data/train/atomic-layer-etching/experimental-usecase/17/images/figure_5.jpg,a,line chart,1
/Users/lingzhou/Resource/DataResource/ALD-E-ImageMiner-main/icdar2026-competition-data/train/atomic-layer-etching/experimental-usecase/17/images/figure_9.jpg,a,spectra chart,1
/Users/lingzhou/Resource/DataResource/ALD-E-ImageMiner-main/icdar2026-competition-data/train/atomic-layer-etching/experimental-usecase/17/images/figure_10.jpg,a,multi spectra chart,1
/Users/lingzhou/Resource/DataResource/ALD-E-ImageMiner-main/icdar2026-competition-data/train/atomic-layer-etching/experimental-usecase/17/images/figure_11.jpg,a,line chart,1
/Users/lingzhou/Resource/DataResource/ALD-E-ImageMiner-main/icdar2026-competition-data/train/atomic-layer-etching/experimental-usecase/17/images/figure_8.jpg,a,line chart,1
/Users/lingzhou/Resource/DataResource/ALD-E-ImageMiner-main/icdar2026-competition-data/train/atomic-layer-etching/experimental-usecase/17/images/figure_4.jpg,a,scatter plot,2
/Users/lingzhou/Resource/DataResource/ALD-E-ImageMiner-main/icdar2026-competition-data/train/atomic-layer-etching/experimental-usecase/17/images/figure_4.jpg,b,scatter plot,2
/Users/lingzhou/Resource/DataResource/ALD-E-ImageMiner-main/icdar2026-competition-data/train/atomic-layer-etching/experimental-usecase/17/images/figure_7.jpg,a,multiple scatter plot,1
/Users/lingzhou/Resource/DataResource/ALD-E-ImageMiner-main/icdar2026-competition-data/train/atomic-layer-etching/experimental-usecase/17/images/figure_12.jpg,a,line chart,1
/Users/lingzhou/Resource/DataResource/ALD-E-ImageMiner-main/icdar2026-competition-data/train/atomic-layer-etching/experimental-usecase/17/images/figure_13.jpg,a,line chart,1
/Users/lingzhou/Resource/DataResource/ALD-E-ImageMiner-main/icdar2026-competition-data/train/atomic-layer-etching/experimental-usecase/17/images/figure_6.jpg,a,spectra chart,2
/Users/lingzhou/Resource/DataResource/ALD-E-ImageMiner-main/icdar2026-competition-data/train/atomic-layer-etching/experimental-usecase/17/images/figure_6.jpg,b,spectra chart,2
/Users/lingzhou/Resource/DataResource/ALD-E-ImageMiner-main/icdar2026-competition-data/train/atomic-layer-etching/experimental-usecase/17/images/figure_14.jpg,a,line chart,1
/Users/lingzhou/Resource/DataResource/ALD-E-ImageMiner-main/icdar2026-competition-data/train/atomic-layer-etching/experimental-usecase/17/images/c977c5711d13e45cab06a422cd2d459960c00f7c1f1d24a56b371576d108c11d.jpg,a,reaction scheme,1
/Users/lingzhou/Resource/DataResource/ALD-E-ImageMiner-main/icdar2026-competition-data/train/atomic-layer-etching/experimental-usecase/17/images/figure_15.jpg,a,multi spectra chart,2
/Users/lingzhou/Resource/DataResource/ALD-E-ImageMiner-main/icdar2026-competition-data/train/atomic-layer-etching/experimental-usecase/17/images/figure_15.jpg,b,multi spectra chart,2
/Users/lingzhou/Resource/DataResource/ALD-E-ImageMiner-main/icdar2026-competition-data/train/atomic-layer-etching/experimental-usecase/26/images/fig_1.jpg,a,conceptual diagram,2
/Users/lingzhou/Resource/DataResource/ALD-E-ImageMiner-main/icdar2026-competition-data/train/atomic-layer-etching/experimental-usecase/26/images/fig_1.jpg,b,conceptual diagram,2
/Users/lingzhou/Resource/DataResource/ALD-E-ImageMiner-main/icdar2026-competition-data/train/atomic-layer-etching/experimental-usecase/26/images/fig4.jpg,a,multi spectra chart,6
/Users/lingzhou/Resource/DataResource/ALD-E-ImageMiner-main/icdar2026-competition-data/train/atomic-layer-etching/experimental-usecase/26/images/fig4.jpg,b,box plot,6
/Users/lingzhou/Resource/DataResource/ALD-E-ImageMiner-main/icdar2026-competition-data/train/atomic-layer-etching/experimental-usecase/26/images/fig4.jpg,c,multiple line chart,6
/Users/lingzhou/Resource/DataResource/ALD-E-ImageMiner-main/icdar2026-competition-data/train/atomic-layer-etching/experimental-usecase/26/images/fig4.jpg,d,bar chart,6
/Users/lingzhou/Resource/DataResource/ALD-E-ImageMiner-main/icdar2026-competition-data/train/atomic-layer-etching/experimental-usecase/26/images/fig4.jpg,e,multiple line chart,6
/Users/lingzhou/Resource/DataResource/ALD-E-ImageMiner-main/icdar2026-competition-data/train/atomic-layer-etching/experimental-usecase/26/images/fig4.jpg,f,multiple line chart,6
/Users/lingzhou/Resource/DataResource/ALD-E-ImageMiner-main/icdar2026-competition-data/train/atomic-layer-etching/experimental-usecase/26/images/fig5.jpg,a,process timing diagram,2
/Users/lingzhou/Resource/DataResource/ALD-E-ImageMiner-main/icdar2026-competition-data/train/atomic-layer-etching/experimental-usecase/26/images/fig5.jpg,b,multiple line chart,2
/Users/lingzhou/Resource/DataResource/ALD-E-ImageMiner-main/icdar2026-competition-data/train/atomic-layer-etching/experimental-usecase/26/images/fig_3.jpg,a,line chart,5
/Users/lingzhou/Resource/DataResource/ALD-E-ImageMiner-main/icdar2026-competition-data/train/atomic-layer-etching/experimental-usecase/26/images/fig_3.jpg,b,bar chart,5
/Users/lingzhou/Resource/DataResource/ALD-E-ImageMiner-main/icdar2026-competition-data/train/atomic-layer-etching/experimental-usecase/26/images/fig_3.jpg,c,image panel,5
/Users/lingzhou/Resource/DataResource/ALD-E-ImageMiner-main/icdar2026-competition-data/train/atomic-layer-etching/experimental-usecase/26/images/fig_3.jpg,d,image panel,5
/Users/lingzhou/Resource/DataResource/ALD-E-ImageMiner-main/icdar2026-competition-data/train/atomic-layer-etching/experimental-usecase/26/images/fig_3.jpg,e,image panel,5
/Users/lingzhou/Resource/DataResource/ALD-E-ImageMiner-main/icdar2026-competition-data/train/atomic-layer-etching/experimental-usecase/26/images/fig_2.jpg,a,process timing diagram,2
/Users/lingzhou/Resource/DataResource/ALD-E-ImageMiner-main/icdar2026-competition-data/train/atomic-layer-etching/experimental-usecase/26/images/fig_2.jpg,b,process timing diagram,2
/Users/lingzhou/Resource/DataResource/ALD-E-ImageMiner-main/icdar2026-competition-data/train/atomic-layer-etching/experimental-usecase/8/images/figure_3.jpg,a,stacked spectra chart,2
/Users/lingzhou/Resource/DataResource/ALD-E-ImageMiner-main/icdar2026-competition-data/train/atomic-layer-etching/experimental-usecase/8/images/figure_3.jpg,b,multi spectra chart,2
/Users/lingzhou/Resource/DataResource/ALD-E-ImageMiner-main/icdar2026-competition-data/train/atomic-layer-etching/experimental-usecase/8/images/figure_2.jpg,a,stacked spectra chart,1
/Users/lingzhou/Resource/DataResource/ALD-E-ImageMiner-main/icdar2026-competition-data/train/atomic-layer-etching/experimental-usecase/8/images/8a7ee23cdab699d89c4bf82475c30d5325598ae84783549bc0f8d81214595aa8.jpg,a,reaction scheme,2
/Users/lingzhou/Resource/DataResource/ALD-E-ImageMiner-main/icdar2026-competition-data/train/atomic-layer-etching/experimental-usecase/8/images/8a7ee23cdab699d89c4bf82475c30d5325598ae84783549bc0f8d81214595aa8.jpg,b,stacked spectra chart,2
/Users/lingzhou/Resource/DataResource/ALD-E-ImageMiner-main/icdar2026-competition-data/train/atomic-layer-etching/experimental-usecase/8/images/figure_5.jpg,a,stacked spectra chart,2
/Users/lingzhou/Resource/DataResource/ALD-E-ImageMiner-main/icdar2026-competition-data/train/atomic-layer-etching/experimental-usecase/8/images/figure_5.jpg,b,reaction energy profile diagram,2
/Users/lingzhou/Resource/DataResource/ALD-E-ImageMiner-main/icdar2026-competition-data/train/atomic-layer-etching/experimental-usecase/8/images/figure_4.jpg,a,stacked spectra chart,1
/Users/lingzhou/Resource/DataResource/ALD-E-ImageMiner-main/icdar2026-competition-data/train/atomic-layer-etching/experimental-usecase/8/images/figure_7.jpg,a,stacked spectra chart,3
/Users/lingzhou/Resource/DataResource/ALD-E-ImageMiner-main/icdar2026-competition-data/train/atomic-layer-etching/experimental-usecase/8/images/figure_7.jpg,b,stacked spectra chart,3
/Users/lingzhou/Resource/DataResource/ALD-E-ImageMiner-main/icdar2026-competition-data/train/atomic-layer-etching/experimental-usecase/8/images/figure_7.jpg,c,stacked spectra chart,3
/Users/lingzhou/Resource/DataResource/ALD-E-ImageMiner-main/icdar2026-competition-data/train/atomic-layer-etching/experimental-usecase/8/images/figure_6.jpg,a,unknown,2
/Users/lingzhou/Resource/DataResource/ALD-E-ImageMiner-main/icdar2026-competition-data/train/atomic-layer-etching/experimental-usecase/8/images/figure_6.jpg,b,unknown,2
/Users/lingzhou/Resource/DataResource/ALD-E-ImageMiner-main/icdar2026-competition-data/train/atomic-layer-etching/experimental-usecase/8/images/figure_1.jpg,a,reaction scheme,1
/Users/lingzhou/Resource/DataResource/ALD-E-ImageMiner-main/icdar2026-competition-data/train/atomic-layer-etching/experimental-usecase/43/images/fig_1.jpg,a,multi spectra chart,2
/Users/lingzhou/Resource/DataResource/ALD-E-ImageMiner-main/icdar2026-competition-data/train/atomic-layer-etching/experimental-usecase/43/images/fig_1.jpg,b,multi spectra chart,2
/Users/lingzhou/Resource/DataResource/ALD-E-ImageMiner-main/icdar2026-competition-data/train/atomic-layer-etching/experimental-usecase/43/images/fig_6.jpg,a,multiple line chart,6
/Users/lingzhou/Resource/DataResource/ALD-E-ImageMiner-main/icdar2026-competition-data/train/atomic-layer-etching/experimental-usecase/43/images/fig_6.jpg,b,multiple line chart,6
/Users/lingzhou/Resource/DataResource/ALD-E-ImageMiner-main/icdar2026-competition-data/train/atomic-layer-etching/experimental-usecase/43/images/fig_6.jpg,c,multiple line chart,6
/Users/lingzhou/Resource/DataResource/ALD-E-ImageMiner-main/icdar2026-competition-data/train/atomic-layer-etching/experimental-usecase/43/images/fig_6.jpg,d,multiple line chart,6
/Users/lingzhou/Resource/DataResource/ALD-E-ImageMiner-main/icdar2026-competition-data/train/atomic-layer-etching/experimental-usecase/43/images/fig_6.jpg,e,multiple line chart,6
/Users/lingzhou/Resource/DataResource/ALD-E-ImageMiner-main/icdar2026-competition-data/train/atomic-layer-etching/experimental-usecase/43/images/fig_6.jpg,f,multiple line chart,6
/Users/lingzhou/Resource/DataResource/ALD-E-ImageMiner-main/icdar2026-competition-data/train/atomic-layer-etching/experimental-usecase/43/images/fig_5.jpg,a,scatter plot,1
/Users/lingzhou/Resource/DataResource/ALD-E-ImageMiner-main/icdar2026-competition-data/train/atomic-layer-etching/experimental-usecase/43/images/fig_4.jpg,a,image panel,2
/Users/lingzhou/Resource/DataResource/ALD-E-ImageMiner-main/icdar2026-competition-data/train/atomic-layer-etching/experimental-usecase/43/images/fig_4.jpg,b,image panel,2
/Users/lingzhou/Resource/DataResource/ALD-E-ImageMiner-main/icdar2026-competition-data/train/atomic-layer-etching/experimental-usecase/43/images/fig_3.jpg,a,multiple scatter plot,2
/Users/lingzhou/Resource/DataResource/ALD-E-ImageMiner-main/icdar2026-competition-data/train/atomic-layer-etching/experimental-usecase/43/images/fig_3.jpg,b,scatter plot,2
/Users/lingzhou/Resource/DataResource/ALD-E-ImageMiner-main/icdar2026-competition-data/train/atomic-layer-etching/experimental-usecase/43/images/fig_2.jpg,a,multi spectra chart,2
/Users/lingzhou/Resource/DataResource/ALD-E-ImageMiner-main/icdar2026-competition-data/train/atomic-layer-etching/experimental-usecase/43/images/fig_2.jpg,b,multi spectra chart,2
/Users/lingzhou/Resource/DataResource/ALD-E-ImageMiner-main/icdar2026-competition-data/train/atomic-layer-etching/experimental-usecase/38/images/fig_6.jpg,a,unknown,1
/Users/lingzhou/Resource/DataResource/ALD-E-ImageMiner-main/icdar2026-competition-data/train/atomic-layer-etching/experimental-usecase/38/images/58930c318f0c9c1269db894d23541de4e2601ecd4dd5080cc8bd7171457d9036.jpg,a,conceptual diagram,1
/Users/lingzhou/Resource/DataResource/ALD-E-ImageMiner-main/icdar2026-competition-data/train/atomic-layer-etching/experimental-usecase/38/images/fig4.jpg,a,multiple scatter plot,5
/Users/lingzhou/Resource/DataResource/ALD-E-ImageMiner-main/icdar2026-competition-data/train/atomic-layer-etching/experimental-usecase/38/images/fig4.jpg,b,unknown,5
/Users/lingzhou/Resource/DataResource/ALD-E-ImageMiner-main/icdar2026-competition-data/train/atomic-layer-etching/experimental-usecase/38/images/fig4.jpg,c,unknown,5
/Users/lingzhou/Resource/DataResource/ALD-E-ImageMiner-main/icdar2026-competition-data/train/atomic-layer-etching/experimental-usecase/38/images/fig4.jpg,d,unknown,5
/Users/lingzhou/Resource/DataResource/ALD-E-ImageMiner-main/icdar2026-competition-data/train/atomic-layer-etching/experimental-usecase/38/images/fig4.jpg,e,unknown,5
/Users/lingzhou/Resource/DataResource/ALD-E-ImageMiner-main/icdar2026-competition-data/train/atomic-layer-etching/experimental-usecase/38/images/fig5.jpg,a,bar chart,2
/Users/lingzhou/Resource/DataResource/ALD-E-ImageMiner-main/icdar2026-competition-data/train/atomic-layer-etching/experimental-usecase/38/images/fig5.jpg,b,bar chart,2
/Users/lingzhou/Resource/DataResource/ALD-E-ImageMiner-main/icdar2026-competition-data/train/atomic-layer-etching/experimental-usecase/38/images/fig_3.jpg,a,line chart,1
/Users/lingzhou/Resource/DataResource/ALD-E-ImageMiner-main/icdar2026-competition-data/train/atomic-layer-etching/experimental-usecase/38/images/fig_2.jpg,a,process flow diagram,1
/Users/lingzhou/Resource/DataResource/ALD-E-ImageMiner-main/icdar2026-competition-data/train/atomic-layer-etching/experimental-usecase/36/images/fig1.jpg,a,scatter plot,1
/Users/lingzhou/Resource/DataResource/ALD-E-ImageMiner-main/icdar2026-competition-data/train/atomic-layer-etching/experimental-usecase/36/images/fig_7.jpg,a,image panel,2
/Users/lingzhou/Resource/DataResource/ALD-E-ImageMiner-main/icdar2026-competition-data/train/atomic-layer-etching/experimental-usecase/36/images/fig_7.jpg,b,image panel,2
/Users/lingzhou/Resource/DataResource/ALD-E-ImageMiner-main/icdar2026-competition-data/train/atomic-layer-etching/experimental-usecase/36/images/fig_10.jpg,a,multiple scatter plot,1
/Users/lingzhou/Resource/DataResource/ALD-E-ImageMiner-main/icdar2026-competition-data/train/atomic-layer-etching/experimental-usecase/36/images/fig_11.jpg,a,conceptual diagram,1
/Users/lingzhou/Resource/DataResource/ALD-E-ImageMiner-main/icdar2026-competition-data/train/atomic-layer-etching/experimental-usecase/36/images/fig_6.jpg,a,image panel,3
/Users/lingzhou/Resource/DataResource/ALD-E-ImageMiner-main/icdar2026-competition-data/train/atomic-layer-etching/experimental-usecase/36/images/fig_6.jpg,b,image panel,3
/Users/lingzhou/Resource/DataResource/ALD-E-ImageMiner-main/icdar2026-competition-data/train/atomic-layer-etching/experimental-usecase/36/images/fig_6.jpg,c,image panel,3
/Users/lingzhou/Resource/DataResource/ALD-E-ImageMiner-main/icdar2026-competition-data/train/atomic-layer-etching/experimental-usecase/36/images/fig_9.jpg,a,multi spectra chart,2
/Users/lingzhou/Resource/DataResource/ALD-E-ImageMiner-main/icdar2026-competition-data/train/atomic-layer-etching/experimental-usecase/36/images/fig_9.jpg,b,multi spectra chart,2
/Users/lingzhou/Resource/DataResource/ALD-E-ImageMiner-main/icdar2026-competition-data/train/atomic-layer-etching/experimental-usecase/36/images/fig_12.jpg,a,unknown,2
/Users/lingzhou/Resource/DataResource/ALD-E-ImageMiner-main/icdar2026-competition-data/train/atomic-layer-etching/experimental-usecase/36/images/fig_12.jpg,b,multiple line chart,2
/Users/lingzhou/Resource/DataResource/ALD-E-ImageMiner-main/icdar2026-competition-data/train/atomic-layer-etching/experimental-usecase/36/images/fig_5.jpg,a,scatter plot,1
/Users/lingzhou/Resource/DataResource/ALD-E-ImageMiner-main/icdar2026-competition-data/train/atomic-layer-etching/experimental-usecase/36/images/fig_4.jpg,a,scatter plot,1
/Users/lingzhou/Resource/DataResource/ALD-E-ImageMiner-main/icdar2026-competition-data/train/atomic-layer-etching/experimental-usecase/36/images/fig_13.jpg,a,image panel,10
/Users/lingzhou/Resource/DataResource/ALD-E-ImageMiner-main/icdar2026-competition-data/train/atomic-layer-etching/experimental-usecase/36/images/fig_13.jpg,b,image panel,10
/Users/lingzhou/Resource/DataResource/ALD-E-ImageMiner-main/icdar2026-competition-data/train/atomic-layer-etching/experimental-usecase/36/images/fig_13.jpg,c,image panel,10
/Users/lingzhou/Resource/DataResource/ALD-E-ImageMiner-main/icdar2026-competition-data/train/atomic-layer-etching/experimental-usecase/36/images/fig_13.jpg,d,image panel,10
/Users/lingzhou/Resource/DataResource/ALD-E-ImageMiner-main/icdar2026-competition-data/train/atomic-layer-etching/experimental-usecase/36/images/fig_13.jpg,e,image panel,10
/Users/lingzhou/Resource/DataResource/ALD-E-ImageMiner-main/icdar2026-competition-data/train/atomic-layer-etching/experimental-usecase/36/images/fig_13.jpg,f,image panel,10
/Users/lingzhou/Resource/DataResource/ALD-E-ImageMiner-main/icdar2026-competition-data/train/atomic-layer-etching/experimental-usecase/36/images/fig_13.jpg,g,image panel,10
/Users/lingzhou/Resource/DataResource/ALD-E-ImageMiner-main/icdar2026-competition-data/train/atomic-layer-etching/experimental-usecase/36/images/fig_13.jpg,h,image panel,10
/Users/lingzhou/Resource/DataResource/ALD-E-ImageMiner-main/icdar2026-competition-data/train/atomic-layer-etching/experimental-usecase/36/images/fig_13.jpg,i,image panel,10
/Users/lingzhou/Resource/DataResource/ALD-E-ImageMiner-main/icdar2026-competition-data/train/atomic-layer-etching/experimental-usecase/36/images/fig_13.jpg,j,image panel,10
/Users/lingzhou/Resource/DataResource/ALD-E-ImageMiner-main/icdar2026-competition-data/train/atomic-layer-etching/experimental-usecase/36/images/fig_8.jpg,a,multi spectra chart,3
/Users/lingzhou/Resource/DataResource/ALD-E-ImageMiner-main/icdar2026-competition-data/train/atomic-layer-etching/experimental-usecase/36/images/fig_8.jpg,b,multi spectra chart,3
/Users/lingzhou/Resource/DataResource/ALD-E-ImageMiner-main/icdar2026-competition-data/train/atomic-layer-etching/experimental-usecase/36/images/fig_8.jpg,c,multi spectra chart,3
/Users/lingzhou/Resource/DataResource/ALD-E-ImageMiner-main/icdar2026-competition-data/train/atomic-layer-etching/experimental-usecase/36/images/fig_14.jpg,a,multiple scatter plot,1
/Users/lingzhou/Resource/DataResource/ALD-E-ImageMiner-main/icdar2026-competition-data/train/atomic-layer-etching/experimental-usecase/36/images/fig_3.jpg,a,multiple scatter plot,2
/Users/lingzhou/Resource/DataResource/ALD-E-ImageMiner-main/icdar2026-competition-data/train/atomic-layer-etching/experimental-usecase/36/images/fig_3.jpg,b,scatter plot,2
/Users/lingzhou/Resource/DataResource/ALD-E-ImageMiner-main/icdar2026-competition-data/train/atomic-layer-etching/experimental-usecase/36/images/fig_2.jpg,a,image panel,2
/Users/lingzhou/Resource/DataResource/ALD-E-ImageMiner-main/icdar2026-competition-data/train/atomic-layer-etching/experimental-usecase/36/images/fig_2.jpg,b,image panel,2
/Users/lingzhou/Resource/DataResource/ALD-E-ImageMiner-main/icdar2026-competition-data/train/atomic-layer-etching/experimental-usecase/30/images/fig_1.jpg,a,scatter plot,1
/Users/lingzhou/Resource/DataResource/ALD-E-ImageMiner-main/icdar2026-competition-data/train/atomic-layer-etching/experimental-usecase/30/images/fig_5.jpg,a,grouped bar chart,1
/Users/lingzhou/Resource/DataResource/ALD-E-ImageMiner-main/icdar2026-competition-data/train/atomic-layer-etching/experimental-usecase/30/images/fig_4.jpg,a,image panel,3
/Users/lingzhou/Resource/DataResource/ALD-E-ImageMiner-main/icdar2026-competition-data/train/atomic-layer-etching/experimental-usecase/30/images/fig_4.jpg,b,image panel,3
/Users/lingzhou/Resource/DataResource/ALD-E-ImageMiner-main/icdar2026-competition-data/train/atomic-layer-etching/experimental-usecase/30/images/fig_4.jpg,c,image panel,3
/Users/lingzhou/Resource/DataResource/ALD-E-ImageMiner-main/icdar2026-competition-data/train/atomic-layer-etching/experimental-usecase/30/images/fig_3.jpg,a,image panel,2
/Users/lingzhou/Resource/DataResource/ALD-E-ImageMiner-main/icdar2026-competition-data/train/atomic-layer-etching/experimental-usecase/30/images/fig_3.jpg,b,image panel,2
/Users/lingzhou/Resource/DataResource/ALD-E-ImageMiner-main/icdar2026-competition-data/train/atomic-layer-etching/experimental-usecase/30/images/fig_2.jpg,a,bar chart,1
/Users/lingzhou/Resource/DataResource/ALD-E-ImageMiner-main/icdar2026-competition-data/train/atomic-layer-etching/experimental-usecase/39/images/fig1.jpg,a,conceptual diagram,5
/Users/lingzhou/Resource/DataResource/ALD-E-ImageMiner-main/icdar2026-competition-data/train/atomic-layer-etching/experimental-usecase/39/images/fig1.jpg,b,conceptual diagram,5
/Users/lingzhou/Resource/DataResource/ALD-E-ImageMiner-main/icdar2026-competition-data/train/atomic-layer-etching/experimental-usecase/39/images/fig1.jpg,c,conceptual diagram,5
/Users/lingzhou/Resource/DataResource/ALD-E-ImageMiner-main/icdar2026-competition-data/train/atomic-layer-etching/experimental-usecase/39/images/fig1.jpg,d,conceptual diagram,5
/Users/lingzhou/Resource/DataResource/ALD-E-ImageMiner-main/icdar2026-competition-data/train/atomic-layer-etching/experimental-usecase/39/images/fig1.jpg,e,image panel,5
/Users/lingzhou/Resource/DataResource/ALD-E-ImageMiner-main/icdar2026-competition-data/train/atomic-layer-etching/experimental-usecase/39/images/fig4.jpg,a,heatmap,4
/Users/lingzhou/Resource/DataResource/ALD-E-ImageMiner-main/icdar2026-competition-data/train/atomic-layer-etching/experimental-usecase/39/images/fig4.jpg,b,heatmap,4
/Users/lingzhou/Resource/DataResource/ALD-E-ImageMiner-main/icdar2026-competition-data/train/atomic-layer-etching/experimental-usecase/39/images/fig4.jpg,c,multiple line chart,4
/Users/lingzhou/Resource/DataResource/ALD-E-ImageMiner-main/icdar2026-competition-data/train/atomic-layer-etching/experimental-usecase/39/images/fig4.jpg,d,multiple line chart,4
/Users/lingzhou/Resource/DataResource/ALD-E-ImageMiner-main/icdar2026-competition-data/train/atomic-layer-etching/experimental-usecase/39/images/fig_2.jpg,a,multiple line chart,3
/Users/lingzhou/Resource/DataResource/ALD-E-ImageMiner-main/icdar2026-competition-data/train/atomic-layer-etching/experimental-usecase/39/images/fig_2.jpg,b,scatter plot,3
/Users/lingzhou/Resource/DataResource/ALD-E-ImageMiner-main/icdar2026-competition-data/train/atomic-layer-etching/experimental-usecase/39/images/fig_2.jpg,c,scatter plot,3
/Users/lingzhou/Resource/DataResource/ALD-E-ImageMiner-main/icdar2026-competition-data/train/atomic-layer-etching/experimental-usecase/39/images/fig3.jpg,a,stacked spectra chart,5
/Users/lingzhou/Resource/DataResource/ALD-E-ImageMiner-main/icdar2026-competition-data/train/atomic-layer-etching/experimental-usecase/39/images/fig3.jpg,b,stacked spectra chart,5
/Users/lingzhou/Resource/DataResource/ALD-E-ImageMiner-main/icdar2026-competition-data/train/atomic-layer-etching/experimental-usecase/39/images/fig3.jpg,c,stacked spectra chart,5
/Users/lingzhou/Resource/DataResource/ALD-E-ImageMiner-main/icdar2026-competition-data/train/atomic-layer-etching/experimental-usecase/39/images/fig3.jpg,d,stacked spectra chart,5
/Users/lingzhou/Resource/DataResource/ALD-E-ImageMiner-main/icdar2026-competition-data/train/atomic-layer-etching/experimental-usecase/39/images/fig3.jpg,e,stacked bar chart,5
/Users/lingzhou/Resource/DataResource/ALD-E-ImageMiner-main/icdar2026-competition-data/train/atomic-layer-etching/experimental-usecase/46/images/figure_16.jpg,a,reaction scheme,1
/Users/lingzhou/Resource/DataResource/ALD-E-ImageMiner-main/icdar2026-competition-data/train/atomic-layer-etching/experimental-usecase/46/images/figure_3.jpg,a,multiple line chart,2
/Users/lingzhou/Resource/DataResource/ALD-E-ImageMiner-main/icdar2026-competition-data/train/atomic-layer-etching/experimental-usecase/46/images/figure_3.jpg,b,multiple line chart,2
/Users/lingzhou/Resource/DataResource/ALD-E-ImageMiner-main/icdar2026-competition-data/train/atomic-layer-etching/experimental-usecase/46/images/figure_2.jpg,a,multiple line chart,2
/Users/lingzhou/Resource/DataResource/ALD-E-ImageMiner-main/icdar2026-competition-data/train/atomic-layer-etching/experimental-usecase/46/images/figure_2.jpg,b,multiple line chart,2
/Users/lingzhou/Resource/DataResource/ALD-E-ImageMiner-main/icdar2026-competition-data/train/atomic-layer-etching/experimental-usecase/46/images/figure_5.jpg,a,multi-axis chart,2
/Users/lingzhou/Resource/DataResource/ALD-E-ImageMiner-main/icdar2026-competition-data/train/atomic-layer-etching/experimental-usecase/46/images/figure_5.jpg,b,multi-axis chart,2
/Users/lingzhou/Resource/DataResource/ALD-E-ImageMiner-main/icdar2026-competition-data/train/atomic-layer-etching/experimental-usecase/46/images/figure_9.jpg,a,multi spectra chart,4
/Users/lingzhou/Resource/DataResource/ALD-E-ImageMiner-main/icdar2026-competition-data/train/atomic-layer-etching/experimental-usecase/46/images/figure_9.jpg,b,multi spectra chart,4
/Users/lingzhou/Resource/DataResource/ALD-E-ImageMiner-main/icdar2026-competition-data/train/atomic-layer-etching/experimental-usecase/46/images/figure_9.jpg,c,multi spectra chart,4
/Users/lingzhou/Resource/DataResource/ALD-E-ImageMiner-main/icdar2026-competition-data/train/atomic-layer-etching/experimental-usecase/46/images/figure_9.jpg,d,multi spectra chart,4
/Users/lingzhou/Resource/DataResource/ALD-E-ImageMiner-main/icdar2026-competition-data/train/atomic-layer-etching/experimental-usecase/46/images/figure_10.jpg,a,multiple line chart,3
/Users/lingzhou/Resource/DataResource/ALD-E-ImageMiner-main/icdar2026-competition-data/train/atomic-layer-etching/experimental-usecase/46/images/figure_10.jpg,b,line chart,3
/Users/lingzhou/Resource/DataResource/ALD-E-ImageMiner-main/icdar2026-competition-data/train/atomic-layer-etching/experimental-usecase/46/images/figure_10.jpg,c,multiple line chart,3
/Users/lingzhou/Resource/DataResource/ALD-E-ImageMiner-main/icdar2026-competition-data/train/atomic-layer-etching/experimental-usecase/46/images/figure_11.jpg,a,multiple line chart,2
/Users/lingzhou/Resource/DataResource/ALD-E-ImageMiner-main/icdar2026-competition-data/train/atomic-layer-etching/experimental-usecase/46/images/figure_11.jpg,b,multiple line chart,2
/Users/lingzhou/Resource/DataResource/ALD-E-ImageMiner-main/icdar2026-competition-data/train/atomic-layer-etching/experimental-usecase/46/images/figure_8.jpg,a,reaction scheme,1
/Users/lingzhou/Resource/DataResource/ALD-E-ImageMiner-main/icdar2026-competition-data/train/atomic-layer-etching/experimental-usecase/46/images/figure_4.jpg,a,multi spectra chart,4
/Users/lingzhou/Resource/DataResource/ALD-E-ImageMiner-main/icdar2026-competition-data/train/atomic-layer-etching/experimental-usecase/46/images/figure_4.jpg,b,multi spectra chart,4
/Users/lingzhou/Resource/DataResource/ALD-E-ImageMiner-main/icdar2026-competition-data/train/atomic-layer-etching/experimental-usecase/46/images/figure_4.jpg,c,multi spectra chart,4
/Users/lingzhou/Resource/DataResource/ALD-E-ImageMiner-main/icdar2026-competition-data/train/atomic-layer-etching/experimental-usecase/46/images/figure_4.jpg,d,multi spectra chart,4
/Users/lingzhou/Resource/DataResource/ALD-E-ImageMiner-main/icdar2026-competition-data/train/atomic-layer-etching/experimental-usecase/46/images/figure_7.jpg,a,multiple line chart,2
/Users/lingzhou/Resource/DataResource/ALD-E-ImageMiner-main/icdar2026-competition-data/train/atomic-layer-etching/experimental-usecase/46/images/figure_7.jpg,b,multiple line chart,2
/Users/lingzhou/Resource/DataResource/ALD-E-ImageMiner-main/icdar2026-competition-data/train/atomic-layer-etching/experimental-usecase/46/images/figure_12.jpg,a,multiple line chart,2
/Users/lingzhou/Resource/DataResource/ALD-E-ImageMiner-main/icdar2026-competition-data/train/atomic-layer-etching/experimental-usecase/46/images/figure_12.jpg,b,multiple line chart,2
/Users/lingzhou/Resource/DataResource/ALD-E-ImageMiner-main/icdar2026-competition-data/train/atomic-layer-etching/experimental-usecase/46/images/figure_13.jpg,a,scatter plot,2
/Users/lingzhou/Resource/DataResource/ALD-E-ImageMiner-main/icdar2026-competition-data/train/atomic-layer-etching/experimental-usecase/46/images/figure_13.jpg,b,scatter plot,2
/Users/lingzhou/Resource/DataResource/ALD-E-ImageMiner-main/icdar2026-competition-data/train/atomic-layer-etching/experimental-usecase/46/images/figure_6.jpg,a,scatter plot,2
/Users/lingzhou/Resource/DataResource/ALD-E-ImageMiner-main/icdar2026-competition-data/train/atomic-layer-etching/experimental-usecase/46/images/figure_6.jpg,b,scatter plot,2
/Users/lingzhou/Resource/DataResource/ALD-E-ImageMiner-main/icdar2026-competition-data/train/atomic-layer-etching/experimental-usecase/46/images/534d04cd0f885c3fdd5f4aaca3bde4aea20cf962e714ca66eae14e7e8af77611.jpg,a,multiple line chart,2
/Users/lingzhou/Resource/DataResource/ALD-E-ImageMiner-main/icdar2026-competition-data/train/atomic-layer-etching/experimental-usecase/46/images/534d04cd0f885c3fdd5f4aaca3bde4aea20cf962e714ca66eae14e7e8af77611.jpg,b,line chart,2
/Users/lingzhou/Resource/DataResource/ALD-E-ImageMiner-main/icdar2026-competition-data/train/atomic-layer-etching/experimental-usecase/46/images/figure_14.jpg,a,line chart,2
/Users/lingzhou/Resource/DataResource/ALD-E-ImageMiner-main/icdar2026-competition-data/train/atomic-layer-etching/experimental-usecase/46/images/figure_14.jpg,b,line chart,2
/Users/lingzhou/Resource/DataResource/ALD-E-ImageMiner-main/icdar2026-competition-data/train/atomic-layer-etching/experimental-usecase/46/images/figure_1.jpg,a,multiple line chart,2
/Users/lingzhou/Resource/DataResource/ALD-E-ImageMiner-main/icdar2026-competition-data/train/atomic-layer-etching/experimental-usecase/46/images/figure_1.jpg,b,multiple line chart,2
/Users/lingzhou/Resource/DataResource/ALD-E-ImageMiner-main/icdar2026-competition-data/train/atomic-layer-etching/experimental-usecase/46/images/figure_15.jpg,a,multi spectra chart,2
/Users/lingzhou/Resource/DataResource/ALD-E-ImageMiner-main/icdar2026-competition-data/train/atomic-layer-etching/experimental-usecase/46/images/figure_15.jpg,b,multi spectra chart,2
/Users/lingzhou/Resource/DataResource/ALD-E-ImageMiner-main/icdar2026-competition-data/train/atomic-layer-etching/experimental-usecase/23/images/figure_16.jpg,a,line chart,1
/Users/lingzhou/Resource/DataResource/ALD-E-ImageMiner-main/icdar2026-competition-data/train/atomic-layer-etching/experimental-usecase/23/images/figure_3.jpg,a,line chart,1
/Users/lingzhou/Resource/DataResource/ALD-E-ImageMiner-main/icdar2026-competition-data/train/atomic-layer-etching/experimental-usecase/23/images/figure_2.jpg,a,reaction scheme,1
/Users/lingzhou/Resource/DataResource/ALD-E-ImageMiner-main/icdar2026-competition-data/train/atomic-layer-etching/experimental-usecase/23/images/figure_5.jpg,a,multiple scatter plot,1
/Users/lingzhou/Resource/DataResource/ALD-E-ImageMiner-main/icdar2026-competition-data/train/atomic-layer-etching/experimental-usecase/23/images/figure_9.jpg,a,process timing diagram,1
/Users/lingzhou/Resource/DataResource/ALD-E-ImageMiner-main/icdar2026-competition-data/train/atomic-layer-etching/experimental-usecase/23/images/figure_10.jpg,a,multi-axis chart,2
/Users/lingzhou/Resource/DataResource/ALD-E-ImageMiner-main/icdar2026-competition-data/train/atomic-layer-etching/experimental-usecase/23/images/figure_10.jpg,b,multi-axis chart,2
/Users/lingzhou/Resource/DataResource/ALD-E-ImageMiner-main/icdar2026-competition-data/train/atomic-layer-etching/experimental-usecase/23/images/figure_11.jpg,a,multiple line chart,1
/Users/lingzhou/Resource/DataResource/ALD-E-ImageMiner-main/icdar2026-competition-data/train/atomic-layer-etching/experimental-usecase/23/images/figure_8.jpg,a,process timing diagram,1
/Users/lingzhou/Resource/DataResource/ALD-E-ImageMiner-main/icdar2026-competition-data/train/atomic-layer-etching/experimental-usecase/23/images/figure_4.jpg,a,multiple scatter plot,1
/Users/lingzhou/Resource/DataResource/ALD-E-ImageMiner-main/icdar2026-competition-data/train/atomic-layer-etching/experimental-usecase/23/images/figure_7.jpg,a,multi spectra chart,3
/Users/lingzhou/Resource/DataResource/ALD-E-ImageMiner-main/icdar2026-competition-data/train/atomic-layer-etching/experimental-usecase/23/images/figure_7.jpg,b,multi spectra chart,3
/Users/lingzhou/Resource/DataResource/ALD-E-ImageMiner-main/icdar2026-competition-data/train/atomic-layer-etching/experimental-usecase/23/images/figure_7.jpg,c,multi spectra chart,3
/Users/lingzhou/Resource/DataResource/ALD-E-ImageMiner-main/icdar2026-competition-data/train/atomic-layer-etching/experimental-usecase/23/images/figure_12.jpg,a,multiple line chart,1
/Users/lingzhou/Resource/DataResource/ALD-E-ImageMiner-main/icdar2026-competition-data/train/atomic-layer-etching/experimental-usecase/23/images/22717bf8a5bd8f6b666da5b031a8178400767b3930c0e361ea3ee6c43edeead3.jpg,a,reaction scheme,1
/Users/lingzhou/Resource/DataResource/ALD-E-ImageMiner-main/icdar2026-competition-data/train/atomic-layer-etching/experimental-usecase/23/images/figure_6.jpg,a,multiple line chart,1
/Users/lingzhou/Resource/DataResource/ALD-E-ImageMiner-main/icdar2026-competition-data/train/atomic-layer-etching/experimental-usecase/23/images/figure_14.jpg,a,multi spectra chart,1
/Users/lingzhou/Resource/DataResource/ALD-E-ImageMiner-main/icdar2026-competition-data/train/atomic-layer-etching/experimental-usecase/23/images/figure_1.jpg,a,reaction scheme,1
/Users/lingzhou/Resource/DataResource/ALD-E-ImageMiner-main/icdar2026-competition-data/train/atomic-layer-etching/experimental-usecase/23/images/figure_15.jpg,a,multi spectra chart,1
/Users/lingzhou/Resource/DataResource/ALD-E-ImageMiner-main/icdar2026-competition-data/train/atomic-layer-etching/experimental-usecase/4/images/fig_1.jpg,a,reaction scheme,1
/Users/lingzhou/Resource/DataResource/ALD-E-ImageMiner-main/icdar2026-competition-data/train/atomic-layer-etching/experimental-usecase/4/images/fig_4.jpg,a,image panel,2
/Users/lingzhou/Resource/DataResource/ALD-E-ImageMiner-main/icdar2026-competition-data/train/atomic-layer-etching/experimental-usecase/4/images/fig_4.jpg,b,image panel,2
/Users/lingzhou/Resource/DataResource/ALD-E-ImageMiner-main/icdar2026-competition-data/train/atomic-layer-etching/experimental-usecase/4/images/fig_3.jpg,a,bar chart,4
/Users/lingzhou/Resource/DataResource/ALD-E-ImageMiner-main/icdar2026-competition-data/train/atomic-layer-etching/experimental-usecase/4/images/fig_3.jpg,b,multi-axis chart,4
/Users/lingzhou/Resource/DataResource/ALD-E-ImageMiner-main/icdar2026-competition-data/train/atomic-layer-etching/experimental-usecase/4/images/fig_3.jpg,c,line chart,4
/Users/lingzhou/Resource/DataResource/ALD-E-ImageMiner-main/icdar2026-competition-data/train/atomic-layer-etching/experimental-usecase/4/images/fig_3.jpg,d,multiple scatter plot,4
/Users/lingzhou/Resource/DataResource/ALD-E-ImageMiner-main/icdar2026-competition-data/train/atomic-layer-etching/experimental-usecase/4/images/fig_2.jpg,a,multiple line chart,2
/Users/lingzhou/Resource/DataResource/ALD-E-ImageMiner-main/icdar2026-competition-data/train/atomic-layer-etching/experimental-usecase/4/images/fig_2.jpg,b,line chart,2
/Users/lingzhou/Resource/DataResource/ALD-E-ImageMiner-main/icdar2026-competition-data/train/atomic-layer-etching/experimental-usecase/40/images/fig_1.jpg,a,process flow diagram,1
/Users/lingzhou/Resource/DataResource/ALD-E-ImageMiner-main/icdar2026-competition-data/train/atomic-layer-etching/experimental-usecase/40/images/fig_7.jpg,a,multiple scatter plot,1
/Users/lingzhou/Resource/DataResource/ALD-E-ImageMiner-main/icdar2026-competition-data/train/atomic-layer-etching/experimental-usecase/40/images/fig_6.jpg,a,heatmap,4
/Users/lingzhou/Resource/DataResource/ALD-E-ImageMiner-main/icdar2026-competition-data/train/atomic-layer-etching/experimental-usecase/40/images/fig_6.jpg,b,heatmap,4
/Users/lingzhou/Resource/DataResource/ALD-E-ImageMiner-main/icdar2026-competition-data/train/atomic-layer-etching/experimental-usecase/40/images/fig_6.jpg,c,multi spectra chart,4
/Users/lingzhou/Resource/DataResource/ALD-E-ImageMiner-main/icdar2026-competition-data/train/atomic-layer-etching/experimental-usecase/40/images/fig_6.jpg,d,scatter plot,4
/Users/lingzhou/Resource/DataResource/ALD-E-ImageMiner-main/icdar2026-competition-data/train/atomic-layer-etching/experimental-usecase/40/images/fig4.jpg,a,stacked spectra chart,4
/Users/lingzhou/Resource/DataResource/ALD-E-ImageMiner-main/icdar2026-competition-data/train/atomic-layer-etching/experimental-usecase/40/images/fig4.jpg,b,stacked spectra chart,4
/Users/lingzhou/Resource/DataResource/ALD-E-ImageMiner-main/icdar2026-competition-data/train/atomic-layer-etching/experimental-usecase/40/images/fig4.jpg,c,stacked spectra chart,4
/Users/lingzhou/Resource/DataResource/ALD-E-ImageMiner-main/icdar2026-competition-data/train/atomic-layer-etching/experimental-usecase/40/images/fig4.jpg,d,stacked spectra chart,4
/Users/lingzhou/Resource/DataResource/ALD-E-ImageMiner-main/icdar2026-competition-data/train/atomic-layer-etching/experimental-usecase/40/images/fig5.jpg,a,multiple scatter plot,2
/Users/lingzhou/Resource/DataResource/ALD-E-ImageMiner-main/icdar2026-competition-data/train/atomic-layer-etching/experimental-usecase/40/images/fig5.jpg,b,multiple scatter plot,2
/Users/lingzhou/Resource/DataResource/ALD-E-ImageMiner-main/icdar2026-competition-data/train/atomic-layer-etching/experimental-usecase/40/images/fig_3.jpg,a,scatter plot,3
/Users/lingzhou/Resource/DataResource/ALD-E-ImageMiner-main/icdar2026-competition-data/train/atomic-layer-etching/experimental-usecase/40/images/fig_3.jpg,b,scatter plot,3
/Users/lingzhou/Resource/DataResource/ALD-E-ImageMiner-main/icdar2026-competition-data/train/atomic-layer-etching/experimental-usecase/40/images/fig_3.jpg,c,scatter plot,3
/Users/lingzhou/Resource/DataResource/ALD-E-ImageMiner-main/icdar2026-competition-data/train/atomic-layer-etching/experimental-usecase/40/images/fig_2.jpg,a,multiple scatter plot,2
/Users/lingzhou/Resource/DataResource/ALD-E-ImageMiner-main/icdar2026-competition-data/train/atomic-layer-etching/experimental-usecase/40/images/fig_2.jpg,b,multiple scatter plot,2
/Users/lingzhou/Resource/DataResource/ALD-E-ImageMiner-main/icdar2026-competition-data/train/atomic-layer-etching/experimental-usecase/2/images/figure_2.jpg,a,conceptual diagram,1
/Users/lingzhou/Resource/DataResource/ALD-E-ImageMiner-main/icdar2026-competition-data/train/atomic-layer-etching/experimental-usecase/2/images/figure_5.jpg,a,conceptual diagram,1
/Users/lingzhou/Resource/DataResource/ALD-E-ImageMiner-main/icdar2026-competition-data/train/atomic-layer-etching/experimental-usecase/2/images/figure_9.jpg,a,multi spectra chart,2
/Users/lingzhou/Resource/DataResource/ALD-E-ImageMiner-main/icdar2026-competition-data/train/atomic-layer-etching/experimental-usecase/2/images/figure_9.jpg,b,multi spectra chart,2
/Users/lingzhou/Resource/DataResource/ALD-E-ImageMiner-main/icdar2026-competition-data/train/atomic-layer-etching/experimental-usecase/2/images/figure_10.jpg,a,multiple scatter plot,1
/Users/lingzhou/Resource/DataResource/ALD-E-ImageMiner-main/icdar2026-competition-data/train/atomic-layer-etching/experimental-usecase/2/images/figure_11.jpg,a,multiple scatter plot,1
/Users/lingzhou/Resource/DataResource/ALD-E-ImageMiner-main/icdar2026-competition-data/train/atomic-layer-etching/experimental-usecase/2/images/figure_8.jpg,a,multi spectra chart,1
/Users/lingzhou/Resource/DataResource/ALD-E-ImageMiner-main/icdar2026-competition-data/train/atomic-layer-etching/experimental-usecase/2/images/figure_4.jpg,a,conceptual diagram,1
/Users/lingzhou/Resource/DataResource/ALD-E-ImageMiner-main/icdar2026-competition-data/train/atomic-layer-etching/experimental-usecase/2/images/figure_7.jpg,a,spectra chart,4
/Users/lingzhou/Resource/DataResource/ALD-E-ImageMiner-main/icdar2026-competition-data/train/atomic-layer-etching/experimental-usecase/2/images/figure_7.jpg,b,spectra chart,4
/Users/lingzhou/Resource/DataResource/ALD-E-ImageMiner-main/icdar2026-competition-data/train/atomic-layer-etching/experimental-usecase/2/images/figure_7.jpg,c,multi spectra chart,4
/Users/lingzhou/Resource/DataResource/ALD-E-ImageMiner-main/icdar2026-competition-data/train/atomic-layer-etching/experimental-usecase/2/images/figure_7.jpg,d,multi spectra chart,4
/Users/lingzhou/Resource/DataResource/ALD-E-ImageMiner-main/icdar2026-competition-data/train/atomic-layer-etching/experimental-usecase/2/images/figure_12.jpg,a,multi spectra chart,3
/Users/lingzhou/Resource/DataResource/ALD-E-ImageMiner-main/icdar2026-competition-data/train/atomic-layer-etching/experimental-usecase/2/images/figure_12.jpg,b,multi spectra chart,3
/Users/lingzhou/Resource/DataResource/ALD-E-ImageMiner-main/icdar2026-competition-data/train/atomic-layer-etching/experimental-usecase/2/images/figure_12.jpg,c,multi spectra chart,3
/Users/lingzhou/Resource/DataResource/ALD-E-ImageMiner-main/icdar2026-competition-data/train/atomic-layer-etching/experimental-usecase/2/images/ed4c292f633e74087a929d148bb49e4ae40cf8161b32264c5c29870d55832259.jpg,a,conceptual diagram,7
/Users/lingzhou/Resource/DataResource/ALD-E-ImageMiner-main/icdar2026-competition-data/train/atomic-layer-etching/experimental-usecase/2/images/ed4c292f633e74087a929d148bb49e4ae40cf8161b32264c5c29870d55832259.jpg,b,conceptual diagram,7
/Users/lingzhou/Resource/DataResource/ALD-E-ImageMiner-main/icdar2026-competition-data/train/atomic-layer-etching/experimental-usecase/2/images/ed4c292f633e74087a929d148bb49e4ae40cf8161b32264c5c29870d55832259.jpg,c,conceptual diagram,7
/Users/lingzhou/Resource/DataResource/ALD-E-ImageMiner-main/icdar2026-competition-data/train/atomic-layer-etching/experimental-usecase/2/images/ed4c292f633e74087a929d148bb49e4ae40cf8161b32264c5c29870d55832259.jpg,d,conceptual diagram,7
/Users/lingzhou/Resource/DataResource/ALD-E-ImageMiner-main/icdar2026-competition-data/train/atomic-layer-etching/experimental-usecase/2/images/ed4c292f633e74087a929d148bb49e4ae40cf8161b32264c5c29870d55832259.jpg,e,conceptual diagram,7
/Users/lingzhou/Resource/DataResource/ALD-E-ImageMiner-main/icdar2026-competition-data/train/atomic-layer-etching/experimental-usecase/2/images/ed4c292f633e74087a929d148bb49e4ae40cf8161b32264c5c29870d55832259.jpg,f,conceptual diagram,7
/Users/lingzhou/Resource/DataResource/ALD-E-ImageMiner-main/icdar2026-competition-data/train/atomic-layer-etching/experimental-usecase/2/images/ed4c292f633e74087a929d148bb49e4ae40cf8161b32264c5c29870d55832259.jpg,g,conceptual diagram,7
/Users/lingzhou/Resource/DataResource/ALD-E-ImageMiner-main/icdar2026-competition-data/train/atomic-layer-etching/experimental-usecase/2/images/figure_6.jpg,a,spectra chart,1
/Users/lingzhou/Resource/DataResource/ALD-E-ImageMiner-main/icdar2026-competition-data/train/atomic-layer-etching/experimental-usecase/2/images/figure_1.jpg,a,conceptual diagram,7
/Users/lingzhou/Resource/DataResource/ALD-E-ImageMiner-main/icdar2026-competition-data/train/atomic-layer-etching/experimental-usecase/2/images/figure_1.jpg,b,conceptual diagram,7
/Users/lingzhou/Resource/DataResource/ALD-E-ImageMiner-main/icdar2026-competition-data/train/atomic-layer-etching/experimental-usecase/2/images/figure_1.jpg,c,conceptual diagram,7
/Users/lingzhou/Resource/DataResource/ALD-E-ImageMiner-main/icdar2026-competition-data/train/atomic-layer-etching/experimental-usecase/2/images/figure_1.jpg,d,conceptual diagram,7
/Users/lingzhou/Resource/DataResource/ALD-E-ImageMiner-main/icdar2026-competition-data/train/atomic-layer-etching/experimental-usecase/2/images/figure_1.jpg,e,conceptual diagram,7
/Users/lingzhou/Resource/DataResource/ALD-E-ImageMiner-main/icdar2026-competition-data/train/atomic-layer-etching/experimental-usecase/2/images/figure_1.jpg,f,conceptual diagram,7
/Users/lingzhou/Resource/DataResource/ALD-E-ImageMiner-main/icdar2026-competition-data/train/atomic-layer-etching/experimental-usecase/2/images/figure_1.jpg,g,conceptual diagram,7
/Users/lingzhou/Resource/DataResource/ALD-E-ImageMiner-main/icdar2026-competition-data/train/atomic-layer-etching/experimental-usecase/13/images/figure_3.jpg,a,multiple line chart,2
/Users/lingzhou/Resource/DataResource/ALD-E-ImageMiner-main/icdar2026-competition-data/train/atomic-layer-etching/experimental-usecase/13/images/figure_3.jpg,b,multiple line chart,2
/Users/lingzhou/Resource/DataResource/ALD-E-ImageMiner-main/icdar2026-competition-data/train/atomic-layer-etching/experimental-usecase/13/images/figure_2.jpg,a,line chart,4
/Users/lingzhou/Resource/DataResource/ALD-E-ImageMiner-main/icdar2026-competition-data/train/atomic-layer-etching/experimental-usecase/13/images/figure_2.jpg,b,line chart,4
/Users/lingzhou/Resource/DataResource/ALD-E-ImageMiner-main/icdar2026-competition-data/train/atomic-layer-etching/experimental-usecase/13/images/figure_2.jpg,c,line chart,4
/Users/lingzhou/Resource/DataResource/ALD-E-ImageMiner-main/icdar2026-competition-data/train/atomic-layer-etching/experimental-usecase/13/images/figure_2.jpg,d,line chart,4
/Users/lingzhou/Resource/DataResource/ALD-E-ImageMiner-main/icdar2026-competition-data/train/atomic-layer-etching/experimental-usecase/13/images/figure_5.jpg,a,scatter plot,1
/Users/lingzhou/Resource/DataResource/ALD-E-ImageMiner-main/icdar2026-competition-data/train/atomic-layer-etching/experimental-usecase/13/images/figure_10.jpg,a,multi spectra chart,6
/Users/lingzhou/Resource/DataResource/ALD-E-ImageMiner-main/icdar2026-competition-data/train/atomic-layer-etching/experimental-usecase/13/images/figure_10.jpg,b,multi spectra chart,6
/Users/lingzhou/Resource/DataResource/ALD-E-ImageMiner-main/icdar2026-competition-data/train/atomic-layer-etching/experimental-usecase/13/images/figure_10.jpg,c,multi spectra chart,6
/Users/lingzhou/Resource/DataResource/ALD-E-ImageMiner-main/icdar2026-competition-data/train/atomic-layer-etching/experimental-usecase/13/images/figure_10.jpg,d,multi spectra chart,6
/Users/lingzhou/Resource/DataResource/ALD-E-ImageMiner-main/icdar2026-competition-data/train/atomic-layer-etching/experimental-usecase/13/images/figure_10.jpg,e,multi spectra chart,6
/Users/lingzhou/Resource/DataResource/ALD-E-ImageMiner-main/icdar2026-competition-data/train/atomic-layer-etching/experimental-usecase/13/images/figure_10.jpg,f,multi spectra chart,6
/Users/lingzhou/Resource/DataResource/ALD-E-ImageMiner-main/icdar2026-competition-data/train/atomic-layer-etching/experimental-usecase/13/images/figure_11.jpg,a,3d scatter plot,3
/Users/lingzhou/Resource/DataResource/ALD-E-ImageMiner-main/icdar2026-competition-data/train/atomic-layer-etching/experimental-usecase/13/images/figure_11.jpg,b,3d scatter plot,3
/Users/lingzhou/Resource/DataResource/ALD-E-ImageMiner-main/icdar2026-competition-data/train/atomic-layer-etching/experimental-usecase/13/images/figure_11.jpg,c,3d scatter plot,3
/Users/lingzhou/Resource/DataResource/ALD-E-ImageMiner-main/icdar2026-competition-data/train/atomic-layer-etching/experimental-usecase/13/images/figure_8.jpg,a,multiple line chart,4
/Users/lingzhou/Resource/DataResource/ALD-E-ImageMiner-main/icdar2026-competition-data/train/atomic-layer-etching/experimental-usecase/13/images/figure_8.jpg,b,multiple line chart,4
/Users/lingzhou/Resource/DataResource/ALD-E-ImageMiner-main/icdar2026-competition-data/train/atomic-layer-etching/experimental-usecase/13/images/figure_8.jpg,c,multiple line chart,4
/Users/lingzhou/Resource/DataResource/ALD-E-ImageMiner-main/icdar2026-competition-data/train/atomic-layer-etching/experimental-usecase/13/images/figure_8.jpg,d,multiple line chart,4
/Users/lingzhou/Resource/DataResource/ALD-E-ImageMiner-main/icdar2026-competition-data/train/atomic-layer-etching/experimental-usecase/13/images/figure_4.jpg,a,multiple line chart,1
/Users/lingzhou/Resource/DataResource/ALD-E-ImageMiner-main/icdar2026-competition-data/train/atomic-layer-etching/experimental-usecase/13/images/figure_7.jpg,a,apparatus diagram,1
/Users/lingzhou/Resource/DataResource/ALD-E-ImageMiner-main/icdar2026-competition-data/train/atomic-layer-etching/experimental-usecase/13/images/figure_6.jpg,a,line chart,2
/Users/lingzhou/Resource/DataResource/ALD-E-ImageMiner-main/icdar2026-competition-data/train/atomic-layer-etching/experimental-usecase/13/images/figure_6.jpg,b,line chart,2
/Users/lingzhou/Resource/DataResource/ALD-E-ImageMiner-main/icdar2026-competition-data/train/atomic-layer-etching/experimental-usecase/13/images/figure_1.jpg,a,apparatus diagram,1
/Users/lingzhou/Resource/DataResource/ALD-E-ImageMiner-main/icdar2026-competition-data/train/atomic-layer-etching/experimental-usecase/14/images/figure_16.jpg,a,reaction scheme,2
/Users/lingzhou/Resource/DataResource/ALD-E-ImageMiner-main/icdar2026-competition-data/train/atomic-layer-etching/experimental-usecase/14/images/figure_16.jpg,b,reaction scheme,2
/Users/lingzhou/Resource/DataResource/ALD-E-ImageMiner-main/icdar2026-competition-data/train/atomic-layer-etching/experimental-usecase/14/images/figure_3.jpg,a,conceptual diagram,1
/Users/lingzhou/Resource/DataResource/ALD-E-ImageMiner-main/icdar2026-competition-data/train/atomic-layer-etching/experimental-usecase/14/images/6cc4800b80340b5b83ba79735d82f03b51964086ce5164fb3d41a8c84c1f5ecc.jpg,a,reaction scheme,1
/Users/lingzhou/Resource/DataResource/ALD-E-ImageMiner-main/icdar2026-competition-data/train/atomic-layer-etching/experimental-usecase/14/images/figure_2.jpg,a,line chart,1
/Users/lingzhou/Resource/DataResource/ALD-E-ImageMiner-main/icdar2026-competition-data/train/atomic-layer-etching/experimental-usecase/14/images/figure_17.jpg,a,conceptual diagram,1
/Users/lingzhou/Resource/DataResource/ALD-E-ImageMiner-main/icdar2026-competition-data/train/atomic-layer-etching/experimental-usecase/14/images/figure_5.jpg,a,multiple scatter plot,2
/Users/lingzhou/Resource/DataResource/ALD-E-ImageMiner-main/icdar2026-competition-data/train/atomic-layer-etching/experimental-usecase/14/images/figure_5.jpg,b,multiple scatter plot,2
/Users/lingzhou/Resource/DataResource/ALD-E-ImageMiner-main/icdar2026-competition-data/train/atomic-layer-etching/experimental-usecase/14/images/figure_9.jpg,a,reaction scheme,2
/Users/lingzhou/Resource/DataResource/ALD-E-ImageMiner-main/icdar2026-competition-data/train/atomic-layer-etching/experimental-usecase/14/images/figure_9.jpg,b,reaction scheme,2
/Users/lingzhou/Resource/DataResource/ALD-E-ImageMiner-main/icdar2026-competition-data/train/atomic-layer-etching/experimental-usecase/14/images/figure_11.jpg,a,reaction scheme,3
/Users/lingzhou/Resource/DataResource/ALD-E-ImageMiner-main/icdar2026-competition-data/train/atomic-layer-etching/experimental-usecase/14/images/figure_11.jpg,b,reaction scheme,3
/Users/lingzhou/Resource/DataResource/ALD-E-ImageMiner-main/icdar2026-competition-data/train/atomic-layer-etching/experimental-usecase/14/images/figure_11.jpg,c,reaction scheme,3
/Users/lingzhou/Resource/DataResource/ALD-E-ImageMiner-main/icdar2026-competition-data/train/atomic-layer-etching/experimental-usecase/14/images/figure_8.jpg,a,reaction scheme,2
/Users/lingzhou/Resource/DataResource/ALD-E-ImageMiner-main/icdar2026-competition-data/train/atomic-layer-etching/experimental-usecase/14/images/figure_8.jpg,b,reaction scheme,2
/Users/lingzhou/Resource/DataResource/ALD-E-ImageMiner-main/icdar2026-competition-data/train/atomic-layer-etching/experimental-usecase/14/images/figure_4.jpg,a,reaction scheme,2
/Users/lingzhou/Resource/DataResource/ALD-E-ImageMiner-main/icdar2026-competition-data/train/atomic-layer-etching/experimental-usecase/14/images/figure_4.jpg,b,reaction scheme,2
/Users/lingzhou/Resource/DataResource/ALD-E-ImageMiner-main/icdar2026-competition-data/train/atomic-layer-etching/experimental-usecase/14/images/figure_7.jpg,a,conceptual diagram,2
/Users/lingzhou/Resource/DataResource/ALD-E-ImageMiner-main/icdar2026-competition-data/train/atomic-layer-etching/experimental-usecase/14/images/figure_7.jpg,b,conceptual diagram,2
/Users/lingzhou/Resource/DataResource/ALD-E-ImageMiner-main/icdar2026-competition-data/train/atomic-layer-etching/experimental-usecase/14/images/figure_12.jpg,a,multi-axis chart,1
/Users/lingzhou/Resource/DataResource/ALD-E-ImageMiner-main/icdar2026-competition-data/train/atomic-layer-etching/experimental-usecase/14/images/figure_13.jpg,a,reaction scheme,3
/Users/lingzhou/Resource/DataResource/ALD-E-ImageMiner-main/icdar2026-competition-data/train/atomic-layer-etching/experimental-usecase/14/images/figure_13.jpg,b,reaction scheme,3
/Users/lingzhou/Resource/DataResource/ALD-E-ImageMiner-main/icdar2026-competition-data/train/atomic-layer-etching/experimental-usecase/14/images/figure_13.jpg,c,reaction scheme,3
/Users/lingzhou/Resource/DataResource/ALD-E-ImageMiner-main/icdar2026-competition-data/train/atomic-layer-etching/experimental-usecase/14/images/figure_6.jpg,a,multiple scatter plot,1
/Users/lingzhou/Resource/DataResource/ALD-E-ImageMiner-main/icdar2026-competition-data/train/atomic-layer-etching/experimental-usecase/14/images/figure_14.jpg,a,multiple scatter plot,2
/Users/lingzhou/Resource/DataResource/ALD-E-ImageMiner-main/icdar2026-competition-data/train/atomic-layer-etching/experimental-usecase/14/images/figure_14.jpg,b,scatter plot,2
/Users/lingzhou/Resource/DataResource/ALD-E-ImageMiner-main/icdar2026-competition-data/train/atomic-layer-etching/experimental-usecase/14/images/figure_1.jpg,a,conceptual diagram,1
/Users/lingzhou/Resource/DataResource/ALD-E-ImageMiner-main/icdar2026-competition-data/train/atomic-layer-etching/experimental-usecase/14/images/5a24d10a34dd5e28d6ab429c371bb3dcb7951c6660b1d5b5ea07990118eea01c.jpg,a,reaction scheme,2
/Users/lingzhou/Resource/DataResource/ALD-E-ImageMiner-main/icdar2026-competition-data/train/atomic-layer-etching/experimental-usecase/14/images/5a24d10a34dd5e28d6ab429c371bb3dcb7951c6660b1d5b5ea07990118eea01c.jpg,b,reaction scheme,2
/Users/lingzhou/Resource/DataResource/ALD-E-ImageMiner-main/icdar2026-competition-data/train/atomic-layer-etching/experimental-usecase/14/images/figure_15.jpg,a,reaction scheme,1
/Users/lingzhou/Resource/DataResource/ALD-E-ImageMiner-main/icdar2026-competition-data/train/atomic-layer-etching/experimental-usecase/22/images/figure_2.jpg,a,line chart,1
/Users/lingzhou/Resource/DataResource/ALD-E-ImageMiner-main/icdar2026-competition-data/train/atomic-layer-etching/experimental-usecase/22/images/figure_5.jpg,a,multiple scatter plot,1
/Users/lingzhou/Resource/DataResource/ALD-E-ImageMiner-main/icdar2026-competition-data/train/atomic-layer-etching/experimental-usecase/22/images/figure_9.jpg,a,bar chart,1
/Users/lingzhou/Resource/DataResource/ALD-E-ImageMiner-main/icdar2026-competition-data/train/atomic-layer-etching/experimental-usecase/22/images/figure_10.jpg,a,image panel,3
/Users/lingzhou/Resource/DataResource/ALD-E-ImageMiner-main/icdar2026-competition-data/train/atomic-layer-etching/experimental-usecase/22/images/figure_10.jpg,b,image panel,3
/Users/lingzhou/Resource/DataResource/ALD-E-ImageMiner-main/icdar2026-competition-data/train/atomic-layer-etching/experimental-usecase/22/images/figure_10.jpg,c,image panel,3
/Users/lingzhou/Resource/DataResource/ALD-E-ImageMiner-main/icdar2026-competition-data/train/atomic-layer-etching/experimental-usecase/22/images/figure_8.jpg,a,image panel,3
/Users/lingzhou/Resource/DataResource/ALD-E-ImageMiner-main/icdar2026-competition-data/train/atomic-layer-etching/experimental-usecase/22/images/figure_8.jpg,b,image panel,3
/Users/lingzhou/Resource/DataResource/ALD-E-ImageMiner-main/icdar2026-competition-data/train/atomic-layer-etching/experimental-usecase/22/images/figure_8.jpg,c,image panel,3
/Users/lingzhou/Resource/DataResource/ALD-E-ImageMiner-main/icdar2026-competition-data/train/atomic-layer-etching/experimental-usecase/22/images/figure_4.jpg,a,spectra chart,2
/Users/lingzhou/Resource/DataResource/ALD-E-ImageMiner-main/icdar2026-competition-data/train/atomic-layer-etching/experimental-usecase/22/images/figure_4.jpg,b,spectra chart,2
/Users/lingzhou/Resource/DataResource/ALD-E-ImageMiner-main/icdar2026-competition-data/train/atomic-layer-etching/experimental-usecase/22/images/e491b4d038fdd578fa1d521ec6367993f5d8e0ca7e5b91f94752170244c6b21d.jpg,a,scatter plot,2
/Users/lingzhou/Resource/DataResource/ALD-E-ImageMiner-main/icdar2026-competition-data/train/atomic-layer-etching/experimental-usecase/22/images/e491b4d038fdd578fa1d521ec6367993f5d8e0ca7e5b91f94752170244c6b21d.jpg,b,scatter plot,2
/Users/lingzhou/Resource/DataResource/ALD-E-ImageMiner-main/icdar2026-competition-data/train/atomic-layer-etching/experimental-usecase/22/images/figure_7.jpg,a,multi spectra chart,4
/Users/lingzhou/Resource/DataResource/ALD-E-ImageMiner-main/icdar2026-competition-data/train/atomic-layer-etching/experimental-usecase/22/images/figure_7.jpg,b,multi spectra chart,4
/Users/lingzhou/Resource/DataResource/ALD-E-ImageMiner-main/icdar2026-competition-data/train/atomic-layer-etching/experimental-usecase/22/images/figure_7.jpg,c,multi spectra chart,4
/Users/lingzhou/Resource/DataResource/ALD-E-ImageMiner-main/icdar2026-competition-data/train/atomic-layer-etching/experimental-usecase/22/images/figure_7.jpg,d,multi spectra chart,4
/Users/lingzhou/Resource/DataResource/ALD-E-ImageMiner-main/icdar2026-competition-data/train/atomic-layer-etching/experimental-usecase/22/images/45eefa63d31d4d4a499245ab87f9b41a3d738c18e1400bd96272bb6b861253cb.jpg,a,reaction scheme,1
/Users/lingzhou/Resource/DataResource/ALD-E-ImageMiner-main/icdar2026-competition-data/train/atomic-layer-etching/experimental-usecase/22/images/figure_6.jpg,a,spectra chart,3
/Users/lingzhou/Resource/DataResource/ALD-E-ImageMiner-main/icdar2026-competition-data/train/atomic-layer-etching/experimental-usecase/22/images/figure_6.jpg,b,spectra chart,3
/Users/lingzhou/Resource/DataResource/ALD-E-ImageMiner-main/icdar2026-competition-data/train/atomic-layer-etching/experimental-usecase/22/images/figure_6.jpg,c,spectra chart,3
/Users/lingzhou/Resource/DataResource/ALD-E-ImageMiner-main/icdar2026-competition-data/train/atomic-layer-etching/experimental-usecase/22/images/figure_1.jpg,a,line chart,2
/Users/lingzhou/Resource/DataResource/ALD-E-ImageMiner-main/icdar2026-competition-data/train/atomic-layer-etching/experimental-usecase/22/images/figure_1.jpg,b,line chart,2
/Users/lingzhou/Resource/DataResource/ALD-E-ImageMiner-main/icdar2026-competition-data/train/atomic-layer-etching/simulation-usecase/32/images/fig_1.jpg,a,molecular structure diagram,2
/Users/lingzhou/Resource/DataResource/ALD-E-ImageMiner-main/icdar2026-competition-data/train/atomic-layer-etching/simulation-usecase/32/images/fig_1.jpg,b,molecular structure diagram,2
/Users/lingzhou/Resource/DataResource/ALD-E-ImageMiner-main/icdar2026-competition-data/train/atomic-layer-etching/simulation-usecase/32/images/fig_5.jpg,a,multiple scatter plot,2
/Users/lingzhou/Resource/DataResource/ALD-E-ImageMiner-main/icdar2026-competition-data/train/atomic-layer-etching/simulation-usecase/32/images/fig_5.jpg,b,bar chart,2
/Users/lingzhou/Resource/DataResource/ALD-E-ImageMiner-main/icdar2026-competition-data/train/atomic-layer-etching/simulation-usecase/32/images/fig_4.jpg,a,molecular structure diagram,3
/Users/lingzhou/Resource/DataResource/ALD-E-ImageMiner-main/icdar2026-competition-data/train/atomic-layer-etching/simulation-usecase/32/images/fig_4.jpg,b,molecular structure diagram,3
/Users/lingzhou/Resource/DataResource/ALD-E-ImageMiner-main/icdar2026-competition-data/train/atomic-layer-etching/simulation-usecase/32/images/fig_4.jpg,c,molecular structure diagram,3
/Users/lingzhou/Resource/DataResource/ALD-E-ImageMiner-main/icdar2026-competition-data/train/atomic-layer-etching/simulation-usecase/32/images/fig_3.jpg,a,image panel,3
/Users/lingzhou/Resource/DataResource/ALD-E-ImageMiner-main/icdar2026-competition-data/train/atomic-layer-etching/simulation-usecase/32/images/fig_3.jpg,b,line chart,3
/Users/lingzhou/Resource/DataResource/ALD-E-ImageMiner-main/icdar2026-competition-data/train/atomic-layer-etching/simulation-usecase/32/images/fig_3.jpg,c,molecular structure diagram,3
/Users/lingzhou/Resource/DataResource/ALD-E-ImageMiner-main/icdar2026-competition-data/train/atomic-layer-etching/simulation-usecase/32/images/fig_2.jpg,a,molecular structure diagram,2
/Users/lingzhou/Resource/DataResource/ALD-E-ImageMiner-main/icdar2026-competition-data/train/atomic-layer-etching/simulation-usecase/32/images/fig_2.jpg,b,molecular structure diagram,2
/Users/lingzhou/Resource/DataResource/ALD-E-ImageMiner-main/icdar2026-competition-data/train/atomic-layer-etching/simulation-usecase/35/images/FIG1_b.jpg,a,process flow diagram,1
/Users/lingzhou/Resource/DataResource/ALD-E-ImageMiner-main/icdar2026-competition-data/train/atomic-layer-etching/simulation-usecase/35/images/FIG1.jpg,a,process flow diagram,1
/Users/lingzhou/Resource/DataResource/ALD-E-ImageMiner-main/icdar2026-competition-data/train/atomic-layer-etching/simulation-usecase/35/images/FIG6.jpg,a,molecular structure diagram,4
/Users/lingzhou/Resource/DataResource/ALD-E-ImageMiner-main/icdar2026-competition-data/train/atomic-layer-etching/simulation-usecase/35/images/FIG6.jpg,b,molecular structure diagram,4
/Users/lingzhou/Resource/DataResource/ALD-E-ImageMiner-main/icdar2026-competition-data/train/atomic-layer-etching/simulation-usecase/35/images/FIG6.jpg,c,molecular structure diagram,4
/Users/lingzhou/Resource/DataResource/ALD-E-ImageMiner-main/icdar2026-competition-data/train/atomic-layer-etching/simulation-usecase/35/images/FIG6.jpg,d,molecular structure diagram,4
/Users/lingzhou/Resource/DataResource/ALD-E-ImageMiner-main/icdar2026-competition-data/train/atomic-layer-etching/simulation-usecase/35/images/FIG7.jpg,a,molecular structure diagram,5
/Users/lingzhou/Resource/DataResource/ALD-E-ImageMiner-main/icdar2026-competition-data/train/atomic-layer-etching/simulation-usecase/35/images/FIG7.jpg,b,molecular structure diagram,5
/Users/lingzhou/Resource/DataResource/ALD-E-ImageMiner-main/icdar2026-competition-data/train/atomic-layer-etching/simulation-usecase/35/images/FIG7.jpg,c,molecular structure diagram,5
/Users/lingzhou/Resource/DataResource/ALD-E-ImageMiner-main/icdar2026-competition-data/train/atomic-layer-etching/simulation-usecase/35/images/FIG7.jpg,d,molecular structure diagram,5
/Users/lingzhou/Resource/DataResource/ALD-E-ImageMiner-main/icdar2026-competition-data/train/atomic-layer-etching/simulation-usecase/35/images/FIG7.jpg,e,multiple scatter plot,5
/Users/lingzhou/Resource/DataResource/ALD-E-ImageMiner-main/icdar2026-competition-data/train/atomic-layer-etching/simulation-usecase/35/images/435b0c42ea89c8d2de2dcaea88e499aa20a402f2b076777162ac90d4a10d1a1c.jpg,a,molecular structure diagram,2
/Users/lingzhou/Resource/DataResource/ALD-E-ImageMiner-main/icdar2026-competition-data/train/atomic-layer-etching/simulation-usecase/35/images/435b0c42ea89c8d2de2dcaea88e499aa20a402f2b076777162ac90d4a10d1a1c.jpg,b,scatter plot,2
/Users/lingzhou/Resource/DataResource/ALD-E-ImageMiner-main/icdar2026-competition-data/train/atomic-layer-etching/simulation-usecase/35/images/FIG4.jpg,a,scatter plot,1
/Users/lingzhou/Resource/DataResource/ALD-E-ImageMiner-main/icdar2026-competition-data/train/atomic-layer-etching/simulation-usecase/35/images/FIG5.jpg,a,line chart,5
/Users/lingzhou/Resource/DataResource/ALD-E-ImageMiner-main/icdar2026-competition-data/train/atomic-layer-etching/simulation-usecase/35/images/FIG5.jpg,b,molecular structure diagram,5
/Users/lingzhou/Resource/DataResource/ALD-E-ImageMiner-main/icdar2026-competition-data/train/atomic-layer-etching/simulation-usecase/35/images/FIG5.jpg,c,molecular structure diagram,5
/Users/lingzhou/Resource/DataResource/ALD-E-ImageMiner-main/icdar2026-competition-data/train/atomic-layer-etching/simulation-usecase/35/images/FIG5.jpg,d,molecular structure diagram,5
/Users/lingzhou/Resource/DataResource/ALD-E-ImageMiner-main/icdar2026-competition-data/train/atomic-layer-etching/simulation-usecase/35/images/FIG5.jpg,e,molecular structure diagram,5
/Users/lingzhou/Resource/DataResource/ALD-E-ImageMiner-main/icdar2026-competition-data/train/atomic-layer-etching/simulation-usecase/35/images/FIG2.jpg,a,molecular structure diagram,3
/Users/lingzhou/Resource/DataResource/ALD-E-ImageMiner-main/icdar2026-competition-data/train/atomic-layer-etching/simulation-usecase/35/images/FIG2.jpg,b,molecular structure diagram,3
/Users/lingzhou/Resource/DataResource/ALD-E-ImageMiner-main/icdar2026-competition-data/train/atomic-layer-etching/simulation-usecase/35/images/FIG2.jpg,c,molecular structure diagram,3
/Users/lingzhou/Resource/DataResource/ALD-E-ImageMiner-main/icdar2026-competition-data/train/atomic-layer-etching/simulation-usecase/35/images/FIG1_a.jpg,a,process flow diagram,1
/Users/lingzhou/Resource/DataResource/ALD-E-ImageMiner-main/icdar2026-competition-data/train/atomic-layer-etching/simulation-usecase/35/images/FIG3.jpg,a,molecular structure diagram,20
/Users/lingzhou/Resource/DataResource/ALD-E-ImageMiner-main/icdar2026-competition-data/train/atomic-layer-etching/simulation-usecase/35/images/FIG3.jpg,b,molecular structure diagram,20
/Users/lingzhou/Resource/DataResource/ALD-E-ImageMiner-main/icdar2026-competition-data/train/atomic-layer-etching/simulation-usecase/35/images/FIG3.jpg,c,molecular structure diagram,20
/Users/lingzhou/Resource/DataResource/ALD-E-ImageMiner-main/icdar2026-competition-data/train/atomic-layer-etching/simulation-usecase/35/images/FIG3.jpg,d,molecular structure diagram,20
/Users/lingzhou/Resource/DataResource/ALD-E-ImageMiner-main/icdar2026-competition-data/train/atomic-layer-etching/simulation-usecase/35/images/FIG3.jpg,e,molecular structure diagram,20
/Users/lingzhou/Resource/DataResource/ALD-E-ImageMiner-main/icdar2026-competition-data/train/atomic-layer-etching/simulation-usecase/35/images/FIG3.jpg,f,molecular structure diagram,20
/Users/lingzhou/Resource/DataResource/ALD-E-ImageMiner-main/icdar2026-competition-data/train/atomic-layer-etching/simulation-usecase/35/images/FIG3.jpg,g,molecular structure diagram,20
/Users/lingzhou/Resource/DataResource/ALD-E-ImageMiner-main/icdar2026-competition-data/train/atomic-layer-etching/simulation-usecase/35/images/FIG3.jpg,h,molecular structure diagram,20
/Users/lingzhou/Resource/DataResource/ALD-E-ImageMiner-main/icdar2026-competition-data/train/atomic-layer-etching/simulation-usecase/35/images/FIG3.jpg,i,molecular structure diagram,20
/Users/lingzhou/Resource/DataResource/ALD-E-ImageMiner-main/icdar2026-competition-data/train/atomic-layer-etching/simulation-usecase/35/images/FIG3.jpg,j,molecular structure diagram,20
/Users/lingzhou/Resource/DataResource/ALD-E-ImageMiner-main/icdar2026-competition-data/train/atomic-layer-etching/simulation-usecase/35/images/FIG3.jpg,k,molecular structure diagram,20
/Users/lingzhou/Resource/DataResource/ALD-E-ImageMiner-main/icdar2026-competition-data/train/atomic-layer-etching/simulation-usecase/35/images/FIG3.jpg,l,molecular structure diagram,20
/Users/lingzhou/Resource/DataResource/ALD-E-ImageMiner-main/icdar2026-competition-data/train/atomic-layer-etching/simulation-usecase/35/images/FIG3.jpg,m,molecular structure diagram,20
/Users/lingzhou/Resource/DataResource/ALD-E-ImageMiner-main/icdar2026-competition-data/train/atomic-layer-etching/simulation-usecase/35/images/FIG3.jpg,n,molecular structure diagram,20
/Users/lingzhou/Resource/DataResource/ALD-E-ImageMiner-main/icdar2026-competition-data/train/atomic-layer-etching/simulation-usecase/35/images/FIG3.jpg,o,molecular structure diagram,20
/Users/lingzhou/Resource/DataResource/ALD-E-ImageMiner-main/icdar2026-competition-data/train/atomic-layer-etching/simulation-usecase/35/images/FIG3.jpg,p,molecular structure diagram,20
/Users/lingzhou/Resource/DataResource/ALD-E-ImageMiner-main/icdar2026-competition-data/train/atomic-layer-etching/simulation-usecase/35/images/FIG3.jpg,q,molecular structure diagram,20
/Users/lingzhou/Resource/DataResource/ALD-E-ImageMiner-main/icdar2026-competition-data/train/atomic-layer-etching/simulation-usecase/35/images/FIG3.jpg,r,molecular structure diagram,20
/Users/lingzhou/Resource/DataResource/ALD-E-ImageMiner-main/icdar2026-competition-data/train/atomic-layer-etching/simulation-usecase/35/images/FIG3.jpg,s,molecular structure diagram,20
/Users/lingzhou/Resource/DataResource/ALD-E-ImageMiner-main/icdar2026-competition-data/train/atomic-layer-etching/simulation-usecase/35/images/FIG3.jpg,t,molecular structure diagram,20
/Users/lingzhou/Resource/DataResource/ALD-E-ImageMiner-main/icdar2026-competition-data/train/atomic-layer-etching/simulation-usecase/33/images/figure_3.jpg,a,molecular structure diagram,1
/Users/lingzhou/Resource/DataResource/ALD-E-ImageMiner-main/icdar2026-competition-data/train/atomic-layer-etching/simulation-usecase/33/images/790a18660ab9d0226a6ec3019ccda4733847dfec1a54343f62b838dc7847f716.jpg,a,molecular structure diagram,1
/Users/lingzhou/Resource/DataResource/ALD-E-ImageMiner-main/icdar2026-competition-data/train/atomic-layer-etching/simulation-usecase/33/images/b35acb82e9597c3206baf8d7679e948c379656b685ac44115551d8ac049910e0.jpg,a,molecular structure diagram,1
/Users/lingzhou/Resource/DataResource/ALD-E-ImageMiner-main/icdar2026-competition-data/train/atomic-layer-etching/simulation-usecase/33/images/c7be3f3d0a3f5b7cce1c5f6182cb538c5a79b547f531c40a02988e69d6a039b3.jpg,b,line chart,1
/Users/lingzhou/Resource/DataResource/ALD-E-ImageMiner-main/icdar2026-competition-data/train/atomic-layer-etching/simulation-usecase/33/images/figure_9.jpg,a,line chart,1
/Users/lingzhou/Resource/DataResource/ALD-E-ImageMiner-main/icdar2026-competition-data/train/atomic-layer-etching/simulation-usecase/33/images/cba1d77430c4bd6ed5a5504afd5c2392f1a4b2c993a7e48a57351d5ae0b4aace.jpg,a,molecular structure diagram,1
/Users/lingzhou/Resource/DataResource/ALD-E-ImageMiner-main/icdar2026-competition-data/train/atomic-layer-etching/simulation-usecase/33/images/figure_10.jpg,a,grouped bar chart,1
/Users/lingzhou/Resource/DataResource/ALD-E-ImageMiner-main/icdar2026-competition-data/train/atomic-layer-etching/simulation-usecase/33/images/2c2282f7df6bd2791472996a05fb543334eb45faa350135fb0cae6407836ca72.jpg,a,molecular structure diagram,1
/Users/lingzhou/Resource/DataResource/ALD-E-ImageMiner-main/icdar2026-competition-data/train/atomic-layer-etching/simulation-usecase/33/images/6f8c208d5eeed8369bb6e7d350b5e2b595891618c2b42c610dd61687cd3062c6.jpg,a,molecular structure diagram,1
/Users/lingzhou/Resource/DataResource/ALD-E-ImageMiner-main/icdar2026-competition-data/train/atomic-layer-etching/simulation-usecase/33/images/cc9fbed4724c2e03825a1724a571a580883d94eab2f9d8da7b0ba0b6e81a9933.jpg,a,molecular structure diagram,1
/Users/lingzhou/Resource/DataResource/ALD-E-ImageMiner-main/icdar2026-competition-data/train/atomic-layer-etching/simulation-usecase/33/images/8a80cb301b636349b065c782a8596739ca56704250fa04b4481f225791f3f0a3.jpg,a,scatter plot,1
/Users/lingzhou/Resource/DataResource/ALD-E-ImageMiner-main/icdar2026-competition-data/train/atomic-layer-etching/simulation-usecase/33/images/figure_11.jpg,a,reaction scheme,1
/Users/lingzhou/Resource/DataResource/ALD-E-ImageMiner-main/icdar2026-competition-data/train/atomic-layer-etching/simulation-usecase/33/images/figure_8.jpg,a,molecular structure diagram,1
/Users/lingzhou/Resource/DataResource/ALD-E-ImageMiner-main/icdar2026-competition-data/train/atomic-layer-etching/simulation-usecase/33/images/figure_4.jpg,a,scatter plot,1
/Users/lingzhou/Resource/DataResource/ALD-E-ImageMiner-main/icdar2026-competition-data/train/atomic-layer-etching/simulation-usecase/33/images/bb2147e78941420cabd0558aecfe2d61c69848d1799a5371e8b068ca67d22667.jpg,a,molecular structure diagram,1
/Users/lingzhou/Resource/DataResource/ALD-E-ImageMiner-main/icdar2026-competition-data/train/atomic-layer-etching/simulation-usecase/33/images/figure_7.jpg,a,grouped bar chart,1
/Users/lingzhou/Resource/DataResource/ALD-E-ImageMiner-main/icdar2026-competition-data/train/atomic-layer-etching/simulation-usecase/33/images/fa8b87c2b1d5f083ea93e86b3b26d0d416aaf00adc82d1f1c672e411405f4af6.jpg,a,reaction scheme,1
/Users/lingzhou/Resource/DataResource/ALD-E-ImageMiner-main/icdar2026-competition-data/train/atomic-layer-etching/simulation-usecase/33/images/figure_12.jpg,a,multiple scatter plot,1
/Users/lingzhou/Resource/DataResource/ALD-E-ImageMiner-main/icdar2026-competition-data/train/atomic-layer-etching/simulation-usecase/33/images/4f80ad6bb517a6a7dc64ff0faf1cdcbf0b92399b65f69269988d6c0387e6b73f.jpg,a,multiple line chart,1
/Users/lingzhou/Resource/DataResource/ALD-E-ImageMiner-main/icdar2026-competition-data/train/atomic-layer-etching/simulation-usecase/33/images/figure_6.jpg,a,multiple line chart,1
/Users/lingzhou/Resource/DataResource/ALD-E-ImageMiner-main/icdar2026-competition-data/train/atomic-layer-etching/simulation-usecase/33/images/b94211ee987c031d04fc1c773663dd5b6046a6911289984c0ad218c6710765f2.jpg,a,molecular structure diagram,1
/Users/lingzhou/Resource/DataResource/ALD-E-ImageMiner-main/icdar2026-competition-data/train/atomic-layer-etching/simulation-usecase/33/images/figure_1.jpg,a,reaction scheme,1
/Users/lingzhou/Resource/DataResource/ALD-E-ImageMiner-main/icdar2026-competition-data/train/atomic-layer-etching/simulation-usecase/33/images/54aef25b16ec4f51b16e9d84a9a930c89371e345050a8d628002da041a377e5d.jpg,a,scatter plot,1
/Users/lingzhou/Resource/DataResource/ALD-E-ImageMiner-main/icdar2026-competition-data/train/atomic-layer-etching/simulation-usecase/33/images/5a0741b9cb31104e3bf0c320d41212d88295582f7162c53ccbcf255fe718fc88.jpg,a,reaction scheme,1
/Users/lingzhou/Resource/DataResource/ALD-E-ImageMiner-main/icdar2026-competition-data/train/atomic-layer-etching/simulation-usecase/33/images/2bf83ee5d0350bda7054684c907c864234acb978fe3ffba9b23eba42a75a8833.jpg,a,multiple scatter plot,1
/Users/lingzhou/Resource/DataResource/ALD-E-ImageMiner-main/icdar2026-competition-data/train/atomic-layer-etching/simulation-usecase/33/images/e0b30597d6267e5a8b283de2e5e9336738d2a4221f3476a5194e09ad747a3aec.jpg,a,molecular structure diagram,1
/Users/lingzhou/Resource/DataResource/ALD-E-ImageMiner-main/icdar2026-competition-data/train/atomic-layer-etching/simulation-usecase/20/images/figure_3.jpg,a,multiple line chart,1
/Users/lingzhou/Resource/DataResource/ALD-E-ImageMiner-main/icdar2026-competition-data/train/atomic-layer-etching/simulation-usecase/20/images/figure_2.jpg,a,reaction scheme,2
/Users/lingzhou/Resource/DataResource/ALD-E-ImageMiner-main/icdar2026-competition-data/train/atomic-layer-etching/simulation-usecase/20/images/figure_2.jpg,b,reaction scheme,2
/Users/lingzhou/Resource/DataResource/ALD-E-ImageMiner-main/icdar2026-competition-data/train/atomic-layer-etching/simulation-usecase/20/images/figure_5.jpg,a,multiple line chart,1
/Users/lingzhou/Resource/DataResource/ALD-E-ImageMiner-main/icdar2026-competition-data/train/atomic-layer-etching/simulation-usecase/20/images/figure_9.jpg,a,multi spectra chart,1
/Users/lingzhou/Resource/DataResource/ALD-E-ImageMiner-main/icdar2026-competition-data/train/atomic-layer-etching/simulation-usecase/20/images/figure_10.jpg,a,scatter plot,1
/Users/lingzhou/Resource/DataResource/ALD-E-ImageMiner-main/icdar2026-competition-data/train/atomic-layer-etching/simulation-usecase/20/images/figure_11.jpg,a,scatter plot,1
/Users/lingzhou/Resource/DataResource/ALD-E-ImageMiner-main/icdar2026-competition-data/train/atomic-layer-etching/simulation-usecase/20/images/figure_8.jpg,a,multi spectra chart,1
/Users/lingzhou/Resource/DataResource/ALD-E-ImageMiner-main/icdar2026-competition-data/train/atomic-layer-etching/simulation-usecase/20/images/figure_4.jpg,a,multiple line chart,1
/Users/lingzhou/Resource/DataResource/ALD-E-ImageMiner-main/icdar2026-competition-data/train/atomic-layer-etching/simulation-usecase/20/images/1031ad252a919bf5ebb6de059b0cb2450745c4963579f95c04bd7fd326ddfee1.jpg,a,reaction scheme,1
/Users/lingzhou/Resource/DataResource/ALD-E-ImageMiner-main/icdar2026-competition-data/train/atomic-layer-etching/simulation-usecase/20/images/figure_7.jpg,a,multi spectra chart,1
/Users/lingzhou/Resource/DataResource/ALD-E-ImageMiner-main/icdar2026-competition-data/train/atomic-layer-etching/simulation-usecase/20/images/figure_12.jpg,a,spectra chart,2
/Users/lingzhou/Resource/DataResource/ALD-E-ImageMiner-main/icdar2026-competition-data/train/atomic-layer-etching/simulation-usecase/20/images/figure_12.jpg,b,spectra chart,2
/Users/lingzhou/Resource/DataResource/ALD-E-ImageMiner-main/icdar2026-competition-data/train/atomic-layer-etching/simulation-usecase/20/images/figure_13.jpg,a,multi spectra chart,1
/Users/lingzhou/Resource/DataResource/ALD-E-ImageMiner-main/icdar2026-competition-data/train/atomic-layer-etching/simulation-usecase/20/images/figure_6.jpg,a,contour heatmap,3
/Users/lingzhou/Resource/DataResource/ALD-E-ImageMiner-main/icdar2026-competition-data/train/atomic-layer-etching/simulation-usecase/20/images/figure_6.jpg,b,contour heatmap,3
/Users/lingzhou/Resource/DataResource/ALD-E-ImageMiner-main/icdar2026-competition-data/train/atomic-layer-etching/simulation-usecase/20/images/figure_6.jpg,c,contour heatmap,3
/Users/lingzhou/Resource/DataResource/ALD-E-ImageMiner-main/icdar2026-competition-data/train/atomic-layer-etching/simulation-usecase/20/images/figure_14.jpg,a,spectra chart,2
/Users/lingzhou/Resource/DataResource/ALD-E-ImageMiner-main/icdar2026-competition-data/train/atomic-layer-etching/simulation-usecase/20/images/figure_14.jpg,b,spectra chart,2
/Users/lingzhou/Resource/DataResource/ALD-E-ImageMiner-main/icdar2026-competition-data/train/atomic-layer-etching/simulation-usecase/20/images/figure_1.jpg,a,molecular structure diagram,2
/Users/lingzhou/Resource/DataResource/ALD-E-ImageMiner-main/icdar2026-competition-data/train/atomic-layer-etching/simulation-usecase/20/images/figure_1.jpg,b,molecular structure diagram,2
/Users/lingzhou/Resource/DataResource/ALD-E-ImageMiner-main/icdar2026-competition-data/train/atomic-layer-etching/simulation-usecase/27/images/fig_1.jpg,a,device structure diagram,2
/Users/lingzhou/Resource/DataResource/ALD-E-ImageMiner-main/icdar2026-competition-data/train/atomic-layer-etching/simulation-usecase/27/images/fig_1.jpg,b,device structure diagram,2
/Users/lingzhou/Resource/DataResource/ALD-E-ImageMiner-main/icdar2026-competition-data/train/atomic-layer-etching/simulation-usecase/27/images/fig_7.jpg,a,multiple scatter plot,1
/Users/lingzhou/Resource/DataResource/ALD-E-ImageMiner-main/icdar2026-competition-data/train/atomic-layer-etching/simulation-usecase/27/images/fig_10.jpg,a,multiple scatter plot,1
/Users/lingzhou/Resource/DataResource/ALD-E-ImageMiner-main/icdar2026-competition-data/train/atomic-layer-etching/simulation-usecase/27/images/fig_11.jpg,a,multi-axis chart,3
/Users/lingzhou/Resource/DataResource/ALD-E-ImageMiner-main/icdar2026-competition-data/train/atomic-layer-etching/simulation-usecase/27/images/fig_11.jpg,b,spectra chart,3
/Users/lingzhou/Resource/DataResource/ALD-E-ImageMiner-main/icdar2026-competition-data/train/atomic-layer-etching/simulation-usecase/27/images/fig_11.jpg,c,spectra chart,3
/Users/lingzhou/Resource/DataResource/ALD-E-ImageMiner-main/icdar2026-competition-data/train/atomic-layer-etching/simulation-usecase/27/images/fig_6.jpg,a,scatter plot,2
/Users/lingzhou/Resource/DataResource/ALD-E-ImageMiner-main/icdar2026-competition-data/train/atomic-layer-etching/simulation-usecase/27/images/fig_6.jpg,b,scatter plot,2
/Users/lingzhou/Resource/DataResource/ALD-E-ImageMiner-main/icdar2026-competition-data/train/atomic-layer-etching/simulation-usecase/27/images/fig_9.jpg,a,scatter plot,1
/Users/lingzhou/Resource/DataResource/ALD-E-ImageMiner-main/icdar2026-competition-data/train/atomic-layer-etching/simulation-usecase/27/images/fig_5.jpg,a,multiple scatter plot,2
/Users/lingzhou/Resource/DataResource/ALD-E-ImageMiner-main/icdar2026-competition-data/train/atomic-layer-etching/simulation-usecase/27/images/fig_5.jpg,b,multiple scatter plot,2
/Users/lingzhou/Resource/DataResource/ALD-E-ImageMiner-main/icdar2026-competition-data/train/atomic-layer-etching/simulation-usecase/27/images/fig_4.jpg,a,multiple line chart,1
/Users/lingzhou/Resource/DataResource/ALD-E-ImageMiner-main/icdar2026-competition-data/train/atomic-layer-etching/simulation-usecase/27/images/fig_8.jpg,a,heatmap,2
/Users/lingzhou/Resource/DataResource/ALD-E-ImageMiner-main/icdar2026-competition-data/train/atomic-layer-etching/simulation-usecase/27/images/fig_8.jpg,b,heatmap,2
/Users/lingzhou/Resource/DataResource/ALD-E-ImageMiner-main/icdar2026-competition-data/train/atomic-layer-etching/simulation-usecase/27/images/fig_3.jpg,a,multiple line chart,2
/Users/lingzhou/Resource/DataResource/ALD-E-ImageMiner-main/icdar2026-competition-data/train/atomic-layer-etching/simulation-usecase/27/images/fig_3.jpg,b,stacked spectra chart,2
/Users/lingzhou/Resource/DataResource/ALD-E-ImageMiner-main/icdar2026-competition-data/train/atomic-layer-etching/simulation-usecase/27/images/fig_2.jpg,a,process timing diagram,1
/Users/lingzhou/Resource/DataResource/ALD-E-ImageMiner-main/icdar2026-competition-data/train/atomic-layer-etching/simulation-usecase/9/images/fig_1.jpg,a,conceptual diagram,1
/Users/lingzhou/Resource/DataResource/ALD-E-ImageMiner-main/icdar2026-competition-data/train/atomic-layer-etching/simulation-usecase/9/images/fig_7.jpg,a,multiple line chart,1
/Users/lingzhou/Resource/DataResource/ALD-E-ImageMiner-main/icdar2026-competition-data/train/atomic-layer-etching/simulation-usecase/9/images/fig_6.jpg,a,molecular structure diagram,2
/Users/lingzhou/Resource/DataResource/ALD-E-ImageMiner-main/icdar2026-competition-data/train/atomic-layer-etching/simulation-usecase/9/images/fig_6.jpg,b,molecular structure diagram,2
/Users/lingzhou/Resource/DataResource/ALD-E-ImageMiner-main/icdar2026-competition-data/train/atomic-layer-etching/simulation-usecase/9/images/42b2341dcb88232a2b3d8fc38fe7c5cbc5345d5e59715edb80a39db016f6f34c.jpg,a,line chart,1
/Users/lingzhou/Resource/DataResource/ALD-E-ImageMiner-main/icdar2026-competition-data/train/atomic-layer-etching/simulation-usecase/9/images/fig_5.jpg,a,molecular structure diagram,2
/Users/lingzhou/Resource/DataResource/ALD-E-ImageMiner-main/icdar2026-competition-data/train/atomic-layer-etching/simulation-usecase/9/images/fig_5.jpg,b,molecular structure diagram,2
/Users/lingzhou/Resource/DataResource/ALD-E-ImageMiner-main/icdar2026-competition-data/train/atomic-layer-etching/simulation-usecase/9/images/fig_4.jpg,a,molecular structure diagram,1
/Users/lingzhou/Resource/DataResource/ALD-E-ImageMiner-main/icdar2026-competition-data/train/atomic-layer-etching/simulation-usecase/9/images/7baa4716e9481baedd41b98299641dd1d9d8c7a8d8822302e69201e249736830.jpg,a,process flow diagram,1
/Users/lingzhou/Resource/DataResource/ALD-E-ImageMiner-main/icdar2026-competition-data/train/atomic-layer-etching/simulation-usecase/9/images/fig_3.jpg,a,scatter plot,2
/Users/lingzhou/Resource/DataResource/ALD-E-ImageMiner-main/icdar2026-competition-data/train/atomic-layer-etching/simulation-usecase/9/images/fig_3.jpg,b,scatter plot,2
/Users/lingzhou/Resource/DataResource/ALD-E-ImageMiner-main/icdar2026-competition-data/train/atomic-layer-etching/simulation-usecase/9/images/1efb120580ad0809db6986794a53a1e9c383b07153d625e10037bb0738d83671.jpg,a,line chart,2
/Users/lingzhou/Resource/DataResource/ALD-E-ImageMiner-main/icdar2026-competition-data/train/atomic-layer-etching/simulation-usecase/9/images/1efb120580ad0809db6986794a53a1e9c383b07153d625e10037bb0738d83671.jpg,b,line chart,2
/Users/lingzhou/Resource/DataResource/ALD-E-ImageMiner-main/icdar2026-competition-data/train/atomic-layer-etching/simulation-usecase/9/images/fig_2.jpg,a,molecular structure diagram,2
/Users/lingzhou/Resource/DataResource/ALD-E-ImageMiner-main/icdar2026-competition-data/train/atomic-layer-etching/simulation-usecase/9/images/fig_2.jpg,b,molecular structure diagram,2
/Users/lingzhou/Resource/DataResource/ALD-E-ImageMiner-main/icdar2026-competition-data/train/atomic-layer-etching/simulation-usecase/29/images/fig_1.jpg,a,reaction scheme,1
/Users/lingzhou/Resource/DataResource/ALD-E-ImageMiner-main/icdar2026-competition-data/train/atomic-layer-etching/simulation-usecase/29/images/fig_7.jpg,a,conceptual diagram,1
/Users/lingzhou/Resource/DataResource/ALD-E-ImageMiner-main/icdar2026-competition-data/train/atomic-layer-etching/simulation-usecase/29/images/fig_10.jpg,a,conceptual diagram,3
/Users/lingzhou/Resource/DataResource/ALD-E-ImageMiner-main/icdar2026-competition-data/train/atomic-layer-etching/simulation-usecase/29/images/fig_10.jpg,b,conceptual diagram,3
/Users/lingzhou/Resource/DataResource/ALD-E-ImageMiner-main/icdar2026-competition-data/train/atomic-layer-etching/simulation-usecase/29/images/fig_10.jpg,c,conceptual diagram,3
/Users/lingzhou/Resource/DataResource/ALD-E-ImageMiner-main/icdar2026-competition-data/train/atomic-layer-etching/simulation-usecase/29/images/fig_11.jpg,a,conceptual diagram,1
/Users/lingzhou/Resource/DataResource/ALD-E-ImageMiner-main/icdar2026-competition-data/train/atomic-layer-etching/simulation-usecase/29/images/fig_6.jpg,a,conceptual diagram,1
/Users/lingzhou/Resource/DataResource/ALD-E-ImageMiner-main/icdar2026-competition-data/train/atomic-layer-etching/simulation-usecase/29/images/fig_9.jpg,a,conceptual diagram,1
/Users/lingzhou/Resource/DataResource/ALD-E-ImageMiner-main/icdar2026-competition-data/train/atomic-layer-etching/simulation-usecase/29/images/fig_12.jpg,a,conceptual diagram,2
/Users/lingzhou/Resource/DataResource/ALD-E-ImageMiner-main/icdar2026-competition-data/train/atomic-layer-etching/simulation-usecase/29/images/fig_12.jpg,b,conceptual diagram,2
/Users/lingzhou/Resource/DataResource/ALD-E-ImageMiner-main/icdar2026-competition-data/train/atomic-layer-etching/simulation-usecase/29/images/fig_5.jpg,a,molecular structure diagram,5
/Users/lingzhou/Resource/DataResource/ALD-E-ImageMiner-main/icdar2026-competition-data/train/atomic-layer-etching/simulation-usecase/29/images/fig_5.jpg,b,molecular structure diagram,5
/Users/lingzhou/Resource/DataResource/ALD-E-ImageMiner-main/icdar2026-competition-data/train/atomic-layer-etching/simulation-usecase/29/images/fig_5.jpg,c,molecular structure diagram,5
/Users/lingzhou/Resource/DataResource/ALD-E-ImageMiner-main/icdar2026-competition-data/train/atomic-layer-etching/simulation-usecase/29/images/fig_5.jpg,d,molecular structure diagram,5
/Users/lingzhou/Resource/DataResource/ALD-E-ImageMiner-main/icdar2026-competition-data/train/atomic-layer-etching/simulation-usecase/29/images/fig_5.jpg,e,molecular structure diagram,5
/Users/lingzhou/Resource/DataResource/ALD-E-ImageMiner-main/icdar2026-competition-data/train/atomic-layer-etching/simulation-usecase/29/images/fig_4.jpg,a,conceptual diagram,1
/Users/lingzhou/Resource/DataResource/ALD-E-ImageMiner-main/icdar2026-competition-data/train/atomic-layer-etching/simulation-usecase/29/images/fig_13.jpg,a,unknown,2
/Users/lingzhou/Resource/DataResource/ALD-E-ImageMiner-main/icdar2026-competition-data/train/atomic-layer-etching/simulation-usecase/29/images/fig_13.jpg,b,multiple line chart,2
/Users/lingzhou/Resource/DataResource/ALD-E-ImageMiner-main/icdar2026-competition-data/train/atomic-layer-etching/simulation-usecase/29/images/fig_8.jpg,a,conceptual diagram,1
/Users/lingzhou/Resource/DataResource/ALD-E-ImageMiner-main/icdar2026-competition-data/train/atomic-layer-etching/simulation-usecase/29/images/fig_14.jpg,a,conceptual diagram,1
/Users/lingzhou/Resource/DataResource/ALD-E-ImageMiner-main/icdar2026-competition-data/train/atomic-layer-etching/simulation-usecase/29/images/fig_3.jpg,a,multi spectra chart,2
/Users/lingzhou/Resource/DataResource/ALD-E-ImageMiner-main/icdar2026-competition-data/train/atomic-layer-etching/simulation-usecase/29/images/fig_3.jpg,b,multi spectra chart,2
/Users/lingzhou/Resource/DataResource/ALD-E-ImageMiner-main/icdar2026-competition-data/train/atomic-layer-etching/simulation-usecase/29/images/fig_2.jpg,a,molecular structure diagram,3
/Users/lingzhou/Resource/DataResource/ALD-E-ImageMiner-main/icdar2026-competition-data/train/atomic-layer-etching/simulation-usecase/29/images/fig_2.jpg,b,molecular structure diagram,3
/Users/lingzhou/Resource/DataResource/ALD-E-ImageMiner-main/icdar2026-competition-data/train/atomic-layer-etching/simulation-usecase/29/images/fig_2.jpg,c,molecular structure diagram,3
/Users/lingzhou/Resource/DataResource/ALD-E-ImageMiner-main/icdar2026-competition-data/train/atomic-layer-etching/simulation-usecase/16/images/fig_1.jpg,a,apparatus diagram,2
/Users/lingzhou/Resource/DataResource/ALD-E-ImageMiner-main/icdar2026-competition-data/train/atomic-layer-etching/simulation-usecase/16/images/fig_1.jpg,b,apparatus diagram,2
/Users/lingzhou/Resource/DataResource/ALD-E-ImageMiner-main/icdar2026-competition-data/train/atomic-layer-etching/simulation-usecase/16/images/fig_7.jpg,a,multiple line chart,4
/Users/lingzhou/Resource/DataResource/ALD-E-ImageMiner-main/icdar2026-competition-data/train/atomic-layer-etching/simulation-usecase/16/images/fig_7.jpg,b,multiple line chart,4
/Users/lingzhou/Resource/DataResource/ALD-E-ImageMiner-main/icdar2026-competition-data/train/atomic-layer-etching/simulation-usecase/16/images/fig_7.jpg,c,multiple line chart,4
/Users/lingzhou/Resource/DataResource/ALD-E-ImageMiner-main/icdar2026-competition-data/train/atomic-layer-etching/simulation-usecase/16/images/fig_7.jpg,d,multiple line chart,4
/Users/lingzhou/Resource/DataResource/ALD-E-ImageMiner-main/icdar2026-competition-data/train/atomic-layer-etching/simulation-usecase/16/images/fig_10.jpg,a,heatmap,2
/Users/lingzhou/Resource/DataResource/ALD-E-ImageMiner-main/icdar2026-competition-data/train/atomic-layer-etching/simulation-usecase/16/images/fig_10.jpg,b,heatmap,2
/Users/lingzhou/Resource/DataResource/ALD-E-ImageMiner-main/icdar2026-competition-data/train/atomic-layer-etching/simulation-usecase/16/images/fig_11.jpg,a,scatter plot,2
/Users/lingzhou/Resource/DataResource/ALD-E-ImageMiner-main/icdar2026-competition-data/train/atomic-layer-etching/simulation-usecase/16/images/fig_11.jpg,b,multiple scatter plot,2
/Users/lingzhou/Resource/DataResource/ALD-E-ImageMiner-main/icdar2026-competition-data/train/atomic-layer-etching/simulation-usecase/16/images/fig_6.jpg,a,multiple line chart,4
/Users/lingzhou/Resource/DataResource/ALD-E-ImageMiner-main/icdar2026-competition-data/train/atomic-layer-etching/simulation-usecase/16/images/fig_6.jpg,b,multiple line chart,4
/Users/lingzhou/Resource/DataResource/ALD-E-ImageMiner-main/icdar2026-competition-data/train/atomic-layer-etching/simulation-usecase/16/images/fig_6.jpg,c,multiple line chart,4
/Users/lingzhou/Resource/DataResource/ALD-E-ImageMiner-main/icdar2026-competition-data/train/atomic-layer-etching/simulation-usecase/16/images/fig_6.jpg,d,multiple line chart,4
/Users/lingzhou/Resource/DataResource/ALD-E-ImageMiner-main/icdar2026-competition-data/train/atomic-layer-etching/simulation-usecase/16/images/fig_9.jpg,a,heatmap,2
/Users/lingzhou/Resource/DataResource/ALD-E-ImageMiner-main/icdar2026-competition-data/train/atomic-layer-etching/simulation-usecase/16/images/fig_9.jpg,b,heatmap,2
/Users/lingzhou/Resource/DataResource/ALD-E-ImageMiner-main/icdar2026-competition-data/train/atomic-layer-etching/simulation-usecase/16/images/fig_12.jpg,a,multiple scatter plot,1
/Users/lingzhou/Resource/DataResource/ALD-E-ImageMiner-main/icdar2026-competition-data/train/atomic-layer-etching/simulation-usecase/16/images/fig_5.jpg,a,conceptual diagram,1
/Users/lingzhou/Resource/DataResource/ALD-E-ImageMiner-main/icdar2026-competition-data/train/atomic-layer-etching/simulation-usecase/16/images/fig_4.jpg,a,reaction scheme,1
/Users/lingzhou/Resource/DataResource/ALD-E-ImageMiner-main/icdar2026-competition-data/train/atomic-layer-etching/simulation-usecase/16/images/fig_8.jpg,a,multiple line chart,4
/Users/lingzhou/Resource/DataResource/ALD-E-ImageMiner-main/icdar2026-competition-data/train/atomic-layer-etching/simulation-usecase/16/images/fig_8.jpg,b,multiple line chart,4
/Users/lingzhou/Resource/DataResource/ALD-E-ImageMiner-main/icdar2026-competition-data/train/atomic-layer-etching/simulation-usecase/16/images/fig_8.jpg,c,multiple line chart,4
/Users/lingzhou/Resource/DataResource/ALD-E-ImageMiner-main/icdar2026-competition-data/train/atomic-layer-etching/simulation-usecase/16/images/fig_8.jpg,d,multiple line chart,4
/Users/lingzhou/Resource/DataResource/ALD-E-ImageMiner-main/icdar2026-competition-data/train/atomic-layer-etching/simulation-usecase/16/images/fig_3.jpg,a,workflow diagram,1
/Users/lingzhou/Resource/DataResource/ALD-E-ImageMiner-main/icdar2026-competition-data/train/atomic-layer-etching/simulation-usecase/16/images/fig_2.jpg,a,apparatus diagram,2
/Users/lingzhou/Resource/DataResource/ALD-E-ImageMiner-main/icdar2026-competition-data/train/atomic-layer-etching/simulation-usecase/16/images/fig_2.jpg,b,process flow diagram,2
/Users/lingzhou/Resource/DataResource/ALD-E-ImageMiner-main/icdar2026-competition-data/train/atomic-layer-etching/simulation-usecase/6/images/fig_1.jpg,a,device structure diagram,1
/Users/lingzhou/Resource/DataResource/ALD-E-ImageMiner-main/icdar2026-competition-data/train/atomic-layer-etching/simulation-usecase/6/images/fig_7.jpg,a,multi-axis chart,1
/Users/lingzhou/Resource/DataResource/ALD-E-ImageMiner-main/icdar2026-competition-data/train/atomic-layer-etching/simulation-usecase/6/images/fig_10.jpg,a,multi spectra chart,1
/Users/lingzhou/Resource/DataResource/ALD-E-ImageMiner-main/icdar2026-competition-data/train/atomic-layer-etching/simulation-usecase/6/images/fig_11.jpg,a,multi spectra chart,1
/Users/lingzhou/Resource/DataResource/ALD-E-ImageMiner-main/icdar2026-competition-data/train/atomic-layer-etching/simulation-usecase/6/images/fig_6.jpg,a,multi-axis chart,1
/Users/lingzhou/Resource/DataResource/ALD-E-ImageMiner-main/icdar2026-competition-data/train/atomic-layer-etching/simulation-usecase/6/images/fig_9.jpg,a,multi spectra chart,1
/Users/lingzhou/Resource/DataResource/ALD-E-ImageMiner-main/icdar2026-competition-data/train/atomic-layer-etching/simulation-usecase/6/images/fig_12.jpg,a,multiple scatter plot,2
/Users/lingzhou/Resource/DataResource/ALD-E-ImageMiner-main/icdar2026-competition-data/train/atomic-layer-etching/simulation-usecase/6/images/fig_12.jpg,b,multiple scatter plot,2
/Users/lingzhou/Resource/DataResource/ALD-E-ImageMiner-main/icdar2026-competition-data/train/atomic-layer-etching/simulation-usecase/6/images/fig_5.jpg,a,conceptual diagram,1
/Users/lingzhou/Resource/DataResource/ALD-E-ImageMiner-main/icdar2026-competition-data/train/atomic-layer-etching/simulation-usecase/6/images/fig_4.jpg,a,conceptual diagram,1
/Users/lingzhou/Resource/DataResource/ALD-E-ImageMiner-main/icdar2026-competition-data/train/atomic-layer-etching/simulation-usecase/6/images/fig_13.jpg,a,multiple scatter plot,2
/Users/lingzhou/Resource/DataResource/ALD-E-ImageMiner-main/icdar2026-competition-data/train/atomic-layer-etching/simulation-usecase/6/images/fig_13.jpg,b,multiple scatter plot,2
/Users/lingzhou/Resource/DataResource/ALD-E-ImageMiner-main/icdar2026-competition-data/train/atomic-layer-etching/simulation-usecase/6/images/fig_8.jpg,a,multiple scatter plot,1
/Users/lingzhou/Resource/DataResource/ALD-E-ImageMiner-main/icdar2026-competition-data/train/atomic-layer-etching/simulation-usecase/6/images/fig2.jpg,a,multiple line chart,1
/Users/lingzhou/Resource/DataResource/ALD-E-ImageMiner-main/icdar2026-competition-data/train/atomic-layer-etching/simulation-usecase/6/images/fig_14.jpg,a,multiple scatter plot,2
/Users/lingzhou/Resource/DataResource/ALD-E-ImageMiner-main/icdar2026-competition-data/train/atomic-layer-etching/simulation-usecase/6/images/fig_14.jpg,b,multiple scatter plot,2
/Users/lingzhou/Resource/DataResource/ALD-E-ImageMiner-main/icdar2026-competition-data/train/atomic-layer-etching/simulation-usecase/6/images/fig_3.jpg,a,conceptual diagram,1
/Users/lingzhou/Resource/DataResource/ALD-E-ImageMiner-main/icdar2026-competition-data/train/atomic-layer-etching/simulation-usecase/6/images/fig_15.jpg,a,scatter plot,2
/Users/lingzhou/Resource/DataResource/ALD-E-ImageMiner-main/icdar2026-competition-data/train/atomic-layer-etching/simulation-usecase/6/images/fig_15.jpg,b,box plot,2
/Users/lingzhou/Resource/DataResource/ALD-E-ImageMiner-main/icdar2026-competition-data/train/atomic-layer-etching/simulation-usecase/17/images/fig_1.jpg,a,reaction scheme,1
/Users/lingzhou/Resource/DataResource/ALD-E-ImageMiner-main/icdar2026-competition-data/train/atomic-layer-etching/simulation-usecase/17/images/fig1.jpg,a,multi-axis chart,2
/Users/lingzhou/Resource/DataResource/ALD-E-ImageMiner-main/icdar2026-competition-data/train/atomic-layer-etching/simulation-usecase/17/images/fig1.jpg,b,multi-axis chart,2
/Users/lingzhou/Resource/DataResource/ALD-E-ImageMiner-main/icdar2026-competition-data/train/atomic-layer-etching/simulation-usecase/17/images/fig_10.jpg,a,multi-axis chart,1
/Users/lingzhou/Resource/DataResource/ALD-E-ImageMiner-main/icdar2026-competition-data/train/atomic-layer-etching/simulation-usecase/17/images/fig7.jpg,a,multiple scatter plot,4
/Users/lingzhou/Resource/DataResource/ALD-E-ImageMiner-main/icdar2026-competition-data/train/atomic-layer-etching/simulation-usecase/17/images/fig7.jpg,b,multiple scatter plot,4
/Users/lingzhou/Resource/DataResource/ALD-E-ImageMiner-main/icdar2026-competition-data/train/atomic-layer-etching/simulation-usecase/17/images/fig7.jpg,c,multiple scatter plot,4
/Users/lingzhou/Resource/DataResource/ALD-E-ImageMiner-main/icdar2026-competition-data/train/atomic-layer-etching/simulation-usecase/17/images/fig7.jpg,d,multiple scatter plot,4
/Users/lingzhou/Resource/DataResource/ALD-E-ImageMiner-main/icdar2026-competition-data/train/atomic-layer-etching/simulation-usecase/17/images/fig_6.jpg,a,contour heatmap,4
/Users/lingzhou/Resource/DataResource/ALD-E-ImageMiner-main/icdar2026-competition-data/train/atomic-layer-etching/simulation-usecase/17/images/fig_6.jpg,b,contour heatmap,4
/Users/lingzhou/Resource/DataResource/ALD-E-ImageMiner-main/icdar2026-competition-data/train/atomic-layer-etching/simulation-usecase/17/images/fig_6.jpg,c,contour heatmap,4
/Users/lingzhou/Resource/DataResource/ALD-E-ImageMiner-main/icdar2026-competition-data/train/atomic-layer-etching/simulation-usecase/17/images/fig_6.jpg,d,contour heatmap,4
/Users/lingzhou/Resource/DataResource/ALD-E-ImageMiner-main/icdar2026-competition-data/train/atomic-layer-etching/simulation-usecase/17/images/fig_9.jpg,a,contour heatmap,4
/Users/lingzhou/Resource/DataResource/ALD-E-ImageMiner-main/icdar2026-competition-data/train/atomic-layer-etching/simulation-usecase/17/images/fig_9.jpg,b,contour heatmap,4
/Users/lingzhou/Resource/DataResource/ALD-E-ImageMiner-main/icdar2026-competition-data/train/atomic-layer-etching/simulation-usecase/17/images/fig_9.jpg,c,contour heatmap,4
/Users/lingzhou/Resource/DataResource/ALD-E-ImageMiner-main/icdar2026-competition-data/train/atomic-layer-etching/simulation-usecase/17/images/fig_9.jpg,d,contour heatmap,4
/Users/lingzhou/Resource/DataResource/ALD-E-ImageMiner-main/icdar2026-competition-data/train/atomic-layer-etching/simulation-usecase/17/images/fig4.jpg,a,apparatus diagram,4
/Users/lingzhou/Resource/DataResource/ALD-E-ImageMiner-main/icdar2026-competition-data/train/atomic-layer-etching/simulation-usecase/17/images/fig4.jpg,b,apparatus diagram,4
/Users/lingzhou/Resource/DataResource/ALD-E-ImageMiner-main/icdar2026-competition-data/train/atomic-layer-etching/simulation-usecase/17/images/fig4.jpg,c,apparatus diagram,4
/Users/lingzhou/Resource/DataResource/ALD-E-ImageMiner-main/icdar2026-competition-data/train/atomic-layer-etching/simulation-usecase/17/images/fig4.jpg,d,apparatus diagram,4
/Users/lingzhou/Resource/DataResource/ALD-E-ImageMiner-main/icdar2026-competition-data/train/atomic-layer-etching/simulation-usecase/17/images/fig_5.jpg,a,contour heatmap,4
/Users/lingzhou/Resource/DataResource/ALD-E-ImageMiner-main/icdar2026-competition-data/train/atomic-layer-etching/simulation-usecase/17/images/fig_5.jpg,b,contour heatmap,4
/Users/lingzhou/Resource/DataResource/ALD-E-ImageMiner-main/icdar2026-competition-data/train/atomic-layer-etching/simulation-usecase/17/images/fig_5.jpg,c,contour heatmap,4
/Users/lingzhou/Resource/DataResource/ALD-E-ImageMiner-main/icdar2026-competition-data/train/atomic-layer-etching/simulation-usecase/17/images/fig_5.jpg,d,contour heatmap,4
/Users/lingzhou/Resource/DataResource/ALD-E-ImageMiner-main/icdar2026-competition-data/train/atomic-layer-etching/simulation-usecase/17/images/fig_8.jpg,a,contour heatmap,4
/Users/lingzhou/Resource/DataResource/ALD-E-ImageMiner-main/icdar2026-competition-data/train/atomic-layer-etching/simulation-usecase/17/images/fig_8.jpg,b,contour heatmap,4
/Users/lingzhou/Resource/DataResource/ALD-E-ImageMiner-main/icdar2026-competition-data/train/atomic-layer-etching/simulation-usecase/17/images/fig_8.jpg,c,contour heatmap,4
/Users/lingzhou/Resource/DataResource/ALD-E-ImageMiner-main/icdar2026-competition-data/train/atomic-layer-etching/simulation-usecase/17/images/fig_8.jpg,d,contour heatmap,4
/Users/lingzhou/Resource/DataResource/ALD-E-ImageMiner-main/icdar2026-competition-data/train/atomic-layer-etching/simulation-usecase/17/images/fig_3.jpg,a,apparatus diagram,4
/Users/lingzhou/Resource/DataResource/ALD-E-ImageMiner-main/icdar2026-competition-data/train/atomic-layer-etching/simulation-usecase/17/images/fig_3.jpg,b,apparatus diagram,4
/Users/lingzhou/Resource/DataResource/ALD-E-ImageMiner-main/icdar2026-competition-data/train/atomic-layer-etching/simulation-usecase/17/images/fig_3.jpg,c,apparatus diagram,4
/Users/lingzhou/Resource/DataResource/ALD-E-ImageMiner-main/icdar2026-competition-data/train/atomic-layer-etching/simulation-usecase/17/images/fig_3.jpg,d,apparatus diagram,4
/Users/lingzhou/Resource/DataResource/ALD-E-ImageMiner-main/icdar2026-competition-data/train/atomic-layer-etching/simulation-usecase/17/images/fig_2.jpg,a,image panel,2
/Users/lingzhou/Resource/DataResource/ALD-E-ImageMiner-main/icdar2026-competition-data/train/atomic-layer-etching/simulation-usecase/17/images/fig_2.jpg,b,image panel,2
/Users/lingzhou/Resource/DataResource/ALD-E-ImageMiner-main/icdar2026-competition-data/train/atomic-layer-etching/simulation-usecase/19/images/fig_1.jpg,a,conceptual diagram,1
/Users/lingzhou/Resource/DataResource/ALD-E-ImageMiner-main/icdar2026-competition-data/train/atomic-layer-etching/simulation-usecase/19/images/fig_16.jpg,a,multiple line chart,2
/Users/lingzhou/Resource/DataResource/ALD-E-ImageMiner-main/icdar2026-competition-data/train/atomic-layer-etching/simulation-usecase/19/images/fig_16.jpg,b,multiple line chart,2
/Users/lingzhou/Resource/DataResource/ALD-E-ImageMiner-main/icdar2026-competition-data/train/atomic-layer-etching/simulation-usecase/19/images/fig_20.jpg,a,conceptual diagram,2
/Users/lingzhou/Resource/DataResource/ALD-E-ImageMiner-main/icdar2026-competition-data/train/atomic-layer-etching/simulation-usecase/19/images/fig_20.jpg,b,multiple scatter plot,2
/Users/lingzhou/Resource/DataResource/ALD-E-ImageMiner-main/icdar2026-competition-data/train/atomic-layer-etching/simulation-usecase/19/images/fig_17.jpg,a,contour heatmap,3
/Users/lingzhou/Resource/DataResource/ALD-E-ImageMiner-main/icdar2026-competition-data/train/atomic-layer-etching/simulation-usecase/19/images/fig_17.jpg,b,contour heatmap,3
/Users/lingzhou/Resource/DataResource/ALD-E-ImageMiner-main/icdar2026-competition-data/train/atomic-layer-etching/simulation-usecase/19/images/fig_17.jpg,c,contour heatmap,3
/Users/lingzhou/Resource/DataResource/ALD-E-ImageMiner-main/icdar2026-competition-data/train/atomic-layer-etching/simulation-usecase/19/images/fig_7.jpg,a,conceptual diagram,2
/Users/lingzhou/Resource/DataResource/ALD-E-ImageMiner-main/icdar2026-competition-data/train/atomic-layer-etching/simulation-usecase/19/images/fig_7.jpg,b,spectra chart,2
/Users/lingzhou/Resource/DataResource/ALD-E-ImageMiner-main/icdar2026-competition-data/train/atomic-layer-etching/simulation-usecase/19/images/fig_10.jpg,a,multiple line chart,2
/Users/lingzhou/Resource/DataResource/ALD-E-ImageMiner-main/icdar2026-competition-data/train/atomic-layer-etching/simulation-usecase/19/images/fig_10.jpg,b,multiple line chart,2
/Users/lingzhou/Resource/DataResource/ALD-E-ImageMiner-main/icdar2026-competition-data/train/atomic-layer-etching/simulation-usecase/19/images/fig_11.jpg,a,contour heatmap,2
/Users/lingzhou/Resource/DataResource/ALD-E-ImageMiner-main/icdar2026-competition-data/train/atomic-layer-etching/simulation-usecase/19/images/fig_11.jpg,b,contour heatmap,2
/Users/lingzhou/Resource/DataResource/ALD-E-ImageMiner-main/icdar2026-competition-data/train/atomic-layer-etching/simulation-usecase/19/images/fig_6.jpg,a,conceptual diagram,2
/Users/lingzhou/Resource/DataResource/ALD-E-ImageMiner-main/icdar2026-competition-data/train/atomic-layer-etching/simulation-usecase/19/images/fig_6.jpg,b,spectra chart,2
/Users/lingzhou/Resource/DataResource/ALD-E-ImageMiner-main/icdar2026-competition-data/train/atomic-layer-etching/simulation-usecase/19/images/fig_9.jpg,a,device structure diagram,3
/Users/lingzhou/Resource/DataResource/ALD-E-ImageMiner-main/icdar2026-competition-data/train/atomic-layer-etching/simulation-usecase/19/images/fig_9.jpg,b,contour heatmap,3
/Users/lingzhou/Resource/DataResource/ALD-E-ImageMiner-main/icdar2026-competition-data/train/atomic-layer-etching/simulation-usecase/19/images/fig_9.jpg,c,contour heatmap,3
/Users/lingzhou/Resource/DataResource/ALD-E-ImageMiner-main/icdar2026-competition-data/train/atomic-layer-etching/simulation-usecase/19/images/fig_12.jpg,a,conceptual diagram,1
/Users/lingzhou/Resource/DataResource/ALD-E-ImageMiner-main/icdar2026-competition-data/train/atomic-layer-etching/simulation-usecase/19/images/fig_5.jpg,a,conceptual diagram,1
/Users/lingzhou/Resource/DataResource/ALD-E-ImageMiner-main/icdar2026-competition-data/train/atomic-layer-etching/simulation-usecase/19/images/fig_4.jpg,a,conceptual diagram,1
/Users/lingzhou/Resource/DataResource/ALD-E-ImageMiner-main/icdar2026-competition-data/train/atomic-layer-etching/simulation-usecase/19/images/fig_13.jpg,a,conceptual diagram,1
/Users/lingzhou/Resource/DataResource/ALD-E-ImageMiner-main/icdar2026-competition-data/train/atomic-layer-etching/simulation-usecase/19/images/fig_8.jpg,a,conceptual diagram,1
/Users/lingzhou/Resource/DataResource/ALD-E-ImageMiner-main/icdar2026-competition-data/train/atomic-layer-etching/simulation-usecase/19/images/fig_14.jpg,a,conceptual diagram,2
/Users/lingzhou/Resource/DataResource/ALD-E-ImageMiner-main/icdar2026-competition-data/train/atomic-layer-etching/simulation-usecase/19/images/fig_14.jpg,b,scatter plot,2
/Users/lingzhou/Resource/DataResource/ALD-E-ImageMiner-main/icdar2026-competition-data/train/atomic-layer-etching/simulation-usecase/19/images/fig_3.jpg,a,multiple line chart,3
/Users/lingzhou/Resource/DataResource/ALD-E-ImageMiner-main/icdar2026-competition-data/train/atomic-layer-etching/simulation-usecase/19/images/fig_3.jpg,b,contour heatmap,3
/Users/lingzhou/Resource/DataResource/ALD-E-ImageMiner-main/icdar2026-competition-data/train/atomic-layer-etching/simulation-usecase/19/images/fig_3.jpg,c,contour heatmap,3
/Users/lingzhou/Resource/DataResource/ALD-E-ImageMiner-main/icdar2026-competition-data/train/atomic-layer-etching/simulation-usecase/19/images/fig_18.jpg,a,conceptual diagram,1
/Users/lingzhou/Resource/DataResource/ALD-E-ImageMiner-main/icdar2026-competition-data/train/atomic-layer-etching/simulation-usecase/19/images/fig_19.jpg,a,conceptual diagram,1
/Users/lingzhou/Resource/DataResource/ALD-E-ImageMiner-main/icdar2026-competition-data/train/atomic-layer-etching/simulation-usecase/19/images/fig_2.jpg,a,contour heatmap,2
/Users/lingzhou/Resource/DataResource/ALD-E-ImageMiner-main/icdar2026-competition-data/train/atomic-layer-etching/simulation-usecase/19/images/fig_2.jpg,b,contour heatmap,2
/Users/lingzhou/Resource/DataResource/ALD-E-ImageMiner-main/icdar2026-competition-data/train/atomic-layer-etching/simulation-usecase/19/images/fig_15.jpg,a,conceptual diagram,1
/Users/lingzhou/Resource/DataResource/ALD-E-ImageMiner-main/icdar2026-competition-data/train/atomic-layer-etching/simulation-usecase/26/images/fig1.jpg,a,conceptual diagram,1
/Users/lingzhou/Resource/DataResource/ALD-E-ImageMiner-main/icdar2026-competition-data/train/atomic-layer-etching/simulation-usecase/26/images/fig_7.jpg,a,multiple line chart,1
/Users/lingzhou/Resource/DataResource/ALD-E-ImageMiner-main/icdar2026-competition-data/train/atomic-layer-etching/simulation-usecase/26/images/fig_6.jpg,a,molecular structure diagram,2
/Users/lingzhou/Resource/DataResource/ALD-E-ImageMiner-main/icdar2026-competition-data/train/atomic-layer-etching/simulation-usecase/26/images/fig_6.jpg,b,multi spectra chart,2
/Users/lingzhou/Resource/DataResource/ALD-E-ImageMiner-main/icdar2026-competition-data/train/atomic-layer-etching/simulation-usecase/26/images/fig_9.jpg,a,multiple line chart,4
/Users/lingzhou/Resource/DataResource/ALD-E-ImageMiner-main/icdar2026-competition-data/train/atomic-layer-etching/simulation-usecase/26/images/fig_9.jpg,b,multiple line chart,4
/Users/lingzhou/Resource/DataResource/ALD-E-ImageMiner-main/icdar2026-competition-data/train/atomic-layer-etching/simulation-usecase/26/images/fig_9.jpg,c,multiple line chart,4
/Users/lingzhou/Resource/DataResource/ALD-E-ImageMiner-main/icdar2026-competition-data/train/atomic-layer-etching/simulation-usecase/26/images/fig_9.jpg,d,multiple line chart,4
/Users/lingzhou/Resource/DataResource/ALD-E-ImageMiner-main/icdar2026-competition-data/train/atomic-layer-etching/simulation-usecase/26/images/fig_5.jpg,a,multiple line chart,1
/Users/lingzhou/Resource/DataResource/ALD-E-ImageMiner-main/icdar2026-competition-data/train/atomic-layer-etching/simulation-usecase/26/images/fig_4.jpg,a,multi-axis chart,4
/Users/lingzhou/Resource/DataResource/ALD-E-ImageMiner-main/icdar2026-competition-data/train/atomic-layer-etching/simulation-usecase/26/images/fig_4.jpg,b,multi-axis chart,4
/Users/lingzhou/Resource/DataResource/ALD-E-ImageMiner-main/icdar2026-competition-data/train/atomic-layer-etching/simulation-usecase/26/images/fig_4.jpg,c,multi-axis chart,4
/Users/lingzhou/Resource/DataResource/ALD-E-ImageMiner-main/icdar2026-competition-data/train/atomic-layer-etching/simulation-usecase/26/images/fig_4.jpg,d,multi-axis chart,4
/Users/lingzhou/Resource/DataResource/ALD-E-ImageMiner-main/icdar2026-competition-data/train/atomic-layer-etching/simulation-usecase/26/images/fig_8.jpg,a,grouped bar chart,2
/Users/lingzhou/Resource/DataResource/ALD-E-ImageMiner-main/icdar2026-competition-data/train/atomic-layer-etching/simulation-usecase/26/images/fig_8.jpg,b,grouped bar chart,2
/Users/lingzhou/Resource/DataResource/ALD-E-ImageMiner-main/icdar2026-competition-data/train/atomic-layer-etching/simulation-usecase/26/images/fig_3.jpg,a,multi spectra chart,4
/Users/lingzhou/Resource/DataResource/ALD-E-ImageMiner-main/icdar2026-competition-data/train/atomic-layer-etching/simulation-usecase/26/images/fig_3.jpg,b,multi spectra chart,4
/Users/lingzhou/Resource/DataResource/ALD-E-ImageMiner-main/icdar2026-competition-data/train/atomic-layer-etching/simulation-usecase/26/images/fig_3.jpg,c,multi spectra chart,4
/Users/lingzhou/Resource/DataResource/ALD-E-ImageMiner-main/icdar2026-competition-data/train/atomic-layer-etching/simulation-usecase/26/images/fig_3.jpg,d,multi spectra chart,4
/Users/lingzhou/Resource/DataResource/ALD-E-ImageMiner-main/icdar2026-competition-data/train/atomic-layer-etching/simulation-usecase/26/images/fig_2.jpg,a,molecular structure diagram,4
/Users/lingzhou/Resource/DataResource/ALD-E-ImageMiner-main/icdar2026-competition-data/train/atomic-layer-etching/simulation-usecase/26/images/fig_2.jpg,b,multi spectra chart,4
/Users/lingzhou/Resource/DataResource/ALD-E-ImageMiner-main/icdar2026-competition-data/train/atomic-layer-etching/simulation-usecase/26/images/fig_2.jpg,c,molecular structure diagram,4
/Users/lingzhou/Resource/DataResource/ALD-E-ImageMiner-main/icdar2026-competition-data/train/atomic-layer-etching/simulation-usecase/26/images/fig_2.jpg,d,multi spectra chart,4
/Users/lingzhou/Resource/DataResource/ALD-E-ImageMiner-main/icdar2026-competition-data/train/atomic-layer-etching/simulation-usecase/8/images/fig_1.jpg,a,device structure diagram,2
/Users/lingzhou/Resource/DataResource/ALD-E-ImageMiner-main/icdar2026-competition-data/train/atomic-layer-etching/simulation-usecase/8/images/fig_1.jpg,b,device structure diagram,2
/Users/lingzhou/Resource/DataResource/ALD-E-ImageMiner-main/icdar2026-competition-data/train/atomic-layer-etching/simulation-usecase/8/images/fig_7.jpg,a,multiple scatter plot,1
/Users/lingzhou/Resource/DataResource/ALD-E-ImageMiner-main/icdar2026-competition-data/train/atomic-layer-etching/simulation-usecase/8/images/fig_10.jpg,a,multiple scatter plot,1
/Users/lingzhou/Resource/DataResource/ALD-E-ImageMiner-main/icdar2026-competition-data/train/atomic-layer-etching/simulation-usecase/8/images/fig_11.jpg,a,multi-axis chart,2
/Users/lingzhou/Resource/DataResource/ALD-E-ImageMiner-main/icdar2026-competition-data/train/atomic-layer-etching/simulation-usecase/8/images/fig_11.jpg,b,spectra chart,2
/Users/lingzhou/Resource/DataResource/ALD-E-ImageMiner-main/icdar2026-competition-data/train/atomic-layer-etching/simulation-usecase/8/images/fig_6.jpg,a,scatter plot,1
/Users/lingzhou/Resource/DataResource/ALD-E-ImageMiner-main/icdar2026-competition-data/train/atomic-layer-etching/simulation-usecase/8/images/fig_9.jpg,a,scatter plot,1
/Users/lingzhou/Resource/DataResource/ALD-E-ImageMiner-main/icdar2026-competition-data/train/atomic-layer-etching/simulation-usecase/8/images/fig_5.jpg,a,multiple scatter plot,2
/Users/lingzhou/Resource/DataResource/ALD-E-ImageMiner-main/icdar2026-competition-data/train/atomic-layer-etching/simulation-usecase/8/images/fig_5.jpg,b,multiple scatter plot,2
/Users/lingzhou/Resource/DataResource/ALD-E-ImageMiner-main/icdar2026-competition-data/train/atomic-layer-etching/simulation-usecase/8/images/fig_4.jpg,a,multiple line chart,1
/Users/lingzhou/Resource/DataResource/ALD-E-ImageMiner-main/icdar2026-competition-data/train/atomic-layer-etching/simulation-usecase/8/images/fig_8.jpg,a,heatmap,2
/Users/lingzhou/Resource/DataResource/ALD-E-ImageMiner-main/icdar2026-competition-data/train/atomic-layer-etching/simulation-usecase/8/images/fig_8.jpg,b,heatmap,2
/Users/lingzhou/Resource/DataResource/ALD-E-ImageMiner-main/icdar2026-competition-data/train/atomic-layer-etching/simulation-usecase/8/images/fig_3.jpg,a,multiple scatter plot,2
/Users/lingzhou/Resource/DataResource/ALD-E-ImageMiner-main/icdar2026-competition-data/train/atomic-layer-etching/simulation-usecase/8/images/fig_3.jpg,b,multi spectra chart,2
/Users/lingzhou/Resource/DataResource/ALD-E-ImageMiner-main/icdar2026-competition-data/train/atomic-layer-etching/simulation-usecase/8/images/fig_2.jpg,a,process timing diagram,1
/Users/lingzhou/Resource/DataResource/ALD-E-ImageMiner-main/icdar2026-competition-data/train/atomic-layer-etching/simulation-usecase/31/images/figure_3.jpg,a,multiple line chart,1
/Users/lingzhou/Resource/DataResource/ALD-E-ImageMiner-main/icdar2026-competition-data/train/atomic-layer-etching/simulation-usecase/31/images/561341d49608f303777cbb6ee1889993fb0d47ba4e0aabe261be08f38c08bbe3.jpg,a,reaction scheme,1
/Users/lingzhou/Resource/DataResource/ALD-E-ImageMiner-main/icdar2026-competition-data/train/atomic-layer-etching/simulation-usecase/31/images/figure_2.jpg,a,molecular structure diagram,9
/Users/lingzhou/Resource/DataResource/ALD-E-ImageMiner-main/icdar2026-competition-data/train/atomic-layer-etching/simulation-usecase/31/images/figure_2.jpg,b,molecular structure diagram,9
/Users/lingzhou/Resource/DataResource/ALD-E-ImageMiner-main/icdar2026-competition-data/train/atomic-layer-etching/simulation-usecase/31/images/figure_2.jpg,c,molecular structure diagram,9
/Users/lingzhou/Resource/DataResource/ALD-E-ImageMiner-main/icdar2026-competition-data/train/atomic-layer-etching/simulation-usecase/31/images/figure_2.jpg,d,molecular structure diagram,9
/Users/lingzhou/Resource/DataResource/ALD-E-ImageMiner-main/icdar2026-competition-data/train/atomic-layer-etching/simulation-usecase/31/images/figure_2.jpg,e,molecular structure diagram,9
/Users/lingzhou/Resource/DataResource/ALD-E-ImageMiner-main/icdar2026-competition-data/train/atomic-layer-etching/simulation-usecase/31/images/figure_2.jpg,f,molecular structure diagram,9
/Users/lingzhou/Resource/DataResource/ALD-E-ImageMiner-main/icdar2026-competition-data/train/atomic-layer-etching/simulation-usecase/31/images/figure_2.jpg,g,molecular structure diagram,9
/Users/lingzhou/Resource/DataResource/ALD-E-ImageMiner-main/icdar2026-competition-data/train/atomic-layer-etching/simulation-usecase/31/images/figure_2.jpg,h,molecular structure diagram,9
/Users/lingzhou/Resource/DataResource/ALD-E-ImageMiner-main/icdar2026-competition-data/train/atomic-layer-etching/simulation-usecase/31/images/figure_2.jpg,i,molecular structure diagram,9
/Users/lingzhou/Resource/DataResource/ALD-E-ImageMiner-main/icdar2026-competition-data/train/atomic-layer-etching/simulation-usecase/31/images/figure_5.jpg,a,multi-axis chart,4
/Users/lingzhou/Resource/DataResource/ALD-E-ImageMiner-main/icdar2026-competition-data/train/atomic-layer-etching/simulation-usecase/31/images/figure_5.jpg,b,multi-axis chart,4
/Users/lingzhou/Resource/DataResource/ALD-E-ImageMiner-main/icdar2026-competition-data/train/atomic-layer-etching/simulation-usecase/31/images/figure_5.jpg,c,multi-axis chart,4
/Users/lingzhou/Resource/DataResource/ALD-E-ImageMiner-main/icdar2026-competition-data/train/atomic-layer-etching/simulation-usecase/31/images/figure_5.jpg,d,multi-axis chart,4
/Users/lingzhou/Resource/DataResource/ALD-E-ImageMiner-main/icdar2026-competition-data/train/atomic-layer-etching/simulation-usecase/31/images/figure_4.jpg,a,multiple line chart,4
/Users/lingzhou/Resource/DataResource/ALD-E-ImageMiner-main/icdar2026-competition-data/train/atomic-layer-etching/simulation-usecase/31/images/figure_4.jpg,b,multiple line chart,4
/Users/lingzhou/Resource/DataResource/ALD-E-ImageMiner-main/icdar2026-competition-data/train/atomic-layer-etching/simulation-usecase/31/images/figure_4.jpg,c,multiple line chart,4
/Users/lingzhou/Resource/DataResource/ALD-E-ImageMiner-main/icdar2026-competition-data/train/atomic-layer-etching/simulation-usecase/31/images/figure_4.jpg,d,multiple line chart,4
/Users/lingzhou/Resource/DataResource/ALD-E-ImageMiner-main/icdar2026-competition-data/train/atomic-layer-etching/simulation-usecase/31/images/figure_6.jpg,a,multi-axis chart,2
/Users/lingzhou/Resource/DataResource/ALD-E-ImageMiner-main/icdar2026-competition-data/train/atomic-layer-etching/simulation-usecase/31/images/figure_6.jpg,b,multi-axis chart,2
/Users/lingzhou/Resource/DataResource/ALD-E-ImageMiner-main/icdar2026-competition-data/train/atomic-layer-etching/simulation-usecase/31/images/figure_1.jpg,a,reaction scheme,6
/Users/lingzhou/Resource/DataResource/ALD-E-ImageMiner-main/icdar2026-competition-data/train/atomic-layer-etching/simulation-usecase/31/images/figure_1.jpg,b,reaction scheme,6
/Users/lingzhou/Resource/DataResource/ALD-E-ImageMiner-main/icdar2026-competition-data/train/atomic-layer-etching/simulation-usecase/31/images/figure_1.jpg,c,reaction scheme,6
/Users/lingzhou/Resource/DataResource/ALD-E-ImageMiner-main/icdar2026-competition-data/train/atomic-layer-etching/simulation-usecase/31/images/figure_1.jpg,d,reaction scheme,6
/Users/lingzhou/Resource/DataResource/ALD-E-ImageMiner-main/icdar2026-competition-data/train/atomic-layer-etching/simulation-usecase/31/images/figure_1.jpg,e,reaction scheme,6
/Users/lingzhou/Resource/DataResource/ALD-E-ImageMiner-main/icdar2026-competition-data/train/atomic-layer-etching/simulation-usecase/31/images/figure_1.jpg,f,reaction scheme,6
/Users/lingzhou/Resource/DataResource/ALD-E-ImageMiner-main/icdar2026-competition-data/train/atomic-layer-etching/simulation-usecase/24/images/fig_1.jpg,a,process flow diagram,2
/Users/lingzhou/Resource/DataResource/ALD-E-ImageMiner-main/icdar2026-competition-data/train/atomic-layer-etching/simulation-usecase/24/images/fig_1.jpg,b,process flow diagram,2
/Users/lingzhou/Resource/DataResource/ALD-E-ImageMiner-main/icdar2026-competition-data/train/atomic-layer-etching/simulation-usecase/24/images/fig_7.jpg,a,conceptual diagram,2
/Users/lingzhou/Resource/DataResource/ALD-E-ImageMiner-main/icdar2026-competition-data/train/atomic-layer-etching/simulation-usecase/24/images/fig_7.jpg,b,conceptual diagram,2
/Users/lingzhou/Resource/DataResource/ALD-E-ImageMiner-main/icdar2026-competition-data/train/atomic-layer-etching/simulation-usecase/24/images/fig_6.jpg,a,reaction scheme,1
/Users/lingzhou/Resource/DataResource/ALD-E-ImageMiner-main/icdar2026-competition-data/train/atomic-layer-etching/simulation-usecase/24/images/fig_9.jpg,a,reaction scheme,2
/Users/lingzhou/Resource/DataResource/ALD-E-ImageMiner-main/icdar2026-competition-data/train/atomic-layer-etching/simulation-usecase/24/images/fig_9.jpg,b,reaction scheme,2
/Users/lingzhou/Resource/DataResource/ALD-E-ImageMiner-main/icdar2026-competition-data/train/atomic-layer-etching/simulation-usecase/24/images/fig_5.jpg,a,multiple scatter plot,2
/Users/lingzhou/Resource/DataResource/ALD-E-ImageMiner-main/icdar2026-competition-data/train/atomic-layer-etching/simulation-usecase/24/images/fig_5.jpg,b,multiple scatter plot,2
/Users/lingzhou/Resource/DataResource/ALD-E-ImageMiner-main/icdar2026-competition-data/train/atomic-layer-etching/simulation-usecase/24/images/fig_4.jpg,a,line chart,4
/Users/lingzhou/Resource/DataResource/ALD-E-ImageMiner-main/icdar2026-competition-data/train/atomic-layer-etching/simulation-usecase/24/images/fig_4.jpg,b,multiple line chart,4
/Users/lingzhou/Resource/DataResource/ALD-E-ImageMiner-main/icdar2026-competition-data/train/atomic-layer-etching/simulation-usecase/24/images/fig_4.jpg,c,line chart,4
/Users/lingzhou/Resource/DataResource/ALD-E-ImageMiner-main/icdar2026-competition-data/train/atomic-layer-etching/simulation-usecase/24/images/fig_4.jpg,d,line chart,4
/Users/lingzhou/Resource/DataResource/ALD-E-ImageMiner-main/icdar2026-competition-data/train/atomic-layer-etching/simulation-usecase/24/images/fig_8.jpg,a,reaction scheme,3
/Users/lingzhou/Resource/DataResource/ALD-E-ImageMiner-main/icdar2026-competition-data/train/atomic-layer-etching/simulation-usecase/24/images/fig_8.jpg,b,reaction scheme,3
/Users/lingzhou/Resource/DataResource/ALD-E-ImageMiner-main/icdar2026-competition-data/train/atomic-layer-etching/simulation-usecase/24/images/fig_8.jpg,c,reaction scheme,3
/Users/lingzhou/Resource/DataResource/ALD-E-ImageMiner-main/icdar2026-competition-data/train/atomic-layer-etching/simulation-usecase/24/images/fig_3.jpg,a,reaction scheme,2
/Users/lingzhou/Resource/DataResource/ALD-E-ImageMiner-main/icdar2026-competition-data/train/atomic-layer-etching/simulation-usecase/24/images/fig_3.jpg,b,reaction scheme,2
/Users/lingzhou/Resource/DataResource/ALD-E-ImageMiner-main/icdar2026-competition-data/train/atomic-layer-etching/simulation-usecase/24/images/fig_2.jpg,a,reaction scheme,2
/Users/lingzhou/Resource/DataResource/ALD-E-ImageMiner-main/icdar2026-competition-data/train/atomic-layer-etching/simulation-usecase/24/images/fig_2.jpg,b,molecular structure diagram,2
/Users/lingzhou/Resource/DataResource/ALD-E-ImageMiner-main/icdar2026-competition-data/train/atomic-layer-etching/simulation-usecase/24/images/fig10.jpg,a,multiple scatter plot,1
/Users/lingzhou/Resource/DataResource/ALD-E-ImageMiner-main/icdar2026-competition-data/train/atomic-layer-etching/simulation-usecase/23/images/fig_1.jpg,a,phase diagram,1
/Users/lingzhou/Resource/DataResource/ALD-E-ImageMiner-main/icdar2026-competition-data/train/atomic-layer-etching/simulation-usecase/23/images/fig_7.jpg,a,process flow diagram,1
/Users/lingzhou/Resource/DataResource/ALD-E-ImageMiner-main/icdar2026-competition-data/train/atomic-layer-etching/simulation-usecase/23/images/fig_6.jpg,a,conceptual diagram,1
/Users/lingzhou/Resource/DataResource/ALD-E-ImageMiner-main/icdar2026-competition-data/train/atomic-layer-etching/simulation-usecase/23/images/fig_5.jpg,a,process flow diagram,1
/Users/lingzhou/Resource/DataResource/ALD-E-ImageMiner-main/icdar2026-competition-data/train/atomic-layer-etching/simulation-usecase/23/images/fig_4.jpg,a,reaction scheme,2
/Users/lingzhou/Resource/DataResource/ALD-E-ImageMiner-main/icdar2026-competition-data/train/atomic-layer-etching/simulation-usecase/23/images/fig_4.jpg,b,reaction scheme,2
/Users/lingzhou/Resource/DataResource/ALD-E-ImageMiner-main/icdar2026-competition-data/train/atomic-layer-etching/simulation-usecase/23/images/fig_8.jpg,a,image panel,2
/Users/lingzhou/Resource/DataResource/ALD-E-ImageMiner-main/icdar2026-competition-data/train/atomic-layer-etching/simulation-usecase/23/images/fig_8.jpg,b,image panel,2
/Users/lingzhou/Resource/DataResource/ALD-E-ImageMiner-main/icdar2026-competition-data/train/atomic-layer-etching/simulation-usecase/23/images/fig_3.jpg,a,phase diagram,2
/Users/lingzhou/Resource/DataResource/ALD-E-ImageMiner-main/icdar2026-competition-data/train/atomic-layer-etching/simulation-usecase/23/images/fig_3.jpg,b,phase diagram,2
/Users/lingzhou/Resource/DataResource/ALD-E-ImageMiner-main/icdar2026-competition-data/train/atomic-layer-etching/simulation-usecase/4/images/figure_3.jpg,a,multiple line chart,1
/Users/lingzhou/Resource/DataResource/ALD-E-ImageMiner-main/icdar2026-competition-data/train/atomic-layer-etching/simulation-usecase/4/images/figure_2.jpg,a,multiple line chart,1
/Users/lingzhou/Resource/DataResource/ALD-E-ImageMiner-main/icdar2026-competition-data/train/atomic-layer-etching/simulation-usecase/4/images/figure_5.jpg,a,spectra chart,1
/Users/lingzhou/Resource/DataResource/ALD-E-ImageMiner-main/icdar2026-competition-data/train/atomic-layer-etching/simulation-usecase/4/images/figure_8.jpg,a,image panel,3
/Users/lingzhou/Resource/DataResource/ALD-E-ImageMiner-main/icdar2026-competition-data/train/atomic-layer-etching/simulation-usecase/4/images/figure_8.jpg,b,image panel,3
/Users/lingzhou/Resource/DataResource/ALD-E-ImageMiner-main/icdar2026-competition-data/train/atomic-layer-etching/simulation-usecase/4/images/figure_8.jpg,c,image panel,3
/Users/lingzhou/Resource/DataResource/ALD-E-ImageMiner-main/icdar2026-competition-data/train/atomic-layer-etching/simulation-usecase/4/images/figure_4.jpg,a,multiple line chart,1
/Users/lingzhou/Resource/DataResource/ALD-E-ImageMiner-main/icdar2026-competition-data/train/atomic-layer-etching/simulation-usecase/4/images/figure_7.jpg,a,multiple line chart,1
/Users/lingzhou/Resource/DataResource/ALD-E-ImageMiner-main/icdar2026-competition-data/train/atomic-layer-etching/simulation-usecase/4/images/figure_6.jpg,a,image panel,2
/Users/lingzhou/Resource/DataResource/ALD-E-ImageMiner-main/icdar2026-competition-data/train/atomic-layer-etching/simulation-usecase/4/images/figure_6.jpg,b,image panel,2
/Users/lingzhou/Resource/DataResource/ALD-E-ImageMiner-main/icdar2026-competition-data/train/atomic-layer-etching/simulation-usecase/4/images/figure_1.jpg,a,line chart,1
/Users/lingzhou/Resource/DataResource/ALD-E-ImageMiner-main/icdar2026-competition-data/train/atomic-layer-etching/simulation-usecase/15/images/fig_1.jpg,a,multiple scatter plot,1
/Users/lingzhou/Resource/DataResource/ALD-E-ImageMiner-main/icdar2026-competition-data/train/atomic-layer-etching/simulation-usecase/15/images/fig_7.jpg,a,scatter plot,1
/Users/lingzhou/Resource/DataResource/ALD-E-ImageMiner-main/icdar2026-competition-data/train/atomic-layer-etching/simulation-usecase/15/images/fig_10.jpg,a,bar chart,2
/Users/lingzhou/Resource/DataResource/ALD-E-ImageMiner-main/icdar2026-competition-data/train/atomic-layer-etching/simulation-usecase/15/images/fig_10.jpg,b,bar chart,2
/Users/lingzhou/Resource/DataResource/ALD-E-ImageMiner-main/icdar2026-competition-data/train/atomic-layer-etching/simulation-usecase/15/images/fig_6.jpg,a,multiple scatter plot,1
/Users/lingzhou/Resource/DataResource/ALD-E-ImageMiner-main/icdar2026-competition-data/train/atomic-layer-etching/simulation-usecase/15/images/fig_9.jpg,a,multiple line chart,2
/Users/lingzhou/Resource/DataResource/ALD-E-ImageMiner-main/icdar2026-competition-data/train/atomic-layer-etching/simulation-usecase/15/images/fig_9.jpg,b,multiple line chart,2
/Users/lingzhou/Resource/DataResource/ALD-E-ImageMiner-main/icdar2026-competition-data/train/atomic-layer-etching/simulation-usecase/15/images/fig4.jpg,a,multiple line chart,6
/Users/lingzhou/Resource/DataResource/ALD-E-ImageMiner-main/icdar2026-competition-data/train/atomic-layer-etching/simulation-usecase/15/images/fig4.jpg,b,multiple line chart,6
/Users/lingzhou/Resource/DataResource/ALD-E-ImageMiner-main/icdar2026-competition-data/train/atomic-layer-etching/simulation-usecase/15/images/fig4.jpg,c,multiple line chart,6
/Users/lingzhou/Resource/DataResource/ALD-E-ImageMiner-main/icdar2026-competition-data/train/atomic-layer-etching/simulation-usecase/15/images/fig4.jpg,d,multiple line chart,6
/Users/lingzhou/Resource/DataResource/ALD-E-ImageMiner-main/icdar2026-competition-data/train/atomic-layer-etching/simulation-usecase/15/images/fig4.jpg,e,multiple line chart,6
/Users/lingzhou/Resource/DataResource/ALD-E-ImageMiner-main/icdar2026-competition-data/train/atomic-layer-etching/simulation-usecase/15/images/fig4.jpg,f,multiple line chart,6
/Users/lingzhou/Resource/DataResource/ALD-E-ImageMiner-main/icdar2026-competition-data/train/atomic-layer-etching/simulation-usecase/15/images/fig_5.jpg,a,multiple scatter plot,1
/Users/lingzhou/Resource/DataResource/ALD-E-ImageMiner-main/icdar2026-competition-data/train/atomic-layer-etching/simulation-usecase/15/images/fig_8.jpg,a,bar chart,1
/Users/lingzhou/Resource/DataResource/ALD-E-ImageMiner-main/icdar2026-competition-data/train/atomic-layer-etching/simulation-usecase/15/images/fig_2.jpg,a,multiple scatter plot,1
/Users/lingzhou/Resource/DataResource/ALD-E-ImageMiner-main/icdar2026-competition-data/train/atomic-layer-etching/simulation-usecase/15/images/fig3.jpg,a,unknown,6
/Users/lingzhou/Resource/DataResource/ALD-E-ImageMiner-main/icdar2026-competition-data/train/atomic-layer-etching/simulation-usecase/15/images/fig3.jpg,b,unknown,6
/Users/lingzhou/Resource/DataResource/ALD-E-ImageMiner-main/icdar2026-competition-data/train/atomic-layer-etching/simulation-usecase/15/images/fig3.jpg,c,unknown,6
/Users/lingzhou/Resource/DataResource/ALD-E-ImageMiner-main/icdar2026-competition-data/train/atomic-layer-etching/simulation-usecase/15/images/fig3.jpg,d,unknown,6
/Users/lingzhou/Resource/DataResource/ALD-E-ImageMiner-main/icdar2026-competition-data/train/atomic-layer-etching/simulation-usecase/15/images/fig3.jpg,e,unknown,6
/Users/lingzhou/Resource/DataResource/ALD-E-ImageMiner-main/icdar2026-competition-data/train/atomic-layer-etching/simulation-usecase/15/images/fig3.jpg,f,unknown,6
/Users/lingzhou/Resource/DataResource/ALD-E-ImageMiner-main/icdar2026-competition-data/train/atomic-layer-etching/simulation-usecase/3/images/fig_1.jpg,a,process flow diagram,2
/Users/lingzhou/Resource/DataResource/ALD-E-ImageMiner-main/icdar2026-competition-data/train/atomic-layer-etching/simulation-usecase/3/images/fig_1.jpg,b,conceptual diagram,2
/Users/lingzhou/Resource/DataResource/ALD-E-ImageMiner-main/icdar2026-competition-data/train/atomic-layer-etching/simulation-usecase/3/images/fig_7.jpg,a,stacked bar chart,1
/Users/lingzhou/Resource/DataResource/ALD-E-ImageMiner-main/icdar2026-competition-data/train/atomic-layer-etching/simulation-usecase/3/images/fig_10.jpg,a,contour heatmap,1
/Users/lingzhou/Resource/DataResource/ALD-E-ImageMiner-main/icdar2026-competition-data/train/atomic-layer-etching/simulation-usecase/3/images/fig_11.jpg,a,multi spectra chart,2
/Users/lingzhou/Resource/DataResource/ALD-E-ImageMiner-main/icdar2026-competition-data/train/atomic-layer-etching/simulation-usecase/3/images/fig_11.jpg,b,multi spectra chart,2
/Users/lingzhou/Resource/DataResource/ALD-E-ImageMiner-main/icdar2026-competition-data/train/atomic-layer-etching/simulation-usecase/3/images/fig_6.jpg,a,3d scatter plot,3
/Users/lingzhou/Resource/DataResource/ALD-E-ImageMiner-main/icdar2026-competition-data/train/atomic-layer-etching/simulation-usecase/3/images/fig_6.jpg,b,3d scatter plot,3
/Users/lingzhou/Resource/DataResource/ALD-E-ImageMiner-main/icdar2026-competition-data/train/atomic-layer-etching/simulation-usecase/3/images/fig_6.jpg,c,3d scatter plot,3
/Users/lingzhou/Resource/DataResource/ALD-E-ImageMiner-main/icdar2026-competition-data/train/atomic-layer-etching/simulation-usecase/3/images/fig_9.jpg,a,stacked bar chart,1
/Users/lingzhou/Resource/DataResource/ALD-E-ImageMiner-main/icdar2026-competition-data/train/atomic-layer-etching/simulation-usecase/3/images/fig_12.jpg,a,area chart,1
/Users/lingzhou/Resource/DataResource/ALD-E-ImageMiner-main/icdar2026-competition-data/train/atomic-layer-etching/simulation-usecase/3/images/fig_5.jpg,a,multi spectra chart,2
/Users/lingzhou/Resource/DataResource/ALD-E-ImageMiner-main/icdar2026-competition-data/train/atomic-layer-etching/simulation-usecase/3/images/fig_5.jpg,b,multi spectra chart,2
/Users/lingzhou/Resource/DataResource/ALD-E-ImageMiner-main/icdar2026-competition-data/train/atomic-layer-etching/simulation-usecase/3/images/fig_4.jpg,a,stacked bar chart,1
/Users/lingzhou/Resource/DataResource/ALD-E-ImageMiner-main/icdar2026-competition-data/train/atomic-layer-etching/simulation-usecase/3/images/fig_13.jpg,a,multiple line chart,2
/Users/lingzhou/Resource/DataResource/ALD-E-ImageMiner-main/icdar2026-competition-data/train/atomic-layer-etching/simulation-usecase/3/images/fig_13.jpg,b,contour heatmap,2
/Users/lingzhou/Resource/DataResource/ALD-E-ImageMiner-main/icdar2026-competition-data/train/atomic-layer-etching/simulation-usecase/3/images/fig_8.jpg,a,3d scatter plot,1
/Users/lingzhou/Resource/DataResource/ALD-E-ImageMiner-main/icdar2026-competition-data/train/atomic-layer-etching/simulation-usecase/3/images/fig_14.jpg,a,device structure diagram,1
/Users/lingzhou/Resource/DataResource/ALD-E-ImageMiner-main/icdar2026-competition-data/train/atomic-layer-etching/simulation-usecase/3/images/fig_3.jpg,a,multi-axis chart,1
/Users/lingzhou/Resource/DataResource/ALD-E-ImageMiner-main/icdar2026-competition-data/train/atomic-layer-etching/simulation-usecase/3/images/fig_2.jpg,a,multi-axis chart,2
/Users/lingzhou/Resource/DataResource/ALD-E-ImageMiner-main/icdar2026-competition-data/train/atomic-layer-etching/simulation-usecase/3/images/fig_2.jpg,b,multi-axis chart,2
/Users/lingzhou/Resource/DataResource/ALD-E-ImageMiner-main/icdar2026-competition-data/train/atomic-layer-etching/simulation-usecase/3/images/fig_15.jpg,a,image panel,6
/Users/lingzhou/Resource/DataResource/ALD-E-ImageMiner-main/icdar2026-competition-data/train/atomic-layer-etching/simulation-usecase/3/images/fig_15.jpg,b,image panel,6
/Users/lingzhou/Resource/DataResource/ALD-E-ImageMiner-main/icdar2026-competition-data/train/atomic-layer-etching/simulation-usecase/3/images/fig_15.jpg,c,image panel,6
/Users/lingzhou/Resource/DataResource/ALD-E-ImageMiner-main/icdar2026-competition-data/train/atomic-layer-etching/simulation-usecase/3/images/fig_15.jpg,d,image panel,6
/Users/lingzhou/Resource/DataResource/ALD-E-ImageMiner-main/icdar2026-competition-data/train/atomic-layer-etching/simulation-usecase/3/images/fig_15.jpg,e,image panel,6
/Users/lingzhou/Resource/DataResource/ALD-E-ImageMiner-main/icdar2026-competition-data/train/atomic-layer-etching/simulation-usecase/3/images/fig_15.jpg,f,image panel,6
/Users/lingzhou/Resource/DataResource/ALD-E-ImageMiner-main/icdar2026-competition-data/train/atomic-layer-etching/simulation-usecase/2/images/fig_1.jpg,a,molecular structure diagram,2
/Users/lingzhou/Resource/DataResource/ALD-E-ImageMiner-main/icdar2026-competition-data/train/atomic-layer-etching/simulation-usecase/2/images/fig_1.jpg,b,molecular structure diagram,2
/Users/lingzhou/Resource/DataResource/ALD-E-ImageMiner-main/icdar2026-competition-data/train/atomic-layer-etching/simulation-usecase/2/images/fig_7.jpg,a,molecular structure diagram,2
/Users/lingzhou/Resource/DataResource/ALD-E-ImageMiner-main/icdar2026-competition-data/train/atomic-layer-etching/simulation-usecase/2/images/fig_7.jpg,b,spectra chart,2
/Users/lingzhou/Resource/DataResource/ALD-E-ImageMiner-main/icdar2026-competition-data/train/atomic-layer-etching/simulation-usecase/2/images/fig_6.jpg,a,molecular structure diagram,2
/Users/lingzhou/Resource/DataResource/ALD-E-ImageMiner-main/icdar2026-competition-data/train/atomic-layer-etching/simulation-usecase/2/images/fig_6.jpg,b,spectra chart,2
/Users/lingzhou/Resource/DataResource/ALD-E-ImageMiner-main/icdar2026-competition-data/train/atomic-layer-etching/simulation-usecase/2/images/fig_9.jpg,a,molecular structure diagram,4
/Users/lingzhou/Resource/DataResource/ALD-E-ImageMiner-main/icdar2026-competition-data/train/atomic-layer-etching/simulation-usecase/2/images/fig_9.jpg,b,multiple scatter plot,4
/Users/lingzhou/Resource/DataResource/ALD-E-ImageMiner-main/icdar2026-competition-data/train/atomic-layer-etching/simulation-usecase/2/images/fig_9.jpg,c,molecular structure diagram,4
/Users/lingzhou/Resource/DataResource/ALD-E-ImageMiner-main/icdar2026-competition-data/train/atomic-layer-etching/simulation-usecase/2/images/fig_9.jpg,d,multi spectra chart,4
/Users/lingzhou/Resource/DataResource/ALD-E-ImageMiner-main/icdar2026-competition-data/train/atomic-layer-etching/simulation-usecase/2/images/fig_5.jpg,a,multi spectra chart,6
/Users/lingzhou/Resource/DataResource/ALD-E-ImageMiner-main/icdar2026-competition-data/train/atomic-layer-etching/simulation-usecase/2/images/fig_5.jpg,b,molecular structure diagram,6
/Users/lingzhou/Resource/DataResource/ALD-E-ImageMiner-main/icdar2026-competition-data/train/atomic-layer-etching/simulation-usecase/2/images/fig_5.jpg,c,molecular structure diagram,6
/Users/lingzhou/Resource/DataResource/ALD-E-ImageMiner-main/icdar2026-competition-data/train/atomic-layer-etching/simulation-usecase/2/images/fig_5.jpg,d,molecular structure diagram,6
/Users/lingzhou/Resource/DataResource/ALD-E-ImageMiner-main/icdar2026-competition-data/train/atomic-layer-etching/simulation-usecase/2/images/fig_5.jpg,e,molecular structure diagram,6
/Users/lingzhou/Resource/DataResource/ALD-E-ImageMiner-main/icdar2026-competition-data/train/atomic-layer-etching/simulation-usecase/2/images/fig_5.jpg,f,molecular structure diagram,6
/Users/lingzhou/Resource/DataResource/ALD-E-ImageMiner-main/icdar2026-competition-data/train/atomic-layer-etching/simulation-usecase/2/images/fig_4.jpg,a,molecular structure diagram,3
/Users/lingzhou/Resource/DataResource/ALD-E-ImageMiner-main/icdar2026-competition-data/train/atomic-layer-etching/simulation-usecase/2/images/fig_4.jpg,b,molecular structure diagram,3
/Users/lingzhou/Resource/DataResource/ALD-E-ImageMiner-main/icdar2026-competition-data/train/atomic-layer-etching/simulation-usecase/2/images/fig_4.jpg,c,molecular structure diagram,3
/Users/lingzhou/Resource/DataResource/ALD-E-ImageMiner-main/icdar2026-competition-data/train/atomic-layer-etching/simulation-usecase/2/images/fig_8.jpg,a,multi spectra chart,2
/Users/lingzhou/Resource/DataResource/ALD-E-ImageMiner-main/icdar2026-competition-data/train/atomic-layer-etching/simulation-usecase/2/images/fig_8.jpg,b,molecular structure diagram,2
/Users/lingzhou/Resource/DataResource/ALD-E-ImageMiner-main/icdar2026-competition-data/train/atomic-layer-etching/simulation-usecase/2/images/fig_3.jpg,a,molecular structure diagram,5
/Users/lingzhou/Resource/DataResource/ALD-E-ImageMiner-main/icdar2026-competition-data/train/atomic-layer-etching/simulation-usecase/2/images/fig_3.jpg,b,molecular structure diagram,5
/Users/lingzhou/Resource/DataResource/ALD-E-ImageMiner-main/icdar2026-competition-data/train/atomic-layer-etching/simulation-usecase/2/images/fig_3.jpg,c,molecular structure diagram,5
/Users/lingzhou/Resource/DataResource/ALD-E-ImageMiner-main/icdar2026-competition-data/train/atomic-layer-etching/simulation-usecase/2/images/fig_3.jpg,d,multi spectra chart,5
/Users/lingzhou/Resource/DataResource/ALD-E-ImageMiner-main/icdar2026-competition-data/train/atomic-layer-etching/simulation-usecase/2/images/fig_3.jpg,e,molecular structure diagram,5
/Users/lingzhou/Resource/DataResource/ALD-E-ImageMiner-main/icdar2026-competition-data/train/atomic-layer-etching/simulation-usecase/2/images/fig_2.jpg,a,multi spectra chart,4
/Users/lingzhou/Resource/DataResource/ALD-E-ImageMiner-main/icdar2026-competition-data/train/atomic-layer-etching/simulation-usecase/2/images/fig_2.jpg,b,molecular structure diagram,4
/Users/lingzhou/Resource/DataResource/ALD-E-ImageMiner-main/icdar2026-competition-data/train/atomic-layer-etching/simulation-usecase/2/images/fig_2.jpg,c,multi spectra chart,4
/Users/lingzhou/Resource/DataResource/ALD-E-ImageMiner-main/icdar2026-competition-data/train/atomic-layer-etching/simulation-usecase/2/images/fig_2.jpg,d,spectra chart,4
/Users/lingzhou/Resource/DataResource/ALD-E-ImageMiner-main/icdar2026-competition-data/train/atomic-layer-etching/simulation-usecase/13/images/fig_1.jpg,a,reaction scheme,1
/Users/lingzhou/Resource/DataResource/ALD-E-ImageMiner-main/icdar2026-competition-data/train/atomic-layer-etching/simulation-usecase/13/images/fig_4.jpg,a,multi-axis chart,1
/Users/lingzhou/Resource/DataResource/ALD-E-ImageMiner-main/icdar2026-competition-data/train/atomic-layer-etching/simulation-usecase/13/images/fig_3.jpg,a,multi-axis chart,1
/Users/lingzhou/Resource/DataResource/ALD-E-ImageMiner-main/icdar2026-competition-data/train/atomic-layer-etching/simulation-usecase/13/images/fig_2.jpg,a,molecular structure diagram,1
/Users/lingzhou/Resource/DataResource/ALD-E-ImageMiner-main/icdar2026-competition-data/train/atomic-layer-etching/simulation-usecase/5/images/fig_1.jpg,a,reaction scheme,1
/Users/lingzhou/Resource/DataResource/ALD-E-ImageMiner-main/icdar2026-competition-data/train/atomic-layer-etching/simulation-usecase/5/images/fig_5.jpg,a,multiple line chart,6
/Users/lingzhou/Resource/DataResource/ALD-E-ImageMiner-main/icdar2026-competition-data/train/atomic-layer-etching/simulation-usecase/5/images/fig_5.jpg,b,multiple line chart,6
/Users/lingzhou/Resource/DataResource/ALD-E-ImageMiner-main/icdar2026-competition-data/train/atomic-layer-etching/simulation-usecase/5/images/fig_5.jpg,c,multiple line chart,6
/Users/lingzhou/Resource/DataResource/ALD-E-ImageMiner-main/icdar2026-competition-data/train/atomic-layer-etching/simulation-usecase/5/images/fig_5.jpg,d,multiple line chart,6
/Users/lingzhou/Resource/DataResource/ALD-E-ImageMiner-main/icdar2026-competition-data/train/atomic-layer-etching/simulation-usecase/5/images/fig_5.jpg,e,multiple line chart,6
/Users/lingzhou/Resource/DataResource/ALD-E-ImageMiner-main/icdar2026-competition-data/train/atomic-layer-etching/simulation-usecase/5/images/fig_5.jpg,f,multiple line chart,6
/Users/lingzhou/Resource/DataResource/ALD-E-ImageMiner-main/icdar2026-competition-data/train/atomic-layer-etching/simulation-usecase/5/images/fig_3.jpg,a,molecular structure diagram,1
/Users/lingzhou/Resource/DataResource/ALD-E-ImageMiner-main/icdar2026-competition-data/train/atomic-layer-etching/simulation-usecase/5/images/fig_2.jpg,a,molecular structure diagram,3
/Users/lingzhou/Resource/DataResource/ALD-E-ImageMiner-main/icdar2026-competition-data/train/atomic-layer-etching/simulation-usecase/5/images/fig_2.jpg,b,line chart,3
/Users/lingzhou/Resource/DataResource/ALD-E-ImageMiner-main/icdar2026-competition-data/train/atomic-layer-etching/simulation-usecase/5/images/fig_2.jpg,c,multi spectra chart,3
